[0m10:18:46.866140 [debug] [MainThread]: Sending event: {'category': 'dbt', 'action': 'invocation', 'label': 'start', 'context': [<snowplow_tracker.self_describing_json.SelfDescribingJson object at 0x0000025C33BC2950>, <snowplow_tracker.self_describing_json.SelfDescribingJson object at 0x0000025C33BF4790>, <snowplow_tracker.self_describing_json.SelfDescribingJson object at 0x0000025C3298B010>]}


============================== 10:18:46.870151 | c769d289-c8cd-442b-a09a-64b66931e8f0 ==============================
[0m10:18:46.870151 [info ] [MainThread]: Running with dbt=1.11.9
[0m10:18:46.870151 [debug] [MainThread]: running dbt with arguments {'version_check': 'True', 'no_print': 'None', 'static_parser': 'True', 'warn_error_options': 'WarnErrorOptionsV2(error=[], warn=[], silence=[])', 'target_path': 'None', 'printer_width': '80', 'write_json': 'True', 'introspect': 'True', 'log_cache_events': 'False', 'empty': 'None', 'cache_selected_only': 'False', 'log_format': 'default', 'debug': 'False', 'fail_fast': 'False', 'profiles_dir': 'C:\\Users\\HP VICTUS\\.dbt', 'send_anonymous_usage_stats': 'True', 'quiet': 'False', 'warn_error': 'None', 'partial_parse': 'True', 'invocation_command': 'dbt debug', 'indirect_selection': 'eager', 'use_colors': 'True', 'use_experimental_parser': 'False', 'log_path': 'C:\\Users\\HP VICTUS\\Documents\\Inteligencia de Negocios\\CentroPsicologico-BI\\dbt_centro_psicologico\\logs'}
[0m10:18:46.892810 [info ] [MainThread]: dbt version: 1.11.9
[0m10:18:46.893805 [info ] [MainThread]: python version: 3.11.7
[0m10:18:46.893805 [info ] [MainThread]: python path: C:\Users\HP VICTUS\AppData\Local\Programs\Python\Python311\python.exe
[0m10:18:46.894894 [info ] [MainThread]: os info: Windows-10-10.0.26200-SP0
[0m10:18:46.943812 [info ] [MainThread]: Using profiles dir at C:\Users\HP VICTUS\.dbt
[0m10:18:46.943812 [info ] [MainThread]: Using profiles.yml file at C:\Users\HP VICTUS\.dbt\profiles.yml
[0m10:18:46.944815 [info ] [MainThread]: Using dbt_project.yml file at C:\Users\HP VICTUS\Documents\Inteligencia de Negocios\CentroPsicologico-BI\dbt_centro_psicologico\dbt_project.yml
[0m10:18:46.946338 [info ] [MainThread]: adapter type: postgres
[0m10:18:46.946338 [info ] [MainThread]: adapter version: 1.10.0
[0m10:18:47.017978 [info ] [MainThread]: Configuration:
[0m10:18:47.018976 [info ] [MainThread]:   profiles.yml file [[32mOK found and valid[0m]
[0m10:18:47.018976 [info ] [MainThread]:   dbt_project.yml file [[32mOK found and valid[0m]
[0m10:18:47.018976 [info ] [MainThread]: Required dependencies:
[0m10:18:47.020135 [debug] [MainThread]: Executing "git --help"
[0m10:18:47.062468 [debug] [MainThread]: STDOUT: "b"usage: git [-v | --version] [-h | --help] [-C <path>] [-c <name>=<value>]\n           [--exec-path[=<path>]] [--html-path] [--man-path] [--info-path]\n           [-p | --paginate | -P | --no-pager] [--no-replace-objects] [--no-lazy-fetch]\n           [--no-optional-locks] [--no-advice] [--bare] [--git-dir=<path>]\n           [--work-tree=<path>] [--namespace=<name>] [--config-env=<name>=<envvar>]\n           <command> [<args>]\n\nThese are common Git commands used in various situations:\n\nstart a working area (see also: git help tutorial)\n   clone      Clone a repository into a new directory\n   init       Create an empty Git repository or reinitialize an existing one\n\nwork on the current change (see also: git help everyday)\n   add        Add file contents to the index\n   mv         Move or rename a file, a directory, or a symlink\n   restore    Restore working tree files\n   rm         Remove files from the working tree and from the index\n\nexamine the history and state (see also: git help revisions)\n   bisect     Use binary search to find the commit that introduced a bug\n   diff       Show changes between commits, commit and working tree, etc\n   grep       Print lines matching a pattern\n   log        Show commit logs\n   show       Show various types of objects\n   status     Show the working tree status\n\ngrow, mark and tweak your common history\n   backfill   Download missing objects in a partial clone\n   branch     List, create, or delete branches\n   commit     Record changes to the repository\n   history    EXPERIMENTAL: Rewrite history\n   merge      Join two or more development histories together\n   rebase     Reapply commits on top of another base tip\n   reset      Set `HEAD` or the index to a known state\n   switch     Switch branches\n   tag        Create, list, delete or verify tags\n\ncollaborate (see also: git help workflows)\n   fetch      Download objects and refs from another repository\n   pull       Fetch from and integrate with another repository or a local branch\n   push       Update remote refs along with associated objects\n\n'git help -a' and 'git help -g' list available subcommands and some\nconcept guides. See 'git help <command>' or 'git help <concept>'\nto read about a specific subcommand or concept.\nSee 'git help git' for an overview of the system.\n""
[0m10:18:47.062468 [debug] [MainThread]: STDERR: "b''"
[0m10:18:47.063529 [info ] [MainThread]:  - git [[32mOK found[0m]

[0m10:18:47.063529 [info ] [MainThread]: Connection:
[0m10:18:47.063529 [info ] [MainThread]:   host: localhost
[0m10:18:47.064867 [info ] [MainThread]:   port: 5432
[0m10:18:47.064867 [info ] [MainThread]:   user: postgres
[0m10:18:47.065878 [info ] [MainThread]:   database: dm_centro_psicologico
[0m10:18:47.065878 [info ] [MainThread]:   schema: marts
[0m10:18:47.066884 [info ] [MainThread]:   connect_timeout: 10
[0m10:18:47.066884 [info ] [MainThread]:   role: None
[0m10:18:47.067884 [info ] [MainThread]:   search_path: None
[0m10:18:47.067884 [info ] [MainThread]:   keepalives_idle: 0
[0m10:18:47.067884 [info ] [MainThread]:   sslmode: None
[0m10:18:47.068883 [info ] [MainThread]:   sslcert: None
[0m10:18:47.069885 [info ] [MainThread]:   sslkey: None
[0m10:18:47.069885 [info ] [MainThread]:   sslrootcert: None
[0m10:18:47.070884 [info ] [MainThread]:   application_name: dbt
[0m10:18:47.070884 [info ] [MainThread]:   retries: 1
[0m10:18:47.071887 [info ] [MainThread]: Registered adapter: postgres=1.10.0
[0m10:18:47.310222 [debug] [MainThread]: Acquiring new postgres connection 'debug'
[0m10:18:51.163430 [debug] [MainThread]: Using postgres connection "debug"
[0m10:18:51.166664 [debug] [MainThread]: On debug: select 1 as id
[0m10:18:51.166664 [debug] [MainThread]: Opening a new connection, currently in state init
[0m10:18:51.238166 [debug] [MainThread]: SQL status: SELECT 1 in 0.072 seconds
[0m10:18:51.240168 [debug] [MainThread]: On debug: Close
[0m10:18:51.241170 [info ] [MainThread]:   Connection test: [[32mOK connection ok[0m]

[0m10:18:51.242666 [info ] [MainThread]: [32mAll checks passed![0m
[0m10:18:51.245667 [debug] [MainThread]: Command `dbt debug` succeeded at 10:18:51.245667 after 4.49 seconds
[0m10:18:51.246944 [debug] [MainThread]: Connection 'debug' was properly closed.
[0m10:18:51.247952 [debug] [MainThread]: Sending event: {'category': 'dbt', 'action': 'invocation', 'label': 'end', 'context': [<snowplow_tracker.self_describing_json.SelfDescribingJson object at 0x0000025C2C05E5D0>, <snowplow_tracker.self_describing_json.SelfDescribingJson object at 0x0000025C2BE98D90>, <snowplow_tracker.self_describing_json.SelfDescribingJson object at 0x0000025C2BE98150>]}
[0m10:18:51.248965 [debug] [MainThread]: Flushing usage events
[0m10:18:52.944676 [debug] [MainThread]: An error was encountered while trying to flush usage events
[0m10:19:01.402180 [debug] [MainThread]: Sending event: {'category': 'dbt', 'action': 'invocation', 'label': 'start', 'context': [<snowplow_tracker.self_describing_json.SelfDescribingJson object at 0x000001BA95343310>, <snowplow_tracker.self_describing_json.SelfDescribingJson object at 0x000001BA953DC050>, <snowplow_tracker.self_describing_json.SelfDescribingJson object at 0x000001BA953DC190>]}


============================== 10:19:01.405820 | 2c357804-bdd2-4c77-93b5-695ea614283d ==============================
[0m10:19:01.405820 [info ] [MainThread]: Running with dbt=1.11.9
[0m10:19:01.407355 [debug] [MainThread]: running dbt with arguments {'static_parser': 'True', 'no_print': 'None', 'version_check': 'True', 'target_path': 'None', 'warn_error_options': 'WarnErrorOptionsV2(error=[], warn=[], silence=[])', 'printer_width': '80', 'write_json': 'True', 'introspect': 'True', 'log_cache_events': 'False', 'empty': 'False', 'cache_selected_only': 'False', 'fail_fast': 'False', 'debug': 'False', 'log_format': 'default', 'partial_parse': 'True', 'send_anonymous_usage_stats': 'True', 'quiet': 'False', 'warn_error': 'None', 'profiles_dir': 'C:\\Users\\HP VICTUS\\.dbt', 'use_colors': 'True', 'indirect_selection': 'eager', 'invocation_command': 'dbt run', 'use_experimental_parser': 'False', 'log_path': 'C:\\Users\\HP VICTUS\\Documents\\Inteligencia de Negocios\\CentroPsicologico-BI\\dbt_centro_psicologico\\logs'}
[0m10:19:01.676600 [debug] [MainThread]: Sending event: {'category': 'dbt', 'action': 'project_id', 'label': '2c357804-bdd2-4c77-93b5-695ea614283d', 'context': [<snowplow_tracker.self_describing_json.SelfDescribingJson object at 0x000001BA95461690>]}
[0m10:19:01.717606 [debug] [MainThread]: Sending event: {'category': 'dbt', 'action': 'adapter_info', 'label': '2c357804-bdd2-4c77-93b5-695ea614283d', 'context': [<snowplow_tracker.self_describing_json.SelfDescribingJson object at 0x000001BA90A99B10>]}
[0m10:19:01.719607 [info ] [MainThread]: Registered adapter: postgres=1.10.0
[0m10:19:01.930921 [debug] [MainThread]: checksum: f8bb6a62265c70f2530bed05e52c2cee1c1844b101d398a67d5798350ab914c5, vars: {}, profile: , target: , version: 1.11.9
[0m10:19:01.931926 [info ] [MainThread]: Unable to do partial parsing because saved manifest not found. Starting full parse.
[0m10:19:01.932945 [debug] [MainThread]: Sending event: {'category': 'dbt', 'action': 'partial_parser', 'label': '2c357804-bdd2-4c77-93b5-695ea614283d', 'context': [<snowplow_tracker.self_describing_json.SelfDescribingJson object at 0x000001BA95680FD0>]}
[0m10:19:04.305713 [debug] [MainThread]: Sending event: {'category': 'dbt', 'action': 'load_project', 'label': '2c357804-bdd2-4c77-93b5-695ea614283d', 'context': [<snowplow_tracker.self_describing_json.SelfDescribingJson object at 0x000001BA95AF8F50>]}
[0m10:19:04.352855 [debug] [MainThread]: Wrote artifact WritableManifest to C:\Users\HP VICTUS\Documents\Inteligencia de Negocios\CentroPsicologico-BI\dbt_centro_psicologico\target\manifest.json
[0m10:19:04.355622 [debug] [MainThread]: Wrote artifact SemanticManifest to C:\Users\HP VICTUS\Documents\Inteligencia de Negocios\CentroPsicologico-BI\dbt_centro_psicologico\target\semantic_manifest.json
[0m10:19:04.377235 [debug] [MainThread]: Sending event: {'category': 'dbt', 'action': 'resource_counts', 'label': '2c357804-bdd2-4c77-93b5-695ea614283d', 'context': [<snowplow_tracker.self_describing_json.SelfDescribingJson object at 0x000001BA95AB7910>]}
[0m10:19:04.378805 [info ] [MainThread]: Found 11 models, 467 macros
[0m10:19:04.379351 [debug] [MainThread]: Sending event: {'category': 'dbt', 'action': 'runnable_timing', 'label': '2c357804-bdd2-4c77-93b5-695ea614283d', 'context': [<snowplow_tracker.self_describing_json.SelfDescribingJson object at 0x000001BA95335A10>]}
[0m10:19:04.381358 [warn ] [MainThread]: Nothing to do. Try checking your model configs and model specification args
[0m10:19:04.381358 [debug] [MainThread]: Command end result
[0m10:19:04.404031 [debug] [MainThread]: Wrote artifact WritableManifest to C:\Users\HP VICTUS\Documents\Inteligencia de Negocios\CentroPsicologico-BI\dbt_centro_psicologico\target\manifest.json
[0m10:19:04.406555 [debug] [MainThread]: Wrote artifact SemanticManifest to C:\Users\HP VICTUS\Documents\Inteligencia de Negocios\CentroPsicologico-BI\dbt_centro_psicologico\target\semantic_manifest.json
[0m10:19:04.409549 [debug] [MainThread]: Wrote artifact RunExecutionResult to C:\Users\HP VICTUS\Documents\Inteligencia de Negocios\CentroPsicologico-BI\dbt_centro_psicologico\target\run_results.json
[0m10:19:04.410746 [debug] [MainThread]: Command `dbt run` succeeded at 10:19:04.410746 after 3.12 seconds
[0m10:19:04.410746 [debug] [MainThread]: Sending event: {'category': 'dbt', 'action': 'invocation', 'label': 'end', 'context': [<snowplow_tracker.self_describing_json.SelfDescribingJson object at 0x000001BA8D7DE5D0>, <snowplow_tracker.self_describing_json.SelfDescribingJson object at 0x000001BA93497AD0>, <snowplow_tracker.self_describing_json.SelfDescribingJson object at 0x000001BA9348BBD0>]}
[0m10:19:04.410746 [debug] [MainThread]: Flushing usage events
[0m10:19:05.111165 [debug] [MainThread]: An error was encountered while trying to flush usage events
[0m10:19:11.171538 [debug] [MainThread]: Sending event: {'category': 'dbt', 'action': 'invocation', 'label': 'start', 'context': [<snowplow_tracker.self_describing_json.SelfDescribingJson object at 0x00000205AE0F2F50>, <snowplow_tracker.self_describing_json.SelfDescribingJson object at 0x00000205AE0294D0>, <snowplow_tracker.self_describing_json.SelfDescribingJson object at 0x00000205AE02B890>]}


============================== 10:19:11.175582 | cb87e142-8e85-4bdf-9003-fd358f5feb9c ==============================
[0m10:19:11.175582 [info ] [MainThread]: Running with dbt=1.11.9
[0m10:19:11.176587 [debug] [MainThread]: running dbt with arguments {'static_parser': 'True', 'no_print': 'None', 'version_check': 'True', 'warn_error_options': 'WarnErrorOptionsV2(error=[], warn=[], silence=[])', 'target_path': 'None', 'printer_width': '80', 'write_json': 'True', 'introspect': 'True', 'log_cache_events': 'False', 'empty': 'None', 'cache_selected_only': 'False', 'fail_fast': 'False', 'debug': 'False', 'log_format': 'default', 'partial_parse': 'True', 'send_anonymous_usage_stats': 'True', 'quiet': 'False', 'warn_error': 'None', 'profiles_dir': 'C:\\Users\\HP VICTUS\\.dbt', 'indirect_selection': 'eager', 'use_colors': 'True', 'invocation_command': 'dbt test', 'use_experimental_parser': 'False', 'log_path': 'C:\\Users\\HP VICTUS\\Documents\\Inteligencia de Negocios\\CentroPsicologico-BI\\dbt_centro_psicologico\\logs'}
[0m10:19:11.345748 [debug] [MainThread]: Sending event: {'category': 'dbt', 'action': 'project_id', 'label': 'cb87e142-8e85-4bdf-9003-fd358f5feb9c', 'context': [<snowplow_tracker.self_describing_json.SelfDescribingJson object at 0x00000205AE303F50>]}
[0m10:19:11.417244 [debug] [MainThread]: Sending event: {'category': 'dbt', 'action': 'adapter_info', 'label': 'cb87e142-8e85-4bdf-9003-fd358f5feb9c', 'context': [<snowplow_tracker.self_describing_json.SelfDescribingJson object at 0x00000205A97AC610>]}
[0m10:19:11.419359 [info ] [MainThread]: Registered adapter: postgres=1.10.0
[0m10:19:11.668808 [debug] [MainThread]: checksum: f8bb6a62265c70f2530bed05e52c2cee1c1844b101d398a67d5798350ab914c5, vars: {}, profile: , target: , version: 1.11.9
[0m10:19:11.802002 [debug] [MainThread]: Partial parsing enabled: 0 files deleted, 0 files added, 0 files changed.
[0m10:19:11.802002 [debug] [MainThread]: Nothing changed, skipping partial parsing.
[0m10:19:11.802002 [debug] [MainThread]: Partial parsing enabled, no changes found, skipping parsing
[0m10:19:11.824196 [debug] [MainThread]: Sending event: {'category': 'dbt', 'action': 'load_project', 'label': 'cb87e142-8e85-4bdf-9003-fd358f5feb9c', 'context': [<snowplow_tracker.self_describing_json.SelfDescribingJson object at 0x00000205AE696490>]}
[0m10:19:11.892689 [debug] [MainThread]: Wrote artifact WritableManifest to C:\Users\HP VICTUS\Documents\Inteligencia de Negocios\CentroPsicologico-BI\dbt_centro_psicologico\target\manifest.json
[0m10:19:11.896400 [debug] [MainThread]: Wrote artifact SemanticManifest to C:\Users\HP VICTUS\Documents\Inteligencia de Negocios\CentroPsicologico-BI\dbt_centro_psicologico\target\semantic_manifest.json
[0m10:19:11.987094 [debug] [MainThread]: Sending event: {'category': 'dbt', 'action': 'resource_counts', 'label': 'cb87e142-8e85-4bdf-9003-fd358f5feb9c', 'context': [<snowplow_tracker.self_describing_json.SelfDescribingJson object at 0x00000205AC7EBD90>]}
[0m10:19:11.987094 [info ] [MainThread]: Found 11 models, 467 macros
[0m10:19:11.988589 [debug] [MainThread]: Sending event: {'category': 'dbt', 'action': 'runnable_timing', 'label': 'cb87e142-8e85-4bdf-9003-fd358f5feb9c', 'context': [<snowplow_tracker.self_describing_json.SelfDescribingJson object at 0x00000205AE0DBF90>]}
[0m10:19:11.990594 [warn ] [MainThread]: Nothing to do. Try checking your model configs and model specification args
[0m10:19:11.992769 [debug] [MainThread]: Command end result
[0m10:19:12.015041 [debug] [MainThread]: Wrote artifact WritableManifest to C:\Users\HP VICTUS\Documents\Inteligencia de Negocios\CentroPsicologico-BI\dbt_centro_psicologico\target\manifest.json
[0m10:19:12.016558 [debug] [MainThread]: Wrote artifact SemanticManifest to C:\Users\HP VICTUS\Documents\Inteligencia de Negocios\CentroPsicologico-BI\dbt_centro_psicologico\target\semantic_manifest.json
[0m10:19:12.019336 [debug] [MainThread]: Wrote artifact RunExecutionResult to C:\Users\HP VICTUS\Documents\Inteligencia de Negocios\CentroPsicologico-BI\dbt_centro_psicologico\target\run_results.json
[0m10:19:12.021318 [debug] [MainThread]: Command `dbt test` succeeded at 10:19:12.021318 after 0.93 seconds
[0m10:19:12.021318 [debug] [MainThread]: Sending event: {'category': 'dbt', 'action': 'invocation', 'label': 'end', 'context': [<snowplow_tracker.self_describing_json.SelfDescribingJson object at 0x00000205A655E5D0>, <snowplow_tracker.self_describing_json.SelfDescribingJson object at 0x00000205AC187AD0>, <snowplow_tracker.self_describing_json.SelfDescribingJson object at 0x00000205A6298150>]}
[0m10:19:12.022323 [debug] [MainThread]: Flushing usage events
[0m10:19:12.662771 [debug] [MainThread]: An error was encountered while trying to flush usage events
[0m10:19:35.198010 [debug] [MainThread]: Sending event: {'category': 'dbt', 'action': 'invocation', 'label': 'start', 'context': [<snowplow_tracker.self_describing_json.SelfDescribingJson object at 0x0000022673F92D90>, <snowplow_tracker.self_describing_json.SelfDescribingJson object at 0x0000022673FF7310>, <snowplow_tracker.self_describing_json.SelfDescribingJson object at 0x0000022673F82F90>]}


============================== 10:19:35.202400 | 957ccda4-eb0a-4e99-8cff-381a102daf80 ==============================
[0m10:19:35.202400 [info ] [MainThread]: Running with dbt=1.11.9
[0m10:19:35.203410 [debug] [MainThread]: running dbt with arguments {'static_parser': 'True', 'no_print': 'None', 'version_check': 'True', 'warn_error_options': 'WarnErrorOptionsV2(error=[], warn=[], silence=[])', 'target_path': 'None', 'printer_width': '80', 'write_json': 'True', 'introspect': 'True', 'log_cache_events': 'False', 'empty': 'None', 'cache_selected_only': 'False', 'log_format': 'default', 'debug': 'False', 'fail_fast': 'False', 'partial_parse': 'True', 'send_anonymous_usage_stats': 'True', 'quiet': 'False', 'warn_error': 'None', 'profiles_dir': 'C:\\Users\\HP VICTUS\\.dbt', 'indirect_selection': 'eager', 'use_colors': 'True', 'invocation_command': 'dbt debug', 'use_experimental_parser': 'False', 'log_path': 'C:\\Users\\HP VICTUS\\Documents\\Inteligencia de Negocios\\CentroPsicologico-BI\\dbt_centro_psicologico\\logs'}
[0m10:19:35.228920 [info ] [MainThread]: dbt version: 1.11.9
[0m10:19:35.228920 [info ] [MainThread]: python version: 3.11.7
[0m10:19:35.228920 [info ] [MainThread]: python path: C:\Users\HP VICTUS\AppData\Local\Programs\Python\Python311\python.exe
[0m10:19:35.235366 [info ] [MainThread]: os info: Windows-10-10.0.26200-SP0
[0m10:19:35.304507 [info ] [MainThread]: Using profiles dir at C:\Users\HP VICTUS\.dbt
[0m10:19:35.307344 [info ] [MainThread]: Using profiles.yml file at C:\Users\HP VICTUS\.dbt\profiles.yml
[0m10:19:35.308445 [info ] [MainThread]: Using dbt_project.yml file at C:\Users\HP VICTUS\Documents\Inteligencia de Negocios\CentroPsicologico-BI\dbt_centro_psicologico\dbt_project.yml
[0m10:19:35.310024 [info ] [MainThread]: adapter type: postgres
[0m10:19:35.311157 [info ] [MainThread]: adapter version: 1.10.0
[0m10:19:35.404056 [info ] [MainThread]: Configuration:
[0m10:19:35.404056 [info ] [MainThread]:   profiles.yml file [[32mOK found and valid[0m]
[0m10:19:35.404056 [info ] [MainThread]:   dbt_project.yml file [[32mOK found and valid[0m]
[0m10:19:35.405698 [info ] [MainThread]: Required dependencies:
[0m10:19:35.406706 [debug] [MainThread]: Executing "git --help"
[0m10:19:35.446693 [debug] [MainThread]: STDOUT: "b"usage: git [-v | --version] [-h | --help] [-C <path>] [-c <name>=<value>]\n           [--exec-path[=<path>]] [--html-path] [--man-path] [--info-path]\n           [-p | --paginate | -P | --no-pager] [--no-replace-objects] [--no-lazy-fetch]\n           [--no-optional-locks] [--no-advice] [--bare] [--git-dir=<path>]\n           [--work-tree=<path>] [--namespace=<name>] [--config-env=<name>=<envvar>]\n           <command> [<args>]\n\nThese are common Git commands used in various situations:\n\nstart a working area (see also: git help tutorial)\n   clone      Clone a repository into a new directory\n   init       Create an empty Git repository or reinitialize an existing one\n\nwork on the current change (see also: git help everyday)\n   add        Add file contents to the index\n   mv         Move or rename a file, a directory, or a symlink\n   restore    Restore working tree files\n   rm         Remove files from the working tree and from the index\n\nexamine the history and state (see also: git help revisions)\n   bisect     Use binary search to find the commit that introduced a bug\n   diff       Show changes between commits, commit and working tree, etc\n   grep       Print lines matching a pattern\n   log        Show commit logs\n   show       Show various types of objects\n   status     Show the working tree status\n\ngrow, mark and tweak your common history\n   backfill   Download missing objects in a partial clone\n   branch     List, create, or delete branches\n   commit     Record changes to the repository\n   history    EXPERIMENTAL: Rewrite history\n   merge      Join two or more development histories together\n   rebase     Reapply commits on top of another base tip\n   reset      Set `HEAD` or the index to a known state\n   switch     Switch branches\n   tag        Create, list, delete or verify tags\n\ncollaborate (see also: git help workflows)\n   fetch      Download objects and refs from another repository\n   pull       Fetch from and integrate with another repository or a local branch\n   push       Update remote refs along with associated objects\n\n'git help -a' and 'git help -g' list available subcommands and some\nconcept guides. See 'git help <command>' or 'git help <concept>'\nto read about a specific subcommand or concept.\nSee 'git help git' for an overview of the system.\n""
[0m10:19:35.447695 [debug] [MainThread]: STDERR: "b''"
[0m10:19:35.447695 [info ] [MainThread]:  - git [[32mOK found[0m]

[0m10:19:35.447695 [info ] [MainThread]: Connection:
[0m10:19:35.449273 [info ] [MainThread]:   host: localhost
[0m10:19:35.449273 [info ] [MainThread]:   port: 5432
[0m10:19:35.450281 [info ] [MainThread]:   user: postgres
[0m10:19:35.450281 [info ] [MainThread]:   database: dm_centro_psicologico
[0m10:19:35.450281 [info ] [MainThread]:   schema: marts
[0m10:19:35.451762 [info ] [MainThread]:   connect_timeout: 10
[0m10:19:35.451762 [info ] [MainThread]:   role: None
[0m10:19:35.451762 [info ] [MainThread]:   search_path: None
[0m10:19:35.452910 [info ] [MainThread]:   keepalives_idle: 0
[0m10:19:35.452910 [info ] [MainThread]:   sslmode: None
[0m10:19:35.453908 [info ] [MainThread]:   sslcert: None
[0m10:19:35.453908 [info ] [MainThread]:   sslkey: None
[0m10:19:35.453908 [info ] [MainThread]:   sslrootcert: None
[0m10:19:35.455460 [info ] [MainThread]:   application_name: dbt
[0m10:19:35.455460 [info ] [MainThread]:   retries: 1
[0m10:19:35.455460 [info ] [MainThread]: Registered adapter: postgres=1.10.0
[0m10:19:35.677262 [debug] [MainThread]: Acquiring new postgres connection 'debug'
[0m10:19:35.719365 [debug] [MainThread]: Using postgres connection "debug"
[0m10:19:35.720366 [debug] [MainThread]: On debug: select 1 as id
[0m10:19:35.720366 [debug] [MainThread]: Opening a new connection, currently in state init
[0m10:19:35.743624 [debug] [MainThread]: SQL status: SELECT 1 in 0.023 seconds
[0m10:19:35.744623 [debug] [MainThread]: On debug: Close
[0m10:19:35.745621 [info ] [MainThread]:   Connection test: [[32mOK connection ok[0m]

[0m10:19:35.746771 [info ] [MainThread]: [32mAll checks passed![0m
[0m10:19:35.749848 [debug] [MainThread]: Command `dbt debug` succeeded at 10:19:35.748871 after 0.62 seconds
[0m10:19:35.749848 [debug] [MainThread]: Connection 'debug' was properly closed.
[0m10:19:35.750848 [debug] [MainThread]: Sending event: {'category': 'dbt', 'action': 'invocation', 'label': 'end', 'context': [<snowplow_tracker.self_describing_json.SelfDescribingJson object at 0x000002266C48E5D0>, <snowplow_tracker.self_describing_json.SelfDescribingJson object at 0x0000022672C7CFD0>, <snowplow_tracker.self_describing_json.SelfDescribingJson object at 0x000002266C47E910>]}
[0m10:19:35.751851 [debug] [MainThread]: Flushing usage events
[0m10:19:36.427635 [debug] [MainThread]: An error was encountered while trying to flush usage events
[0m10:21:13.800684 [debug] [MainThread]: Sending event: {'category': 'dbt', 'action': 'invocation', 'label': 'start', 'context': [<snowplow_tracker.self_describing_json.SelfDescribingJson object at 0x0000015458D95AD0>, <snowplow_tracker.self_describing_json.SelfDescribingJson object at 0x0000015457B6B450>, <snowplow_tracker.self_describing_json.SelfDescribingJson object at 0x0000015458E67D10>]}


============================== 10:21:13.809919 | 40268c3c-8658-495d-aaf1-a0516dc47d41 ==============================
[0m10:21:13.809919 [info ] [MainThread]: Running with dbt=1.11.9
[0m10:21:13.811771 [debug] [MainThread]: running dbt with arguments {'static_parser': 'True', 'no_print': 'None', 'version_check': 'True', 'target_path': 'None', 'warn_error_options': 'WarnErrorOptionsV2(error=[], warn=[], silence=[])', 'printer_width': '80', 'write_json': 'True', 'introspect': 'True', 'log_cache_events': 'False', 'empty': 'False', 'cache_selected_only': 'False', 'fail_fast': 'False', 'debug': 'False', 'log_format': 'default', 'profiles_dir': 'C:\\Users\\HP VICTUS\\.dbt', 'send_anonymous_usage_stats': 'True', 'quiet': 'False', 'warn_error': 'None', 'partial_parse': 'True', 'use_colors': 'True', 'indirect_selection': 'eager', 'invocation_command': 'dbt run', 'use_experimental_parser': 'False', 'log_path': 'C:\\Users\\HP VICTUS\\Documents\\Inteligencia de Negocios\\CentroPsicologico-BI\\dbt_centro_psicologico\\logs'}
[0m10:21:14.416766 [debug] [MainThread]: Sending event: {'category': 'dbt', 'action': 'project_id', 'label': '40268c3c-8658-495d-aaf1-a0516dc47d41', 'context': [<snowplow_tracker.self_describing_json.SelfDescribingJson object at 0x0000015458FF40D0>]}
[0m10:21:14.492242 [debug] [MainThread]: Sending event: {'category': 'dbt', 'action': 'adapter_info', 'label': '40268c3c-8658-495d-aaf1-a0516dc47d41', 'context': [<snowplow_tracker.self_describing_json.SelfDescribingJson object at 0x00000154544FDA50>]}
[0m10:21:14.493244 [info ] [MainThread]: Registered adapter: postgres=1.10.0
[0m10:21:14.968591 [debug] [MainThread]: checksum: f8bb6a62265c70f2530bed05e52c2cee1c1844b101d398a67d5798350ab914c5, vars: {}, profile: , target: , version: 1.11.9
[0m10:21:16.576097 [debug] [MainThread]: Partial parsing enabled: 0 files deleted, 1 files added, 0 files changed.
[0m10:21:16.577370 [debug] [MainThread]: Partial parsing: added file: dbt_centro_psicologico://macros\generate_schema_name.sql
[0m10:21:16.580451 [info ] [MainThread]: Unable to do partial parsing because change detected to override macro. Starting full parse.
[0m10:21:18.319439 [debug] [MainThread]: Sending event: {'category': 'dbt', 'action': 'load_project', 'label': '40268c3c-8658-495d-aaf1-a0516dc47d41', 'context': [<snowplow_tracker.self_describing_json.SelfDescribingJson object at 0x0000015459537D10>]}
[0m10:21:18.433552 [debug] [MainThread]: Wrote artifact WritableManifest to C:\Users\HP VICTUS\Documents\Inteligencia de Negocios\CentroPsicologico-BI\dbt_centro_psicologico\target\manifest.json
[0m10:21:18.459453 [debug] [MainThread]: Wrote artifact SemanticManifest to C:\Users\HP VICTUS\Documents\Inteligencia de Negocios\CentroPsicologico-BI\dbt_centro_psicologico\target\semantic_manifest.json
[0m10:21:18.485135 [debug] [MainThread]: Sending event: {'category': 'dbt', 'action': 'resource_counts', 'label': '40268c3c-8658-495d-aaf1-a0516dc47d41', 'context': [<snowplow_tracker.self_describing_json.SelfDescribingJson object at 0x00000154590939D0>]}
[0m10:21:18.485135 [info ] [MainThread]: Found 11 models, 468 macros
[0m10:21:18.485135 [debug] [MainThread]: Sending event: {'category': 'dbt', 'action': 'runnable_timing', 'label': '40268c3c-8658-495d-aaf1-a0516dc47d41', 'context': [<snowplow_tracker.self_describing_json.SelfDescribingJson object at 0x0000015458E4D710>]}
[0m10:21:18.491671 [warn ] [MainThread]: Nothing to do. Try checking your model configs and model specification args
[0m10:21:18.493674 [debug] [MainThread]: Command end result
[0m10:21:18.546820 [debug] [MainThread]: Wrote artifact WritableManifest to C:\Users\HP VICTUS\Documents\Inteligencia de Negocios\CentroPsicologico-BI\dbt_centro_psicologico\target\manifest.json
[0m10:21:18.551543 [debug] [MainThread]: Wrote artifact SemanticManifest to C:\Users\HP VICTUS\Documents\Inteligencia de Negocios\CentroPsicologico-BI\dbt_centro_psicologico\target\semantic_manifest.json
[0m10:21:18.556421 [debug] [MainThread]: Wrote artifact RunExecutionResult to C:\Users\HP VICTUS\Documents\Inteligencia de Negocios\CentroPsicologico-BI\dbt_centro_psicologico\target\run_results.json
[0m10:21:18.558383 [debug] [MainThread]: Command `dbt run` succeeded at 10:21:18.558383 after 4.97 seconds
[0m10:21:18.559395 [debug] [MainThread]: Sending event: {'category': 'dbt', 'action': 'invocation', 'label': 'end', 'context': [<snowplow_tracker.self_describing_json.SelfDescribingJson object at 0x00000154512CE5D0>, <snowplow_tracker.self_describing_json.SelfDescribingJson object at 0x0000015457A8CC90>, <snowplow_tracker.self_describing_json.SelfDescribingJson object at 0x0000015451008150>]}
[0m10:21:18.560397 [debug] [MainThread]: Flushing usage events
[0m10:21:19.924030 [debug] [MainThread]: An error was encountered while trying to flush usage events
[0m10:21:29.763617 [debug] [MainThread]: Sending event: {'category': 'dbt', 'action': 'invocation', 'label': 'start', 'context': [<snowplow_tracker.self_describing_json.SelfDescribingJson object at 0x000001FB04C070D0>, <snowplow_tracker.self_describing_json.SelfDescribingJson object at 0x000001FB04C07190>, <snowplow_tracker.self_describing_json.SelfDescribingJson object at 0x000001FB04C07250>]}


============================== 10:21:29.767482 | 00afb0b7-ed6b-4fc1-a0dd-1470d31a89f8 ==============================
[0m10:21:29.767482 [info ] [MainThread]: Running with dbt=1.11.9
[0m10:21:29.768482 [debug] [MainThread]: running dbt with arguments {'static_parser': 'True', 'no_print': 'None', 'version_check': 'True', 'target_path': 'None', 'warn_error_options': 'WarnErrorOptionsV2(error=[], warn=[], silence=[])', 'printer_width': '80', 'write_json': 'True', 'introspect': 'True', 'log_cache_events': 'False', 'empty': 'None', 'cache_selected_only': 'False', 'fail_fast': 'False', 'debug': 'False', 'log_format': 'default', 'profiles_dir': 'C:\\Users\\HP VICTUS\\.dbt', 'send_anonymous_usage_stats': 'True', 'quiet': 'False', 'warn_error': 'None', 'partial_parse': 'True', 'invocation_command': 'dbt test', 'indirect_selection': 'eager', 'use_colors': 'True', 'use_experimental_parser': 'False', 'log_path': 'C:\\Users\\HP VICTUS\\Documents\\Inteligencia de Negocios\\CentroPsicologico-BI\\dbt_centro_psicologico\\logs'}
[0m10:21:29.926730 [debug] [MainThread]: Sending event: {'category': 'dbt', 'action': 'project_id', 'label': '00afb0b7-ed6b-4fc1-a0dd-1470d31a89f8', 'context': [<snowplow_tracker.self_describing_json.SelfDescribingJson object at 0x000001FB04EE7BD0>]}
[0m10:21:29.979548 [debug] [MainThread]: Sending event: {'category': 'dbt', 'action': 'adapter_info', 'label': '00afb0b7-ed6b-4fc1-a0dd-1470d31a89f8', 'context': [<snowplow_tracker.self_describing_json.SelfDescribingJson object at 0x000001FB04CAB410>]}
[0m10:21:29.981549 [info ] [MainThread]: Registered adapter: postgres=1.10.0
[0m10:21:30.188772 [debug] [MainThread]: checksum: f8bb6a62265c70f2530bed05e52c2cee1c1844b101d398a67d5798350ab914c5, vars: {}, profile: , target: , version: 1.11.9
[0m10:21:30.293426 [debug] [MainThread]: Partial parsing enabled: 0 files deleted, 0 files added, 0 files changed.
[0m10:21:30.294934 [debug] [MainThread]: Nothing changed, skipping partial parsing.
[0m10:21:30.294934 [debug] [MainThread]: Partial parsing enabled, no changes found, skipping parsing
[0m10:21:30.313072 [debug] [MainThread]: Sending event: {'category': 'dbt', 'action': 'load_project', 'label': '00afb0b7-ed6b-4fc1-a0dd-1470d31a89f8', 'context': [<snowplow_tracker.self_describing_json.SelfDescribingJson object at 0x000001FB05277210>]}
[0m10:21:30.367005 [debug] [MainThread]: Wrote artifact WritableManifest to C:\Users\HP VICTUS\Documents\Inteligencia de Negocios\CentroPsicologico-BI\dbt_centro_psicologico\target\manifest.json
[0m10:21:30.370005 [debug] [MainThread]: Wrote artifact SemanticManifest to C:\Users\HP VICTUS\Documents\Inteligencia de Negocios\CentroPsicologico-BI\dbt_centro_psicologico\target\semantic_manifest.json
[0m10:21:30.450296 [debug] [MainThread]: Sending event: {'category': 'dbt', 'action': 'resource_counts', 'label': '00afb0b7-ed6b-4fc1-a0dd-1470d31a89f8', 'context': [<snowplow_tracker.self_describing_json.SelfDescribingJson object at 0x000001FB033ABB90>]}
[0m10:21:30.450296 [info ] [MainThread]: Found 11 models, 468 macros
[0m10:21:30.451311 [debug] [MainThread]: Sending event: {'category': 'dbt', 'action': 'runnable_timing', 'label': '00afb0b7-ed6b-4fc1-a0dd-1470d31a89f8', 'context': [<snowplow_tracker.self_describing_json.SelfDescribingJson object at 0x000001FB050B7FD0>]}
[0m10:21:30.454227 [warn ] [MainThread]: Nothing to do. Try checking your model configs and model specification args
[0m10:21:30.455757 [debug] [MainThread]: Command end result
[0m10:21:30.476603 [debug] [MainThread]: Wrote artifact WritableManifest to C:\Users\HP VICTUS\Documents\Inteligencia de Negocios\CentroPsicologico-BI\dbt_centro_psicologico\target\manifest.json
[0m10:21:30.478604 [debug] [MainThread]: Wrote artifact SemanticManifest to C:\Users\HP VICTUS\Documents\Inteligencia de Negocios\CentroPsicologico-BI\dbt_centro_psicologico\target\semantic_manifest.json
[0m10:21:30.482605 [debug] [MainThread]: Wrote artifact RunExecutionResult to C:\Users\HP VICTUS\Documents\Inteligencia de Negocios\CentroPsicologico-BI\dbt_centro_psicologico\target\run_results.json
[0m10:21:30.484604 [debug] [MainThread]: Command `dbt test` succeeded at 10:21:30.484604 after 0.81 seconds
[0m10:21:30.484604 [debug] [MainThread]: Sending event: {'category': 'dbt', 'action': 'invocation', 'label': 'end', 'context': [<snowplow_tracker.self_describing_json.SelfDescribingJson object at 0x000001FB7D0CE5D0>, <snowplow_tracker.self_describing_json.SelfDescribingJson object at 0x000001FB038ECC50>, <snowplow_tracker.self_describing_json.SelfDescribingJson object at 0x000001FB7CF08150>]}
[0m10:21:30.485905 [debug] [MainThread]: Flushing usage events
[0m10:21:31.215678 [debug] [MainThread]: An error was encountered while trying to flush usage events
[0m10:22:55.726227 [debug] [MainThread]: Sending event: {'category': 'dbt', 'action': 'invocation', 'label': 'start', 'context': [<snowplow_tracker.self_describing_json.SelfDescribingJson object at 0x00000176C5F4A690>, <snowplow_tracker.self_describing_json.SelfDescribingJson object at 0x00000176C5FC3A50>, <snowplow_tracker.self_describing_json.SelfDescribingJson object at 0x00000176C5F56E50>]}


============================== 10:22:55.732820 | 0e5ead9e-82a9-4e67-aeb1-4ae0ec41251f ==============================
[0m10:22:55.732820 [info ] [MainThread]: Running with dbt=1.11.9
[0m10:22:55.734483 [debug] [MainThread]: running dbt with arguments {'version_check': 'True', 'no_print': 'None', 'static_parser': 'True', 'warn_error_options': 'WarnErrorOptionsV2(error=[], warn=[], silence=[])', 'target_path': 'None', 'printer_width': '80', 'write_json': 'True', 'introspect': 'True', 'log_cache_events': 'False', 'empty': 'None', 'cache_selected_only': 'False', 'log_format': 'default', 'debug': 'False', 'fail_fast': 'False', 'partial_parse': 'True', 'send_anonymous_usage_stats': 'True', 'quiet': 'False', 'warn_error': 'None', 'profiles_dir': 'C:\\Users\\HP VICTUS\\.dbt', 'invocation_command': 'dbt ls', 'use_colors': 'True', 'indirect_selection': 'eager', 'use_experimental_parser': 'False', 'log_path': 'C:\\Users\\HP VICTUS\\Documents\\Inteligencia de Negocios\\CentroPsicologico-BI\\dbt_centro_psicologico\\logs'}
[0m10:22:55.929195 [debug] [MainThread]: Sending event: {'category': 'dbt', 'action': 'project_id', 'label': '0e5ead9e-82a9-4e67-aeb1-4ae0ec41251f', 'context': [<snowplow_tracker.self_describing_json.SelfDescribingJson object at 0x00000176C60B0850>]}
[0m10:22:55.977445 [debug] [MainThread]: Sending event: {'category': 'dbt', 'action': 'adapter_info', 'label': '0e5ead9e-82a9-4e67-aeb1-4ae0ec41251f', 'context': [<snowplow_tracker.self_describing_json.SelfDescribingJson object at 0x00000176C16BC3D0>]}
[0m10:22:55.978447 [info ] [MainThread]: Registered adapter: postgres=1.10.0
[0m10:22:56.167564 [debug] [MainThread]: checksum: f8bb6a62265c70f2530bed05e52c2cee1c1844b101d398a67d5798350ab914c5, vars: {}, profile: , target: , version: 1.11.9
[0m10:22:56.267631 [debug] [MainThread]: Partial parsing enabled: 0 files deleted, 0 files added, 0 files changed.
[0m10:22:56.269091 [debug] [MainThread]: Nothing changed, skipping partial parsing.
[0m10:22:56.269091 [debug] [MainThread]: Partial parsing enabled, no changes found, skipping parsing
[0m10:22:56.286841 [debug] [MainThread]: Sending event: {'category': 'dbt', 'action': 'load_project', 'label': '0e5ead9e-82a9-4e67-aeb1-4ae0ec41251f', 'context': [<snowplow_tracker.self_describing_json.SelfDescribingJson object at 0x00000176C60B12D0>]}
[0m10:22:56.331289 [debug] [MainThread]: Wrote artifact WritableManifest to C:\Users\HP VICTUS\Documents\Inteligencia de Negocios\CentroPsicologico-BI\dbt_centro_psicologico\target\manifest.json
[0m10:22:56.334319 [debug] [MainThread]: Wrote artifact SemanticManifest to C:\Users\HP VICTUS\Documents\Inteligencia de Negocios\CentroPsicologico-BI\dbt_centro_psicologico\target\semantic_manifest.json
[0m10:22:56.363313 [debug] [MainThread]: Sending event: {'category': 'dbt', 'action': 'resource_counts', 'label': '0e5ead9e-82a9-4e67-aeb1-4ae0ec41251f', 'context': [<snowplow_tracker.self_describing_json.SelfDescribingJson object at 0x00000176C647BE50>]}
[0m10:22:56.363313 [info ] [MainThread]: Found 11 models, 468 macros
[0m10:22:56.364313 [debug] [MainThread]: Sending event: {'category': 'dbt', 'action': 'runnable_timing', 'label': '0e5ead9e-82a9-4e67-aeb1-4ae0ec41251f', 'context': [<snowplow_tracker.self_describing_json.SelfDescribingJson object at 0x00000176C6667A50>]}
[0m10:22:56.366495 [info ] [MainThread]: dbt_centro_psicologico.marts.dim_paciente
[0m10:22:56.366495 [info ] [MainThread]: dbt_centro_psicologico.marts.dim_psicologo
[0m10:22:56.366495 [info ] [MainThread]: dbt_centro_psicologico.marts.dim_sede
[0m10:22:56.367894 [info ] [MainThread]: dbt_centro_psicologico.marts.dim_servicio
[0m10:22:56.368906 [info ] [MainThread]: dbt_centro_psicologico.marts.dim_tiempo
[0m10:22:56.368906 [info ] [MainThread]: dbt_centro_psicologico.marts.fact_facturacion
[0m10:22:56.370338 [info ] [MainThread]: dbt_centro_psicologico.marts.fact_sesion
[0m10:22:56.370338 [info ] [MainThread]: dbt_centro_psicologico.staging.stg_pacientes
[0m10:22:56.370338 [info ] [MainThread]: dbt_centro_psicologico.staging.stg_psicologos
[0m10:22:56.371840 [info ] [MainThread]: dbt_centro_psicologico.staging.stg_sedes
[0m10:22:56.371840 [info ] [MainThread]: dbt_centro_psicologico.staging.stg_sesiones
[0m10:22:56.372849 [debug] [MainThread]: Command `dbt ls` succeeded at 10:22:56.372849 after 0.74 seconds
[0m10:22:56.372849 [debug] [MainThread]: Sending event: {'category': 'dbt', 'action': 'invocation', 'label': 'end', 'context': [<snowplow_tracker.self_describing_json.SelfDescribingJson object at 0x00000176BE44E5D0>, <snowplow_tracker.self_describing_json.SelfDescribingJson object at 0x00000176BE188D90>, <snowplow_tracker.self_describing_json.SelfDescribingJson object at 0x00000176BE188150>]}
[0m10:22:56.374382 [debug] [MainThread]: Flushing usage events
[0m10:22:57.219030 [debug] [MainThread]: An error was encountered while trying to flush usage events
[0m10:23:04.694016 [debug] [MainThread]: Sending event: {'category': 'dbt', 'action': 'invocation', 'label': 'start', 'context': [<snowplow_tracker.self_describing_json.SelfDescribingJson object at 0x0000017083502890>, <snowplow_tracker.self_describing_json.SelfDescribingJson object at 0x00000170834CC490>, <snowplow_tracker.self_describing_json.SelfDescribingJson object at 0x00000170834CD150>]}


============================== 10:23:04.699334 | 16b036f5-6d9c-4d4f-9718-074664f3031a ==============================
[0m10:23:04.699334 [info ] [MainThread]: Running with dbt=1.11.9
[0m10:23:04.699869 [debug] [MainThread]: running dbt with arguments {'static_parser': 'True', 'no_print': 'None', 'version_check': 'True', 'warn_error_options': 'WarnErrorOptionsV2(error=[], warn=[], silence=[])', 'target_path': 'None', 'printer_width': '80', 'write_json': 'True', 'empty': 'None', 'log_cache_events': 'False', 'introspect': 'True', 'cache_selected_only': 'False', 'log_format': 'default', 'debug': 'False', 'fail_fast': 'False', 'partial_parse': 'True', 'send_anonymous_usage_stats': 'True', 'quiet': 'False', 'warn_error': 'None', 'profiles_dir': 'C:\\Users\\HP VICTUS\\.dbt', 'invocation_command': 'dbt ls --resource-type model', 'use_colors': 'True', 'indirect_selection': 'eager', 'use_experimental_parser': 'False', 'log_path': 'C:\\Users\\HP VICTUS\\Documents\\Inteligencia de Negocios\\CentroPsicologico-BI\\dbt_centro_psicologico\\logs'}
[0m10:23:04.838170 [debug] [MainThread]: Sending event: {'category': 'dbt', 'action': 'project_id', 'label': '16b036f5-6d9c-4d4f-9718-074664f3031a', 'context': [<snowplow_tracker.self_describing_json.SelfDescribingJson object at 0x0000017083726810>]}
[0m10:23:04.880630 [debug] [MainThread]: Sending event: {'category': 'dbt', 'action': 'adapter_info', 'label': '16b036f5-6d9c-4d4f-9718-074664f3031a', 'context': [<snowplow_tracker.self_describing_json.SelfDescribingJson object at 0x00000170FEBFD4D0>]}
[0m10:23:04.881630 [info ] [MainThread]: Registered adapter: postgres=1.10.0
[0m10:23:05.094299 [debug] [MainThread]: checksum: f8bb6a62265c70f2530bed05e52c2cee1c1844b101d398a67d5798350ab914c5, vars: {}, profile: , target: , version: 1.11.9
[0m10:23:05.211411 [debug] [MainThread]: Partial parsing enabled: 0 files deleted, 0 files added, 0 files changed.
[0m10:23:05.212423 [debug] [MainThread]: Nothing changed, skipping partial parsing.
[0m10:23:05.212423 [debug] [MainThread]: Partial parsing enabled, no changes found, skipping parsing
[0m10:23:05.239688 [debug] [MainThread]: Sending event: {'category': 'dbt', 'action': 'load_project', 'label': '16b036f5-6d9c-4d4f-9718-074664f3031a', 'context': [<snowplow_tracker.self_describing_json.SelfDescribingJson object at 0x0000017083731290>]}
[0m10:23:05.318998 [debug] [MainThread]: Wrote artifact WritableManifest to C:\Users\HP VICTUS\Documents\Inteligencia de Negocios\CentroPsicologico-BI\dbt_centro_psicologico\target\manifest.json
[0m10:23:05.322679 [debug] [MainThread]: Wrote artifact SemanticManifest to C:\Users\HP VICTUS\Documents\Inteligencia de Negocios\CentroPsicologico-BI\dbt_centro_psicologico\target\semantic_manifest.json
[0m10:23:05.352662 [debug] [MainThread]: Sending event: {'category': 'dbt', 'action': 'resource_counts', 'label': '16b036f5-6d9c-4d4f-9718-074664f3031a', 'context': [<snowplow_tracker.self_describing_json.SelfDescribingJson object at 0x00000170839BBD50>]}
[0m10:23:05.353453 [info ] [MainThread]: Found 11 models, 468 macros
[0m10:23:05.354006 [debug] [MainThread]: Sending event: {'category': 'dbt', 'action': 'runnable_timing', 'label': '16b036f5-6d9c-4d4f-9718-074664f3031a', 'context': [<snowplow_tracker.self_describing_json.SelfDescribingJson object at 0x0000017083BA7950>]}
[0m10:23:05.356131 [info ] [MainThread]: dbt_centro_psicologico.marts.dim_paciente
[0m10:23:05.356131 [info ] [MainThread]: dbt_centro_psicologico.marts.dim_psicologo
[0m10:23:05.356131 [info ] [MainThread]: dbt_centro_psicologico.marts.dim_sede
[0m10:23:05.356131 [info ] [MainThread]: dbt_centro_psicologico.marts.dim_servicio
[0m10:23:05.356131 [info ] [MainThread]: dbt_centro_psicologico.marts.dim_tiempo
[0m10:23:05.356131 [info ] [MainThread]: dbt_centro_psicologico.marts.fact_facturacion
[0m10:23:05.356131 [info ] [MainThread]: dbt_centro_psicologico.marts.fact_sesion
[0m10:23:05.356131 [info ] [MainThread]: dbt_centro_psicologico.staging.stg_pacientes
[0m10:23:05.356131 [info ] [MainThread]: dbt_centro_psicologico.staging.stg_psicologos
[0m10:23:05.356131 [info ] [MainThread]: dbt_centro_psicologico.staging.stg_sedes
[0m10:23:05.356131 [info ] [MainThread]: dbt_centro_psicologico.staging.stg_sesiones
[0m10:23:05.364608 [debug] [MainThread]: Command `dbt ls` succeeded at 10:23:05.364608 after 0.74 seconds
[0m10:23:05.365615 [debug] [MainThread]: Sending event: {'category': 'dbt', 'action': 'invocation', 'label': 'end', 'context': [<snowplow_tracker.self_describing_json.SelfDescribingJson object at 0x00000170FB92E910>, <snowplow_tracker.self_describing_json.SelfDescribingJson object at 0x00000170FB778310>, <snowplow_tracker.self_describing_json.SelfDescribingJson object at 0x00000170FB778290>]}
[0m10:23:05.365615 [debug] [MainThread]: Flushing usage events
[0m10:23:06.132363 [debug] [MainThread]: An error was encountered while trying to flush usage events
[0m10:23:19.115348 [debug] [MainThread]: Sending event: {'category': 'dbt', 'action': 'invocation', 'label': 'start', 'context': [<snowplow_tracker.self_describing_json.SelfDescribingJson object at 0x000002858CC44C10>, <snowplow_tracker.self_describing_json.SelfDescribingJson object at 0x000002858CD17D50>, <snowplow_tracker.self_describing_json.SelfDescribingJson object at 0x000002858CD17C10>]}


============================== 10:23:19.118285 | 01b080f4-59b0-4596-a634-5f8f6ec494d2 ==============================
[0m10:23:19.118285 [info ] [MainThread]: Running with dbt=1.11.9
[0m10:23:19.119294 [debug] [MainThread]: running dbt with arguments {'version_check': 'True', 'no_print': 'None', 'static_parser': 'True', 'warn_error_options': 'WarnErrorOptionsV2(error=[], warn=[], silence=[])', 'target_path': 'None', 'printer_width': '80', 'write_json': 'True', 'introspect': 'True', 'log_cache_events': 'False', 'empty': 'False', 'cache_selected_only': 'False', 'fail_fast': 'False', 'debug': 'False', 'log_format': 'default', 'profiles_dir': 'C:\\Users\\HP VICTUS\\.dbt', 'send_anonymous_usage_stats': 'True', 'quiet': 'False', 'warn_error': 'None', 'partial_parse': 'True', 'indirect_selection': 'eager', 'invocation_command': 'dbt run --select stg_pacientes', 'use_colors': 'True', 'use_experimental_parser': 'False', 'log_path': 'C:\\Users\\HP VICTUS\\Documents\\Inteligencia de Negocios\\CentroPsicologico-BI\\dbt_centro_psicologico\\logs'}
[0m10:23:19.270783 [debug] [MainThread]: Sending event: {'category': 'dbt', 'action': 'project_id', 'label': '01b080f4-59b0-4596-a634-5f8f6ec494d2', 'context': [<snowplow_tracker.self_describing_json.SelfDescribingJson object at 0x000002858CF3FD90>]}
[0m10:23:19.316013 [debug] [MainThread]: Sending event: {'category': 'dbt', 'action': 'adapter_info', 'label': '01b080f4-59b0-4596-a634-5f8f6ec494d2', 'context': [<snowplow_tracker.self_describing_json.SelfDescribingJson object at 0x00000285883BF7D0>]}
[0m10:23:19.318013 [info ] [MainThread]: Registered adapter: postgres=1.10.0
[0m10:23:19.520169 [debug] [MainThread]: checksum: f8bb6a62265c70f2530bed05e52c2cee1c1844b101d398a67d5798350ab914c5, vars: {}, profile: , target: , version: 1.11.9
[0m10:23:19.602349 [debug] [MainThread]: Partial parsing enabled: 0 files deleted, 0 files added, 0 files changed.
[0m10:23:19.602349 [debug] [MainThread]: Nothing changed, skipping partial parsing.
[0m10:23:19.603854 [debug] [MainThread]: Partial parsing enabled, no changes found, skipping parsing
[0m10:23:19.621904 [debug] [MainThread]: Sending event: {'category': 'dbt', 'action': 'load_project', 'label': '01b080f4-59b0-4596-a634-5f8f6ec494d2', 'context': [<snowplow_tracker.self_describing_json.SelfDescribingJson object at 0x000002858D2B1490>]}
[0m10:23:19.670021 [debug] [MainThread]: Wrote artifact WritableManifest to C:\Users\HP VICTUS\Documents\Inteligencia de Negocios\CentroPsicologico-BI\dbt_centro_psicologico\target\manifest.json
[0m10:23:19.672025 [debug] [MainThread]: Wrote artifact SemanticManifest to C:\Users\HP VICTUS\Documents\Inteligencia de Negocios\CentroPsicologico-BI\dbt_centro_psicologico\target\semantic_manifest.json
[0m10:23:19.685242 [debug] [MainThread]: Sending event: {'category': 'dbt', 'action': 'resource_counts', 'label': '01b080f4-59b0-4596-a634-5f8f6ec494d2', 'context': [<snowplow_tracker.self_describing_json.SelfDescribingJson object at 0x000002858D1994D0>]}
[0m10:23:19.686453 [info ] [MainThread]: Found 11 models, 468 macros
[0m10:23:19.686453 [debug] [MainThread]: Sending event: {'category': 'dbt', 'action': 'runnable_timing', 'label': '01b080f4-59b0-4596-a634-5f8f6ec494d2', 'context': [<snowplow_tracker.self_describing_json.SelfDescribingJson object at 0x000002858CEB49D0>]}
[0m10:23:19.689794 [warn ] [MainThread]: Nothing to do. Try checking your model configs and model specification args
[0m10:23:19.692104 [debug] [MainThread]: Command end result
[0m10:23:19.775531 [debug] [MainThread]: Wrote artifact WritableManifest to C:\Users\HP VICTUS\Documents\Inteligencia de Negocios\CentroPsicologico-BI\dbt_centro_psicologico\target\manifest.json
[0m10:23:19.778941 [debug] [MainThread]: Wrote artifact SemanticManifest to C:\Users\HP VICTUS\Documents\Inteligencia de Negocios\CentroPsicologico-BI\dbt_centro_psicologico\target\semantic_manifest.json
[0m10:23:19.780370 [debug] [MainThread]: Wrote artifact RunExecutionResult to C:\Users\HP VICTUS\Documents\Inteligencia de Negocios\CentroPsicologico-BI\dbt_centro_psicologico\target\run_results.json
[0m10:23:19.781867 [debug] [MainThread]: Command `dbt run` succeeded at 10:23:19.781867 after 0.74 seconds
[0m10:23:19.781867 [debug] [MainThread]: Sending event: {'category': 'dbt', 'action': 'invocation', 'label': 'end', 'context': [<snowplow_tracker.self_describing_json.SelfDescribingJson object at 0x000002858511E910>, <snowplow_tracker.self_describing_json.SelfDescribingJson object at 0x0000028584E693D0>, <snowplow_tracker.self_describing_json.SelfDescribingJson object at 0x000002858CC870D0>]}
[0m10:23:19.783248 [debug] [MainThread]: Flushing usage events
[0m10:23:20.447010 [debug] [MainThread]: An error was encountered while trying to flush usage events
[0m10:23:27.830695 [debug] [MainThread]: Sending event: {'category': 'dbt', 'action': 'invocation', 'label': 'start', 'context': [<snowplow_tracker.self_describing_json.SelfDescribingJson object at 0x000002877BF17E90>, <snowplow_tracker.self_describing_json.SelfDescribingJson object at 0x000002877BF17F50>, <snowplow_tracker.self_describing_json.SelfDescribingJson object at 0x000002877BE45050>]}


============================== 10:23:27.835370 | f3de30c5-1e4e-4a39-a8c6-2f631a4a3ff2 ==============================
[0m10:23:27.835370 [info ] [MainThread]: Running with dbt=1.11.9
[0m10:23:27.835370 [debug] [MainThread]: running dbt with arguments {'static_parser': 'True', 'no_print': 'None', 'version_check': 'True', 'warn_error_options': 'WarnErrorOptionsV2(error=[], warn=[], silence=[])', 'target_path': 'None', 'printer_width': '80', 'write_json': 'True', 'introspect': 'True', 'log_cache_events': 'False', 'empty': 'False', 'cache_selected_only': 'False', 'log_format': 'default', 'debug': 'False', 'fail_fast': 'False', 'profiles_dir': 'C:\\Users\\HP VICTUS\\.dbt', 'send_anonymous_usage_stats': 'True', 'quiet': 'False', 'warn_error': 'None', 'partial_parse': 'True', 'indirect_selection': 'eager', 'invocation_command': 'dbt run --select staging', 'use_colors': 'True', 'use_experimental_parser': 'False', 'log_path': 'C:\\Users\\HP VICTUS\\Documents\\Inteligencia de Negocios\\CentroPsicologico-BI\\dbt_centro_psicologico\\logs'}
[0m10:23:28.000235 [debug] [MainThread]: Sending event: {'category': 'dbt', 'action': 'project_id', 'label': 'f3de30c5-1e4e-4a39-a8c6-2f631a4a3ff2', 'context': [<snowplow_tracker.self_describing_json.SelfDescribingJson object at 0x000002877C135F90>]}
[0m10:23:28.050991 [debug] [MainThread]: Sending event: {'category': 'dbt', 'action': 'adapter_info', 'label': 'f3de30c5-1e4e-4a39-a8c6-2f631a4a3ff2', 'context': [<snowplow_tracker.self_describing_json.SelfDescribingJson object at 0x00000287775BD9D0>]}
[0m10:23:28.052431 [info ] [MainThread]: Registered adapter: postgres=1.10.0
[0m10:23:28.266420 [debug] [MainThread]: checksum: f8bb6a62265c70f2530bed05e52c2cee1c1844b101d398a67d5798350ab914c5, vars: {}, profile: , target: , version: 1.11.9
[0m10:23:28.348061 [debug] [MainThread]: Partial parsing enabled: 0 files deleted, 0 files added, 0 files changed.
[0m10:23:28.349428 [debug] [MainThread]: Nothing changed, skipping partial parsing.
[0m10:23:28.349428 [debug] [MainThread]: Partial parsing enabled, no changes found, skipping parsing
[0m10:23:28.366943 [debug] [MainThread]: Sending event: {'category': 'dbt', 'action': 'load_project', 'label': 'f3de30c5-1e4e-4a39-a8c6-2f631a4a3ff2', 'context': [<snowplow_tracker.self_describing_json.SelfDescribingJson object at 0x000002877C4B2290>]}
[0m10:23:28.412293 [debug] [MainThread]: Wrote artifact WritableManifest to C:\Users\HP VICTUS\Documents\Inteligencia de Negocios\CentroPsicologico-BI\dbt_centro_psicologico\target\manifest.json
[0m10:23:28.415376 [debug] [MainThread]: Wrote artifact SemanticManifest to C:\Users\HP VICTUS\Documents\Inteligencia de Negocios\CentroPsicologico-BI\dbt_centro_psicologico\target\semantic_manifest.json
[0m10:23:28.428033 [debug] [MainThread]: Sending event: {'category': 'dbt', 'action': 'resource_counts', 'label': 'f3de30c5-1e4e-4a39-a8c6-2f631a4a3ff2', 'context': [<snowplow_tracker.self_describing_json.SelfDescribingJson object at 0x000002877C38FFD0>]}
[0m10:23:28.429086 [info ] [MainThread]: Found 11 models, 468 macros
[0m10:23:28.429086 [debug] [MainThread]: Sending event: {'category': 'dbt', 'action': 'runnable_timing', 'label': 'f3de30c5-1e4e-4a39-a8c6-2f631a4a3ff2', 'context': [<snowplow_tracker.self_describing_json.SelfDescribingJson object at 0x000002877BF1DA50>]}
[0m10:23:28.432571 [warn ] [MainThread]: Nothing to do. Try checking your model configs and model specification args
[0m10:23:28.435234 [debug] [MainThread]: Command end result
[0m10:23:28.513847 [debug] [MainThread]: Wrote artifact WritableManifest to C:\Users\HP VICTUS\Documents\Inteligencia de Negocios\CentroPsicologico-BI\dbt_centro_psicologico\target\manifest.json
[0m10:23:28.517858 [debug] [MainThread]: Wrote artifact SemanticManifest to C:\Users\HP VICTUS\Documents\Inteligencia de Negocios\CentroPsicologico-BI\dbt_centro_psicologico\target\semantic_manifest.json
[0m10:23:28.520860 [debug] [MainThread]: Wrote artifact RunExecutionResult to C:\Users\HP VICTUS\Documents\Inteligencia de Negocios\CentroPsicologico-BI\dbt_centro_psicologico\target\run_results.json
[0m10:23:28.521859 [debug] [MainThread]: Command `dbt run` succeeded at 10:23:28.521859 after 0.78 seconds
[0m10:23:28.521859 [debug] [MainThread]: Sending event: {'category': 'dbt', 'action': 'invocation', 'label': 'end', 'context': [<snowplow_tracker.self_describing_json.SelfDescribingJson object at 0x00000287742DE910>, <snowplow_tracker.self_describing_json.SelfDescribingJson object at 0x0000028774028310>, <snowplow_tracker.self_describing_json.SelfDescribingJson object at 0x0000028774028290>]}
[0m10:23:28.522858 [debug] [MainThread]: Flushing usage events
[0m10:23:29.175263 [debug] [MainThread]: An error was encountered while trying to flush usage events
[0m10:23:36.207821 [debug] [MainThread]: Sending event: {'category': 'dbt', 'action': 'invocation', 'label': 'start', 'context': [<snowplow_tracker.self_describing_json.SelfDescribingJson object at 0x00000106D558B350>, <snowplow_tracker.self_describing_json.SelfDescribingJson object at 0x00000106DA719A10>, <snowplow_tracker.self_describing_json.SelfDescribingJson object at 0x00000106DA7E7E50>]}


============================== 10:23:36.211636 | 0cf566dd-128c-42db-8a15-7a781530237d ==============================
[0m10:23:36.211636 [info ] [MainThread]: Running with dbt=1.11.9
[0m10:23:36.211636 [debug] [MainThread]: running dbt with arguments {'version_check': 'True', 'no_print': 'None', 'static_parser': 'True', 'warn_error_options': 'WarnErrorOptionsV2(error=[], warn=[], silence=[])', 'target_path': 'None', 'printer_width': '80', 'write_json': 'True', 'introspect': 'True', 'log_cache_events': 'False', 'empty': 'False', 'cache_selected_only': 'False', 'log_format': 'default', 'debug': 'False', 'fail_fast': 'False', 'partial_parse': 'True', 'send_anonymous_usage_stats': 'True', 'quiet': 'False', 'warn_error': 'None', 'profiles_dir': 'C:\\Users\\HP VICTUS\\.dbt', 'indirect_selection': 'eager', 'use_colors': 'True', 'invocation_command': 'dbt run --select marts', 'use_experimental_parser': 'False', 'log_path': 'C:\\Users\\HP VICTUS\\Documents\\Inteligencia de Negocios\\CentroPsicologico-BI\\dbt_centro_psicologico\\logs'}
[0m10:23:36.345569 [debug] [MainThread]: Sending event: {'category': 'dbt', 'action': 'project_id', 'label': '0cf566dd-128c-42db-8a15-7a781530237d', 'context': [<snowplow_tracker.self_describing_json.SelfDescribingJson object at 0x00000106DAA04E90>]}
[0m10:23:36.388656 [debug] [MainThread]: Sending event: {'category': 'dbt', 'action': 'adapter_info', 'label': '0cf566dd-128c-42db-8a15-7a781530237d', 'context': [<snowplow_tracker.self_describing_json.SelfDescribingJson object at 0x00000106D5E8DB50>]}
[0m10:23:36.390116 [info ] [MainThread]: Registered adapter: postgres=1.10.0
[0m10:23:36.586224 [debug] [MainThread]: checksum: f8bb6a62265c70f2530bed05e52c2cee1c1844b101d398a67d5798350ab914c5, vars: {}, profile: , target: , version: 1.11.9
[0m10:23:36.657730 [debug] [MainThread]: Partial parsing enabled: 0 files deleted, 0 files added, 0 files changed.
[0m10:23:36.659671 [debug] [MainThread]: Nothing changed, skipping partial parsing.
[0m10:23:36.660182 [debug] [MainThread]: Partial parsing enabled, no changes found, skipping parsing
[0m10:23:36.677508 [debug] [MainThread]: Sending event: {'category': 'dbt', 'action': 'load_project', 'label': '0cf566dd-128c-42db-8a15-7a781530237d', 'context': [<snowplow_tracker.self_describing_json.SelfDescribingJson object at 0x00000106DAD50C10>]}
[0m10:23:36.725348 [debug] [MainThread]: Wrote artifact WritableManifest to C:\Users\HP VICTUS\Documents\Inteligencia de Negocios\CentroPsicologico-BI\dbt_centro_psicologico\target\manifest.json
[0m10:23:36.726787 [debug] [MainThread]: Wrote artifact SemanticManifest to C:\Users\HP VICTUS\Documents\Inteligencia de Negocios\CentroPsicologico-BI\dbt_centro_psicologico\target\semantic_manifest.json
[0m10:23:36.738918 [debug] [MainThread]: Sending event: {'category': 'dbt', 'action': 'resource_counts', 'label': '0cf566dd-128c-42db-8a15-7a781530237d', 'context': [<snowplow_tracker.self_describing_json.SelfDescribingJson object at 0x00000106DAC896D0>]}
[0m10:23:36.739924 [info ] [MainThread]: Found 11 models, 468 macros
[0m10:23:36.739924 [debug] [MainThread]: Sending event: {'category': 'dbt', 'action': 'runnable_timing', 'label': '0cf566dd-128c-42db-8a15-7a781530237d', 'context': [<snowplow_tracker.self_describing_json.SelfDescribingJson object at 0x00000106DAC5F690>]}
[0m10:23:36.742926 [warn ] [MainThread]: Nothing to do. Try checking your model configs and model specification args
[0m10:23:36.745052 [debug] [MainThread]: Command end result
[0m10:23:36.819477 [debug] [MainThread]: Wrote artifact WritableManifest to C:\Users\HP VICTUS\Documents\Inteligencia de Negocios\CentroPsicologico-BI\dbt_centro_psicologico\target\manifest.json
[0m10:23:36.821958 [debug] [MainThread]: Wrote artifact SemanticManifest to C:\Users\HP VICTUS\Documents\Inteligencia de Negocios\CentroPsicologico-BI\dbt_centro_psicologico\target\semantic_manifest.json
[0m10:23:36.824461 [debug] [MainThread]: Wrote artifact RunExecutionResult to C:\Users\HP VICTUS\Documents\Inteligencia de Negocios\CentroPsicologico-BI\dbt_centro_psicologico\target\run_results.json
[0m10:23:36.825832 [debug] [MainThread]: Command `dbt run` succeeded at 10:23:36.824461 after 0.68 seconds
[0m10:23:36.825832 [debug] [MainThread]: Sending event: {'category': 'dbt', 'action': 'invocation', 'label': 'end', 'context': [<snowplow_tracker.self_describing_json.SelfDescribingJson object at 0x00000106D2BDE910>, <snowplow_tracker.self_describing_json.SelfDescribingJson object at 0x00000106DA805B10>, <snowplow_tracker.self_describing_json.SelfDescribingJson object at 0x00000106D29282D0>]}
[0m10:23:36.825832 [debug] [MainThread]: Flushing usage events
[0m10:23:37.494991 [debug] [MainThread]: An error was encountered while trying to flush usage events
[0m10:27:42.108436 [debug] [MainThread]: Sending event: {'category': 'dbt', 'action': 'invocation', 'label': 'start', 'context': [<snowplow_tracker.self_describing_json.SelfDescribingJson object at 0x000001F4C054CF90>, <snowplow_tracker.self_describing_json.SelfDescribingJson object at 0x000001F4C0507890>, <snowplow_tracker.self_describing_json.SelfDescribingJson object at 0x000001F4C0505BD0>]}


============================== 10:27:42.113526 | d705b811-d631-4bcf-a454-db8cca3c13ba ==============================
[0m10:27:42.113526 [info ] [MainThread]: Running with dbt=1.11.9
[0m10:27:42.114524 [debug] [MainThread]: running dbt with arguments {'static_parser': 'True', 'no_print': 'None', 'version_check': 'True', 'warn_error_options': 'WarnErrorOptionsV2(error=[], warn=[], silence=[])', 'target_path': 'None', 'printer_width': '80', 'write_json': 'True', 'introspect': 'True', 'log_cache_events': 'False', 'empty': 'None', 'cache_selected_only': 'False', 'fail_fast': 'False', 'debug': 'False', 'log_format': 'default', 'profiles_dir': 'C:\\Users\\HP VICTUS\\.dbt', 'send_anonymous_usage_stats': 'True', 'quiet': 'False', 'warn_error': 'None', 'partial_parse': 'True', 'use_colors': 'True', 'indirect_selection': 'eager', 'invocation_command': 'dbt ls --resource-type model', 'use_experimental_parser': 'False', 'log_path': 'C:\\Users\\HP VICTUS\\Documents\\Inteligencia de Negocios\\CentroPsicologico-BI\\dbt_centro_psicologico\\logs'}
[0m10:27:42.339390 [debug] [MainThread]: Sending event: {'category': 'dbt', 'action': 'project_id', 'label': 'd705b811-d631-4bcf-a454-db8cca3c13ba', 'context': [<snowplow_tracker.self_describing_json.SelfDescribingJson object at 0x000001F4C07597D0>]}
[0m10:27:42.384885 [debug] [MainThread]: Sending event: {'category': 'dbt', 'action': 'adapter_info', 'label': 'd705b811-d631-4bcf-a454-db8cca3c13ba', 'context': [<snowplow_tracker.self_describing_json.SelfDescribingJson object at 0x000001F4BBC7F6D0>]}
[0m10:27:42.386890 [info ] [MainThread]: Registered adapter: postgres=1.10.0
[0m10:27:42.653406 [debug] [MainThread]: checksum: f8bb6a62265c70f2530bed05e52c2cee1c1844b101d398a67d5798350ab914c5, vars: {}, profile: , target: , version: 1.11.9
[0m10:27:42.764500 [debug] [MainThread]: Partial parsing enabled: 0 files deleted, 0 files added, 0 files changed.
[0m10:27:42.764500 [debug] [MainThread]: Nothing changed, skipping partial parsing.
[0m10:27:42.764500 [debug] [MainThread]: Partial parsing enabled, no changes found, skipping parsing
[0m10:27:42.782269 [debug] [MainThread]: Sending event: {'category': 'dbt', 'action': 'load_project', 'label': 'd705b811-d631-4bcf-a454-db8cca3c13ba', 'context': [<snowplow_tracker.self_describing_json.SelfDescribingJson object at 0x000001F4C0B220D0>]}
[0m10:27:42.827612 [debug] [MainThread]: Wrote artifact WritableManifest to C:\Users\HP VICTUS\Documents\Inteligencia de Negocios\CentroPsicologico-BI\dbt_centro_psicologico\target\manifest.json
[0m10:27:42.829612 [debug] [MainThread]: Wrote artifact SemanticManifest to C:\Users\HP VICTUS\Documents\Inteligencia de Negocios\CentroPsicologico-BI\dbt_centro_psicologico\target\semantic_manifest.json
[0m10:27:42.859883 [debug] [MainThread]: Sending event: {'category': 'dbt', 'action': 'resource_counts', 'label': 'd705b811-d631-4bcf-a454-db8cca3c13ba', 'context': [<snowplow_tracker.self_describing_json.SelfDescribingJson object at 0x000001F4C0A88050>]}
[0m10:27:42.859883 [info ] [MainThread]: Found 11 models, 468 macros
[0m10:27:42.860882 [debug] [MainThread]: Sending event: {'category': 'dbt', 'action': 'runnable_timing', 'label': 'd705b811-d631-4bcf-a454-db8cca3c13ba', 'context': [<snowplow_tracker.self_describing_json.SelfDescribingJson object at 0x000001F4C07C5A90>]}
[0m10:27:42.862443 [info ] [MainThread]: dbt_centro_psicologico.marts.dim_paciente
[0m10:27:42.863465 [info ] [MainThread]: dbt_centro_psicologico.marts.dim_psicologo
[0m10:27:42.863465 [info ] [MainThread]: dbt_centro_psicologico.marts.dim_sede
[0m10:27:42.864518 [info ] [MainThread]: dbt_centro_psicologico.marts.dim_servicio
[0m10:27:42.864518 [info ] [MainThread]: dbt_centro_psicologico.marts.dim_tiempo
[0m10:27:42.864518 [info ] [MainThread]: dbt_centro_psicologico.marts.fact_facturacion
[0m10:27:42.865964 [info ] [MainThread]: dbt_centro_psicologico.marts.fact_sesion
[0m10:27:42.867512 [info ] [MainThread]: dbt_centro_psicologico.staging.stg_pacientes
[0m10:27:42.868168 [info ] [MainThread]: dbt_centro_psicologico.staging.stg_psicologos
[0m10:27:42.868695 [info ] [MainThread]: dbt_centro_psicologico.staging.stg_sedes
[0m10:27:42.869783 [info ] [MainThread]: dbt_centro_psicologico.staging.stg_sesiones
[0m10:27:42.871395 [debug] [MainThread]: Command `dbt ls` succeeded at 10:27:42.871395 after 0.84 seconds
[0m10:27:42.871918 [debug] [MainThread]: Sending event: {'category': 'dbt', 'action': 'invocation', 'label': 'end', 'context': [<snowplow_tracker.self_describing_json.SelfDescribingJson object at 0x000001F4B89CE910>, <snowplow_tracker.self_describing_json.SelfDescribingJson object at 0x000001F4BE66BE90>, <snowplow_tracker.self_describing_json.SelfDescribingJson object at 0x000001F4B8718290>]}
[0m10:27:42.872434 [debug] [MainThread]: Flushing usage events
[0m10:27:43.900909 [debug] [MainThread]: An error was encountered while trying to flush usage events
[0m10:28:45.662740 [debug] [MainThread]: Sending event: {'category': 'dbt', 'action': 'invocation', 'label': 'start', 'context': [<snowplow_tracker.self_describing_json.SelfDescribingJson object at 0x00000164460EB610>, <snowplow_tracker.self_describing_json.SelfDescribingJson object at 0x00000164460EAC50>, <snowplow_tracker.self_describing_json.SelfDescribingJson object at 0x0000016447310F10>]}


============================== 10:28:45.668115 | a0e50328-ed61-4a27-9ab8-eb01c3ca0d29 ==============================
[0m10:28:45.668115 [info ] [MainThread]: Running with dbt=1.11.9
[0m10:28:45.669117 [debug] [MainThread]: running dbt with arguments {'version_check': 'True', 'no_print': 'None', 'static_parser': 'True', 'target_path': 'None', 'warn_error_options': 'WarnErrorOptionsV2(error=[], warn=[], silence=[])', 'printer_width': '80', 'write_json': 'True', 'empty': 'False', 'log_cache_events': 'False', 'introspect': 'True', 'cache_selected_only': 'False', 'fail_fast': 'False', 'debug': 'False', 'log_format': 'default', 'profiles_dir': 'C:\\Users\\HP VICTUS\\.dbt', 'send_anonymous_usage_stats': 'True', 'quiet': 'False', 'warn_error': 'None', 'partial_parse': 'True', 'use_colors': 'True', 'indirect_selection': 'eager', 'invocation_command': 'dbt run --select stg_pacientes', 'use_experimental_parser': 'False', 'log_path': 'C:\\Users\\HP VICTUS\\Documents\\Inteligencia de Negocios\\CentroPsicologico-BI\\dbt_centro_psicologico\\logs'}
[0m10:28:45.954530 [debug] [MainThread]: Sending event: {'category': 'dbt', 'action': 'project_id', 'label': 'a0e50328-ed61-4a27-9ab8-eb01c3ca0d29', 'context': [<snowplow_tracker.self_describing_json.SelfDescribingJson object at 0x0000016447605950>]}
[0m10:28:46.027492 [debug] [MainThread]: Sending event: {'category': 'dbt', 'action': 'adapter_info', 'label': 'a0e50328-ed61-4a27-9ab8-eb01c3ca0d29', 'context': [<snowplow_tracker.self_describing_json.SelfDescribingJson object at 0x0000016442A8F9D0>]}
[0m10:28:46.030776 [info ] [MainThread]: Registered adapter: postgres=1.10.0
[0m10:28:46.254457 [debug] [MainThread]: checksum: f8bb6a62265c70f2530bed05e52c2cee1c1844b101d398a67d5798350ab914c5, vars: {}, profile: , target: , version: 1.11.9
[0m10:28:46.353311 [debug] [MainThread]: Partial parsing enabled: 0 files deleted, 0 files added, 0 files changed.
[0m10:28:46.353311 [debug] [MainThread]: Nothing changed, skipping partial parsing.
[0m10:28:46.353311 [debug] [MainThread]: Partial parsing enabled, no changes found, skipping parsing
[0m10:28:46.371230 [debug] [MainThread]: Sending event: {'category': 'dbt', 'action': 'load_project', 'label': 'a0e50328-ed61-4a27-9ab8-eb01c3ca0d29', 'context': [<snowplow_tracker.self_describing_json.SelfDescribingJson object at 0x0000016447947C10>]}
[0m10:28:46.426473 [debug] [MainThread]: Wrote artifact WritableManifest to C:\Users\HP VICTUS\Documents\Inteligencia de Negocios\CentroPsicologico-BI\dbt_centro_psicologico\target\manifest.json
[0m10:28:46.429062 [debug] [MainThread]: Wrote artifact SemanticManifest to C:\Users\HP VICTUS\Documents\Inteligencia de Negocios\CentroPsicologico-BI\dbt_centro_psicologico\target\semantic_manifest.json
[0m10:28:46.443197 [debug] [MainThread]: Sending event: {'category': 'dbt', 'action': 'resource_counts', 'label': 'a0e50328-ed61-4a27-9ab8-eb01c3ca0d29', 'context': [<snowplow_tracker.self_describing_json.SelfDescribingJson object at 0x000001644754B590>]}
[0m10:28:46.444612 [info ] [MainThread]: Found 11 models, 468 macros
[0m10:28:46.444612 [debug] [MainThread]: Sending event: {'category': 'dbt', 'action': 'runnable_timing', 'label': 'a0e50328-ed61-4a27-9ab8-eb01c3ca0d29', 'context': [<snowplow_tracker.self_describing_json.SelfDescribingJson object at 0x0000016447311C10>]}
[0m10:28:46.447644 [warn ] [MainThread]: Nothing to do. Try checking your model configs and model specification args
[0m10:28:46.449780 [debug] [MainThread]: Command end result
[0m10:28:46.529451 [debug] [MainThread]: Wrote artifact WritableManifest to C:\Users\HP VICTUS\Documents\Inteligencia de Negocios\CentroPsicologico-BI\dbt_centro_psicologico\target\manifest.json
[0m10:28:46.530885 [debug] [MainThread]: Wrote artifact SemanticManifest to C:\Users\HP VICTUS\Documents\Inteligencia de Negocios\CentroPsicologico-BI\dbt_centro_psicologico\target\semantic_manifest.json
[0m10:28:46.534797 [debug] [MainThread]: Wrote artifact RunExecutionResult to C:\Users\HP VICTUS\Documents\Inteligencia de Negocios\CentroPsicologico-BI\dbt_centro_psicologico\target\run_results.json
[0m10:28:46.534797 [debug] [MainThread]: Command `dbt run` succeeded at 10:28:46.534797 after 0.96 seconds
[0m10:28:46.535843 [debug] [MainThread]: Sending event: {'category': 'dbt', 'action': 'invocation', 'label': 'end', 'context': [<snowplow_tracker.self_describing_json.SelfDescribingJson object at 0x000001643F7FE910>, <snowplow_tracker.self_describing_json.SelfDescribingJson object at 0x000001643F548E90>, <snowplow_tracker.self_describing_json.SelfDescribingJson object at 0x000001643F548290>]}
[0m10:28:46.535843 [debug] [MainThread]: Flushing usage events
[0m10:28:47.455886 [debug] [MainThread]: An error was encountered while trying to flush usage events
[0m10:30:20.509730 [debug] [MainThread]: Sending event: {'category': 'dbt', 'action': 'invocation', 'label': 'start', 'context': [<snowplow_tracker.self_describing_json.SelfDescribingJson object at 0x0000021EC72A6FD0>, <snowplow_tracker.self_describing_json.SelfDescribingJson object at 0x0000021EC72A7090>, <snowplow_tracker.self_describing_json.SelfDescribingJson object at 0x0000021EC72A4590>]}


============================== 10:30:20.513591 | 332d1213-e55d-4062-9ee2-1eb9d0c9cf8d ==============================
[0m10:30:20.513591 [info ] [MainThread]: Running with dbt=1.11.9
[0m10:30:20.514592 [debug] [MainThread]: running dbt with arguments {'version_check': 'True', 'no_print': 'None', 'static_parser': 'True', 'warn_error_options': 'WarnErrorOptionsV2(error=[], warn=[], silence=[])', 'target_path': 'None', 'printer_width': '80', 'write_json': 'True', 'empty': 'None', 'log_cache_events': 'False', 'introspect': 'True', 'cache_selected_only': 'False', 'log_format': 'default', 'debug': 'False', 'fail_fast': 'False', 'partial_parse': 'True', 'send_anonymous_usage_stats': 'True', 'quiet': 'False', 'warn_error': 'None', 'profiles_dir': 'C:\\Users\\HP VICTUS\\.dbt', 'invocation_command': 'dbt ls --select stg_pacientes --output json', 'use_colors': 'True', 'indirect_selection': 'eager', 'use_experimental_parser': 'False', 'log_path': 'C:\\Users\\HP VICTUS\\Documents\\Inteligencia de Negocios\\CentroPsicologico-BI\\dbt_centro_psicologico\\logs'}
[0m10:30:20.677087 [debug] [MainThread]: Sending event: {'category': 'dbt', 'action': 'project_id', 'label': '332d1213-e55d-4062-9ee2-1eb9d0c9cf8d', 'context': [<snowplow_tracker.self_describing_json.SelfDescribingJson object at 0x0000021EC74A5710>]}
[0m10:30:20.723642 [debug] [MainThread]: Sending event: {'category': 'dbt', 'action': 'adapter_info', 'label': '332d1213-e55d-4062-9ee2-1eb9d0c9cf8d', 'context': [<snowplow_tracker.self_describing_json.SelfDescribingJson object at 0x0000021EC2A1C2D0>]}
[0m10:30:20.725853 [info ] [MainThread]: Registered adapter: postgres=1.10.0
[0m10:30:20.926498 [debug] [MainThread]: checksum: f8bb6a62265c70f2530bed05e52c2cee1c1844b101d398a67d5798350ab914c5, vars: {}, profile: , target: , version: 1.11.9
[0m10:30:21.014618 [debug] [MainThread]: Partial parsing enabled: 0 files deleted, 0 files added, 0 files changed.
[0m10:30:21.014618 [debug] [MainThread]: Nothing changed, skipping partial parsing.
[0m10:30:21.014618 [debug] [MainThread]: Partial parsing enabled, no changes found, skipping parsing
[0m10:30:21.031056 [debug] [MainThread]: Sending event: {'category': 'dbt', 'action': 'load_project', 'label': '332d1213-e55d-4062-9ee2-1eb9d0c9cf8d', 'context': [<snowplow_tracker.self_describing_json.SelfDescribingJson object at 0x0000021EC78C95D0>]}
[0m10:30:21.079068 [debug] [MainThread]: Wrote artifact WritableManifest to C:\Users\HP VICTUS\Documents\Inteligencia de Negocios\CentroPsicologico-BI\dbt_centro_psicologico\target\manifest.json
[0m10:30:21.081572 [debug] [MainThread]: Wrote artifact SemanticManifest to C:\Users\HP VICTUS\Documents\Inteligencia de Negocios\CentroPsicologico-BI\dbt_centro_psicologico\target\semantic_manifest.json
[0m10:30:21.104111 [debug] [MainThread]: Sending event: {'category': 'dbt', 'action': 'resource_counts', 'label': '332d1213-e55d-4062-9ee2-1eb9d0c9cf8d', 'context': [<snowplow_tracker.self_describing_json.SelfDescribingJson object at 0x0000021EC77CBD50>]}
[0m10:30:21.104111 [info ] [MainThread]: Found 11 models, 468 macros
[0m10:30:21.105111 [debug] [MainThread]: Sending event: {'category': 'dbt', 'action': 'runnable_timing', 'label': '332d1213-e55d-4062-9ee2-1eb9d0c9cf8d', 'context': [<snowplow_tracker.self_describing_json.SelfDescribingJson object at 0x0000021EC7295D90>]}
[0m10:30:21.106124 [info ] [MainThread]: {"name": "stg_pacientes", "resource_type": "model", "package_name": "dbt_centro_psicologico", "original_file_path": "models\\staging\\stg_pacientes.sql", "unique_id": "model.dbt_centro_psicologico.stg_pacientes", "alias": "stg_pacientes", "config": {"enabled": true, "alias": null, "schema": "staging", "database": null, "tags": [], "meta": {}, "group": null, "static_analysis": null, "materialized": "view", "incremental_strategy": null, "batch_size": null, "lookback": 1, "begin": null, "persist_docs": {}, "post-hook": [], "pre-hook": [], "quoting": {}, "column_types": {}, "full_refresh": null, "unique_key": null, "on_schema_change": "ignore", "on_configuration_change": "apply", "grants": {}, "packages": [], "docs": {"show": true, "node_color": null}, "contract": {"enforced": false, "alias_types": true}, "event_time": null, "concurrent_batches": null, "access": "protected", "freshness": null}, "tags": [], "depends_on": {"macros": [], "nodes": []}}
[0m10:30:21.108111 [debug] [MainThread]: Command `dbt ls` succeeded at 10:30:21.108111 after 0.67 seconds
[0m10:30:21.108111 [debug] [MainThread]: Sending event: {'category': 'dbt', 'action': 'invocation', 'label': 'end', 'context': [<snowplow_tracker.self_describing_json.SelfDescribingJson object at 0x0000021EBF75EC90>, <snowplow_tracker.self_describing_json.SelfDescribingJson object at 0x0000021EC53F7F10>, <snowplow_tracker.self_describing_json.SelfDescribingJson object at 0x0000021EC606B7D0>]}
[0m10:30:21.108862 [debug] [MainThread]: Flushing usage events
[0m10:30:22.138310 [debug] [MainThread]: An error was encountered while trying to flush usage events
[0m10:30:53.083367 [debug] [MainThread]: Sending event: {'category': 'dbt', 'action': 'invocation', 'label': 'start', 'context': [<snowplow_tracker.self_describing_json.SelfDescribingJson object at 0x000001ED84FDD090>, <snowplow_tracker.self_describing_json.SelfDescribingJson object at 0x000001ED84F35210>, <snowplow_tracker.self_describing_json.SelfDescribingJson object at 0x000001ED80E26B10>]}


============================== 10:30:53.088180 | 8904c242-b869-4d77-8cb4-33acfba62c56 ==============================
[0m10:30:53.088180 [info ] [MainThread]: Running with dbt=1.11.9
[0m10:30:53.089187 [debug] [MainThread]: running dbt with arguments {'version_check': 'True', 'no_print': 'None', 'static_parser': 'True', 'warn_error_options': 'WarnErrorOptionsV2(error=[], warn=[], silence=[])', 'target_path': 'None', 'printer_width': '80', 'write_json': 'True', 'introspect': 'True', 'log_cache_events': 'False', 'empty': 'False', 'cache_selected_only': 'False', 'log_format': 'default', 'debug': 'False', 'fail_fast': 'False', 'profiles_dir': 'C:\\Users\\HP VICTUS\\.dbt', 'send_anonymous_usage_stats': 'True', 'quiet': 'False', 'warn_error': 'None', 'partial_parse': 'True', 'use_colors': 'True', 'invocation_command': 'dbt run --select dbt_centro_psicologico.stg_pacientes', 'indirect_selection': 'eager', 'use_experimental_parser': 'False', 'log_path': 'C:\\Users\\HP VICTUS\\Documents\\Inteligencia de Negocios\\CentroPsicologico-BI\\dbt_centro_psicologico\\logs'}
[0m10:30:53.239046 [debug] [MainThread]: Sending event: {'category': 'dbt', 'action': 'project_id', 'label': '8904c242-b869-4d77-8cb4-33acfba62c56', 'context': [<snowplow_tracker.self_describing_json.SelfDescribingJson object at 0x000001ED83750B90>]}
[0m10:30:53.280876 [debug] [MainThread]: Sending event: {'category': 'dbt', 'action': 'adapter_info', 'label': '8904c242-b869-4d77-8cb4-33acfba62c56', 'context': [<snowplow_tracker.self_describing_json.SelfDescribingJson object at 0x000001ED84FEB410>]}
[0m10:30:53.282888 [info ] [MainThread]: Registered adapter: postgres=1.10.0
[0m10:30:53.466641 [debug] [MainThread]: checksum: f8bb6a62265c70f2530bed05e52c2cee1c1844b101d398a67d5798350ab914c5, vars: {}, profile: , target: , version: 1.11.9
[0m10:30:53.545590 [debug] [MainThread]: Partial parsing enabled: 0 files deleted, 0 files added, 0 files changed.
[0m10:30:53.546597 [debug] [MainThread]: Nothing changed, skipping partial parsing.
[0m10:30:53.546597 [debug] [MainThread]: Partial parsing enabled, no changes found, skipping parsing
[0m10:30:53.563431 [debug] [MainThread]: Sending event: {'category': 'dbt', 'action': 'load_project', 'label': '8904c242-b869-4d77-8cb4-33acfba62c56', 'context': [<snowplow_tracker.self_describing_json.SelfDescribingJson object at 0x000001ED855B2A90>]}
[0m10:30:53.613448 [debug] [MainThread]: Wrote artifact WritableManifest to C:\Users\HP VICTUS\Documents\Inteligencia de Negocios\CentroPsicologico-BI\dbt_centro_psicologico\target\manifest.json
[0m10:30:53.615451 [debug] [MainThread]: Wrote artifact SemanticManifest to C:\Users\HP VICTUS\Documents\Inteligencia de Negocios\CentroPsicologico-BI\dbt_centro_psicologico\target\semantic_manifest.json
[0m10:30:53.627553 [debug] [MainThread]: Sending event: {'category': 'dbt', 'action': 'resource_counts', 'label': '8904c242-b869-4d77-8cb4-33acfba62c56', 'context': [<snowplow_tracker.self_describing_json.SelfDescribingJson object at 0x000001ED8523F650>]}
[0m10:30:53.627553 [info ] [MainThread]: Found 11 models, 468 macros
[0m10:30:53.628553 [debug] [MainThread]: Sending event: {'category': 'dbt', 'action': 'runnable_timing', 'label': '8904c242-b869-4d77-8cb4-33acfba62c56', 'context': [<snowplow_tracker.self_describing_json.SelfDescribingJson object at 0x000001ED856B9590>]}
[0m10:30:53.628553 [warn ] [MainThread]: The selection criterion 'dbt_centro_psicologico.stg_pacientes' does not match any enabled nodes
[0m10:30:53.632242 [warn ] [MainThread]: Nothing to do. Try checking your model configs and model specification args
[0m10:30:53.633243 [debug] [MainThread]: Command end result
[0m10:30:53.713603 [debug] [MainThread]: Wrote artifact WritableManifest to C:\Users\HP VICTUS\Documents\Inteligencia de Negocios\CentroPsicologico-BI\dbt_centro_psicologico\target\manifest.json
[0m10:30:53.715603 [debug] [MainThread]: Wrote artifact SemanticManifest to C:\Users\HP VICTUS\Documents\Inteligencia de Negocios\CentroPsicologico-BI\dbt_centro_psicologico\target\semantic_manifest.json
[0m10:30:53.718603 [debug] [MainThread]: Wrote artifact RunExecutionResult to C:\Users\HP VICTUS\Documents\Inteligencia de Negocios\CentroPsicologico-BI\dbt_centro_psicologico\target\run_results.json
[0m10:30:53.719609 [debug] [MainThread]: Command `dbt run` succeeded at 10:30:53.719609 after 0.71 seconds
[0m10:30:53.719609 [debug] [MainThread]: Sending event: {'category': 'dbt', 'action': 'invocation', 'label': 'end', 'context': [<snowplow_tracker.self_describing_json.SelfDescribingJson object at 0x000001EDFD44E990>, <snowplow_tracker.self_describing_json.SelfDescribingJson object at 0x000001ED83C261D0>, <snowplow_tracker.self_describing_json.SelfDescribingJson object at 0x000001EDFD198250>]}
[0m10:30:53.719609 [debug] [MainThread]: Flushing usage events
[0m10:30:54.593975 [debug] [MainThread]: An error was encountered while trying to flush usage events
[0m10:31:01.520934 [debug] [MainThread]: Sending event: {'category': 'dbt', 'action': 'invocation', 'label': 'start', 'context': [<snowplow_tracker.self_describing_json.SelfDescribingJson object at 0x000002C4F34A1190>, <snowplow_tracker.self_describing_json.SelfDescribingJson object at 0x000002C4F34A0ED0>, <snowplow_tracker.self_describing_json.SelfDescribingJson object at 0x000002C4F3538110>]}


============================== 10:31:01.524957 | b5ad1924-b50d-40b4-b107-01ac0751f1d8 ==============================
[0m10:31:01.524957 [info ] [MainThread]: Running with dbt=1.11.9
[0m10:31:01.525959 [debug] [MainThread]: running dbt with arguments {'version_check': 'True', 'no_print': 'None', 'static_parser': 'True', 'warn_error_options': 'WarnErrorOptionsV2(error=[], warn=[], silence=[])', 'target_path': 'None', 'printer_width': '80', 'write_json': 'True', 'empty': 'False', 'log_cache_events': 'False', 'introspect': 'True', 'cache_selected_only': 'False', 'log_format': 'default', 'debug': 'False', 'fail_fast': 'False', 'profiles_dir': 'C:\\Users\\HP VICTUS\\.dbt', 'send_anonymous_usage_stats': 'True', 'quiet': 'False', 'warn_error': 'None', 'partial_parse': 'True', 'invocation_command': 'dbt build --select dbt_centro_psicologico.stg_pacientes', 'indirect_selection': 'eager', 'use_colors': 'True', 'use_experimental_parser': 'False', 'log_path': 'C:\\Users\\HP VICTUS\\Documents\\Inteligencia de Negocios\\CentroPsicologico-BI\\dbt_centro_psicologico\\logs'}
[0m10:31:01.661476 [debug] [MainThread]: Sending event: {'category': 'dbt', 'action': 'project_id', 'label': 'b5ad1924-b50d-40b4-b107-01ac0751f1d8', 'context': [<snowplow_tracker.self_describing_json.SelfDescribingJson object at 0x000002C4F36C5ED0>]}
[0m10:31:01.701106 [debug] [MainThread]: Sending event: {'category': 'dbt', 'action': 'adapter_info', 'label': 'b5ad1924-b50d-40b4-b107-01ac0751f1d8', 'context': [<snowplow_tracker.self_describing_json.SelfDescribingJson object at 0x000002C4EEBFF410>]}
[0m10:31:01.702114 [info ] [MainThread]: Registered adapter: postgres=1.10.0
[0m10:31:01.880906 [debug] [MainThread]: checksum: f8bb6a62265c70f2530bed05e52c2cee1c1844b101d398a67d5798350ab914c5, vars: {}, profile: , target: , version: 1.11.9
[0m10:31:01.962391 [debug] [MainThread]: Partial parsing enabled: 0 files deleted, 0 files added, 0 files changed.
[0m10:31:01.962391 [debug] [MainThread]: Nothing changed, skipping partial parsing.
[0m10:31:01.963393 [debug] [MainThread]: Partial parsing enabled, no changes found, skipping parsing
[0m10:31:01.983643 [debug] [MainThread]: Sending event: {'category': 'dbt', 'action': 'load_project', 'label': 'b5ad1924-b50d-40b4-b107-01ac0751f1d8', 'context': [<snowplow_tracker.self_describing_json.SelfDescribingJson object at 0x000002C4F3A696D0>]}
[0m10:31:02.035683 [debug] [MainThread]: Wrote artifact WritableManifest to C:\Users\HP VICTUS\Documents\Inteligencia de Negocios\CentroPsicologico-BI\dbt_centro_psicologico\target\manifest.json
[0m10:31:02.037811 [debug] [MainThread]: Wrote artifact SemanticManifest to C:\Users\HP VICTUS\Documents\Inteligencia de Negocios\CentroPsicologico-BI\dbt_centro_psicologico\target\semantic_manifest.json
[0m10:31:02.130674 [debug] [MainThread]: Sending event: {'category': 'dbt', 'action': 'resource_counts', 'label': 'b5ad1924-b50d-40b4-b107-01ac0751f1d8', 'context': [<snowplow_tracker.self_describing_json.SelfDescribingJson object at 0x000002C4F35380D0>]}
[0m10:31:02.131186 [info ] [MainThread]: Found 11 models, 468 macros
[0m10:31:02.132246 [warn ] [MainThread]: The selection criterion 'dbt_centro_psicologico.stg_pacientes' does not match any enabled nodes
[0m10:31:02.134838 [warn ] [MainThread]: Nothing to do. Try checking your model configs and model specification args
[0m10:31:02.135844 [debug] [MainThread]: Command end result
[0m10:31:02.158720 [debug] [MainThread]: Wrote artifact WritableManifest to C:\Users\HP VICTUS\Documents\Inteligencia de Negocios\CentroPsicologico-BI\dbt_centro_psicologico\target\manifest.json
[0m10:31:02.160818 [debug] [MainThread]: Wrote artifact SemanticManifest to C:\Users\HP VICTUS\Documents\Inteligencia de Negocios\CentroPsicologico-BI\dbt_centro_psicologico\target\semantic_manifest.json
[0m10:31:02.160818 [debug] [MainThread]: Wrote artifact RunExecutionResult to C:\Users\HP VICTUS\Documents\Inteligencia de Negocios\CentroPsicologico-BI\dbt_centro_psicologico\target\run_results.json
[0m10:31:02.160818 [debug] [MainThread]: Command `dbt build` succeeded at 10:31:02.160818 after 0.71 seconds
[0m10:31:02.160818 [debug] [MainThread]: Sending event: {'category': 'dbt', 'action': 'invocation', 'label': 'end', 'context': [<snowplow_tracker.self_describing_json.SelfDescribingJson object at 0x000002C4EB9FE990>, <snowplow_tracker.self_describing_json.SelfDescribingJson object at 0x000002C4F34A0450>, <snowplow_tracker.self_describing_json.SelfDescribingJson object at 0x000002C4F34A3F90>]}
[0m10:31:02.160818 [debug] [MainThread]: Flushing usage events
[0m10:31:02.815860 [debug] [MainThread]: An error was encountered while trying to flush usage events
[0m10:31:11.394716 [debug] [MainThread]: Sending event: {'category': 'dbt', 'action': 'invocation', 'label': 'start', 'context': [<snowplow_tracker.self_describing_json.SelfDescribingJson object at 0x000002630255C350>, <snowplow_tracker.self_describing_json.SelfDescribingJson object at 0x000002630128B290>, <snowplow_tracker.self_describing_json.SelfDescribingJson object at 0x0000026301417610>]}


============================== 10:31:11.398723 | c3f92d4c-9c55-4cf1-9f7e-4363bcfce6e6 ==============================
[0m10:31:11.398723 [info ] [MainThread]: Running with dbt=1.11.9
[0m10:31:11.399723 [debug] [MainThread]: running dbt with arguments {'static_parser': 'True', 'no_print': 'None', 'version_check': 'True', 'warn_error_options': 'WarnErrorOptionsV2(error=[], warn=[], silence=[])', 'target_path': 'None', 'printer_width': '80', 'write_json': 'True', 'empty': 'False', 'log_cache_events': 'False', 'introspect': 'True', 'cache_selected_only': 'False', 'fail_fast': 'False', 'debug': 'False', 'log_format': 'default', 'partial_parse': 'True', 'send_anonymous_usage_stats': 'True', 'quiet': 'False', 'warn_error': 'None', 'profiles_dir': 'C:\\Users\\HP VICTUS\\.dbt', 'use_colors': 'True', 'invocation_command': 'dbt run --select stg_pacientes --exclude nothing', 'indirect_selection': 'eager', 'use_experimental_parser': 'False', 'log_path': 'C:\\Users\\HP VICTUS\\Documents\\Inteligencia de Negocios\\CentroPsicologico-BI\\dbt_centro_psicologico\\logs'}
[0m10:31:11.531220 [debug] [MainThread]: Sending event: {'category': 'dbt', 'action': 'project_id', 'label': 'c3f92d4c-9c55-4cf1-9f7e-4363bcfce6e6', 'context': [<snowplow_tracker.self_describing_json.SelfDescribingJson object at 0x0000026302704390>]}
[0m10:31:11.583437 [debug] [MainThread]: Sending event: {'category': 'dbt', 'action': 'adapter_info', 'label': 'c3f92d4c-9c55-4cf1-9f7e-4363bcfce6e6', 'context': [<snowplow_tracker.self_describing_json.SelfDescribingJson object at 0x000002637DB4DA90>]}
[0m10:31:11.584438 [info ] [MainThread]: Registered adapter: postgres=1.10.0
[0m10:31:11.835191 [debug] [MainThread]: checksum: f8bb6a62265c70f2530bed05e52c2cee1c1844b101d398a67d5798350ab914c5, vars: {}, profile: , target: , version: 1.11.9
[0m10:31:11.920990 [debug] [MainThread]: Partial parsing enabled: 0 files deleted, 0 files added, 0 files changed.
[0m10:31:11.922123 [debug] [MainThread]: Nothing changed, skipping partial parsing.
[0m10:31:11.922123 [debug] [MainThread]: Partial parsing enabled, no changes found, skipping parsing
[0m10:31:11.941172 [debug] [MainThread]: Sending event: {'category': 'dbt', 'action': 'load_project', 'label': 'c3f92d4c-9c55-4cf1-9f7e-4363bcfce6e6', 'context': [<snowplow_tracker.self_describing_json.SelfDescribingJson object at 0x0000026302AE7910>]}
[0m10:31:11.994880 [debug] [MainThread]: Wrote artifact WritableManifest to C:\Users\HP VICTUS\Documents\Inteligencia de Negocios\CentroPsicologico-BI\dbt_centro_psicologico\target\manifest.json
[0m10:31:11.997892 [debug] [MainThread]: Wrote artifact SemanticManifest to C:\Users\HP VICTUS\Documents\Inteligencia de Negocios\CentroPsicologico-BI\dbt_centro_psicologico\target\semantic_manifest.json
[0m10:31:12.010833 [debug] [MainThread]: Sending event: {'category': 'dbt', 'action': 'resource_counts', 'label': 'c3f92d4c-9c55-4cf1-9f7e-4363bcfce6e6', 'context': [<snowplow_tracker.self_describing_json.SelfDescribingJson object at 0x00000263029FFF50>]}
[0m10:31:12.011842 [info ] [MainThread]: Found 11 models, 468 macros
[0m10:31:12.012840 [debug] [MainThread]: Sending event: {'category': 'dbt', 'action': 'runnable_timing', 'label': 'c3f92d4c-9c55-4cf1-9f7e-4363bcfce6e6', 'context': [<snowplow_tracker.self_describing_json.SelfDescribingJson object at 0x00000263029E9B50>]}
[0m10:31:12.013838 [warn ] [MainThread]: The selection criterion 'nothing' does not match any enabled nodes
[0m10:31:12.014840 [warn ] [MainThread]: Nothing to do. Try checking your model configs and model specification args
[0m10:31:12.016839 [debug] [MainThread]: Command end result
[0m10:31:12.098548 [debug] [MainThread]: Wrote artifact WritableManifest to C:\Users\HP VICTUS\Documents\Inteligencia de Negocios\CentroPsicologico-BI\dbt_centro_psicologico\target\manifest.json
[0m10:31:12.101199 [debug] [MainThread]: Wrote artifact SemanticManifest to C:\Users\HP VICTUS\Documents\Inteligencia de Negocios\CentroPsicologico-BI\dbt_centro_psicologico\target\semantic_manifest.json
[0m10:31:12.104752 [debug] [MainThread]: Wrote artifact RunExecutionResult to C:\Users\HP VICTUS\Documents\Inteligencia de Negocios\CentroPsicologico-BI\dbt_centro_psicologico\target\run_results.json
[0m10:31:12.105750 [debug] [MainThread]: Command `dbt run` succeeded at 10:31:12.105750 after 0.77 seconds
[0m10:31:12.105750 [debug] [MainThread]: Sending event: {'category': 'dbt', 'action': 'invocation', 'label': 'end', 'context': [<snowplow_tracker.self_describing_json.SelfDescribingJson object at 0x000002630011A310>, <snowplow_tracker.self_describing_json.SelfDescribingJson object at 0x000002637A8BEC90>, <snowplow_tracker.self_describing_json.SelfDescribingJson object at 0x000002637A8BE690>]}
[0m10:31:12.106750 [debug] [MainThread]: Flushing usage events
[0m10:31:12.935102 [debug] [MainThread]: An error was encountered while trying to flush usage events
[0m10:31:31.398592 [debug] [MainThread]: Sending event: {'category': 'dbt', 'action': 'invocation', 'label': 'start', 'context': [<snowplow_tracker.self_describing_json.SelfDescribingJson object at 0x000002764FFF12D0>, <snowplow_tracker.self_describing_json.SelfDescribingJson object at 0x000002765008C5D0>, <snowplow_tracker.self_describing_json.SelfDescribingJson object at 0x000002765008CC90>]}


============================== 10:31:31.403055 | 57e9ecef-4a86-417d-8e3c-ea0cd4303dc0 ==============================
[0m10:31:31.403055 [info ] [MainThread]: Running with dbt=1.11.9
[0m10:31:31.404074 [debug] [MainThread]: running dbt with arguments {'version_check': 'True', 'no_print': 'None', 'static_parser': 'True', 'warn_error_options': 'WarnErrorOptionsV2(error=[], warn=[], silence=[])', 'target_path': 'None', 'printer_width': '80', 'write_json': 'True', 'introspect': 'True', 'log_cache_events': 'False', 'empty': 'False', 'cache_selected_only': 'False', 'log_format': 'default', 'debug': 'True', 'fail_fast': 'False', 'partial_parse': 'True', 'send_anonymous_usage_stats': 'True', 'quiet': 'False', 'warn_error': 'None', 'profiles_dir': 'C:\\Users\\HP VICTUS\\.dbt', 'invocation_command': 'dbt run --select stg_pacientes --debug', 'indirect_selection': 'eager', 'use_colors': 'True', 'use_experimental_parser': 'False', 'log_path': 'C:\\Users\\HP VICTUS\\Documents\\Inteligencia de Negocios\\CentroPsicologico-BI\\dbt_centro_psicologico\\logs'}
[0m10:31:31.557080 [debug] [MainThread]: Sending event: {'category': 'dbt', 'action': 'project_id', 'label': '57e9ecef-4a86-417d-8e3c-ea0cd4303dc0', 'context': [<snowplow_tracker.self_describing_json.SelfDescribingJson object at 0x0000027650111750>]}
[0m10:31:31.609810 [debug] [MainThread]: Sending event: {'category': 'dbt', 'action': 'adapter_info', 'label': '57e9ecef-4a86-417d-8e3c-ea0cd4303dc0', 'context': [<snowplow_tracker.self_describing_json.SelfDescribingJson object at 0x000002764B76C110>]}
[0m10:31:31.611313 [info ] [MainThread]: Registered adapter: postgres=1.10.0
[0m10:31:31.816699 [debug] [MainThread]: checksum: f8bb6a62265c70f2530bed05e52c2cee1c1844b101d398a67d5798350ab914c5, vars: {}, profile: , target: , version: 1.11.9
[0m10:31:31.901838 [debug] [MainThread]: Partial parsing enabled: 0 files deleted, 0 files added, 0 files changed.
[0m10:31:31.901838 [debug] [MainThread]: Nothing changed, skipping partial parsing.
[0m10:31:31.903123 [debug] [MainThread]: Partial parsing enabled, no changes found, skipping parsing
[0m10:31:31.922316 [debug] [MainThread]: Sending event: {'category': 'dbt', 'action': 'load_project', 'label': '57e9ecef-4a86-417d-8e3c-ea0cd4303dc0', 'context': [<snowplow_tracker.self_describing_json.SelfDescribingJson object at 0x00000276505C0110>]}
[0m10:31:31.972361 [debug] [MainThread]: Wrote artifact WritableManifest to C:\Users\HP VICTUS\Documents\Inteligencia de Negocios\CentroPsicologico-BI\dbt_centro_psicologico\target\manifest.json
[0m10:31:31.975361 [debug] [MainThread]: Wrote artifact SemanticManifest to C:\Users\HP VICTUS\Documents\Inteligencia de Negocios\CentroPsicologico-BI\dbt_centro_psicologico\target\semantic_manifest.json
[0m10:31:31.989297 [debug] [MainThread]: Sending event: {'category': 'dbt', 'action': 'resource_counts', 'label': '57e9ecef-4a86-417d-8e3c-ea0cd4303dc0', 'context': [<snowplow_tracker.self_describing_json.SelfDescribingJson object at 0x0000027650559E10>]}
[0m10:31:31.990805 [info ] [MainThread]: Found 11 models, 468 macros
[0m10:31:31.991811 [debug] [MainThread]: Sending event: {'category': 'dbt', 'action': 'runnable_timing', 'label': '57e9ecef-4a86-417d-8e3c-ea0cd4303dc0', 'context': [<snowplow_tracker.self_describing_json.SelfDescribingJson object at 0x00000276502E3750>]}
[0m10:31:31.993820 [warn ] [MainThread]: Nothing to do. Try checking your model configs and model specification args
[0m10:31:31.995250 [debug] [MainThread]: Command end result
[0m10:31:32.075549 [debug] [MainThread]: Wrote artifact WritableManifest to C:\Users\HP VICTUS\Documents\Inteligencia de Negocios\CentroPsicologico-BI\dbt_centro_psicologico\target\manifest.json
[0m10:31:32.077884 [debug] [MainThread]: Wrote artifact SemanticManifest to C:\Users\HP VICTUS\Documents\Inteligencia de Negocios\CentroPsicologico-BI\dbt_centro_psicologico\target\semantic_manifest.json
[0m10:31:32.081056 [debug] [MainThread]: Wrote artifact RunExecutionResult to C:\Users\HP VICTUS\Documents\Inteligencia de Negocios\CentroPsicologico-BI\dbt_centro_psicologico\target\run_results.json
[0m10:31:32.082071 [debug] [MainThread]: Command `dbt run` succeeded at 10:31:32.081056 after 0.75 seconds
[0m10:31:32.082071 [debug] [MainThread]: Sending event: {'category': 'dbt', 'action': 'invocation', 'label': 'end', 'context': [<snowplow_tracker.self_describing_json.SelfDescribingJson object at 0x00000276482F8F50>, <snowplow_tracker.self_describing_json.SelfDescribingJson object at 0x00000276482F8F90>, <snowplow_tracker.self_describing_json.SelfDescribingJson object at 0x00000276482F8250>]}
[0m10:31:32.083071 [debug] [MainThread]: Flushing usage events
[0m10:31:32.986805 [debug] [MainThread]: An error was encountered while trying to flush usage events
[0m10:33:05.490132 [debug] [MainThread]: Sending event: {'category': 'dbt', 'action': 'invocation', 'label': 'start', 'context': [<snowplow_tracker.self_describing_json.SelfDescribingJson object at 0x0000022554C86810>, <snowplow_tracker.self_describing_json.SelfDescribingJson object at 0x0000022554CB6FD0>, <snowplow_tracker.self_describing_json.SelfDescribingJson object at 0x0000022554CB4D50>]}


============================== 10:33:05.495348 | 00591070-3180-4256-953d-3f35bde7cdbe ==============================
[0m10:33:05.495348 [info ] [MainThread]: Running with dbt=1.11.9
[0m10:33:05.496355 [debug] [MainThread]: running dbt with arguments {'static_parser': 'True', 'no_print': 'None', 'version_check': 'True', 'target_path': 'None', 'warn_error_options': 'WarnErrorOptionsV2(error=[], warn=[], silence=[])', 'printer_width': '80', 'write_json': 'True', 'introspect': 'True', 'log_cache_events': 'False', 'empty': 'None', 'cache_selected_only': 'False', 'fail_fast': 'False', 'debug': 'False', 'log_format': 'default', 'profiles_dir': 'C:\\Users\\HP VICTUS\\.dbt', 'send_anonymous_usage_stats': 'True', 'quiet': 'False', 'warn_error': 'None', 'partial_parse': 'True', 'invocation_command': 'dbt clean', 'indirect_selection': 'eager', 'use_colors': 'True', 'use_experimental_parser': 'False', 'log_path': 'C:\\Users\\HP VICTUS\\Documents\\Inteligencia de Negocios\\CentroPsicologico-BI\\dbt_centro_psicologico\\logs'}
[0m10:33:05.641859 [debug] [MainThread]: Sending event: {'category': 'dbt', 'action': 'project_id', 'label': '00591070-3180-4256-953d-3f35bde7cdbe', 'context': [<snowplow_tracker.self_describing_json.SelfDescribingJson object at 0x0000022554DCBDD0>]}
[0m10:33:05.676693 [debug] [MainThread]: Command `dbt clean` succeeded at 10:33:05.676693 after 0.28 seconds
[0m10:33:05.676693 [debug] [MainThread]: Sending event: {'category': 'dbt', 'action': 'invocation', 'label': 'end', 'context': [<snowplow_tracker.self_describing_json.SelfDescribingJson object at 0x000002254D15E5D0>, <snowplow_tracker.self_describing_json.SelfDescribingJson object at 0x0000022553A4AF50>, <snowplow_tracker.self_describing_json.SelfDescribingJson object at 0x000002254CF98D90>]}
[0m10:33:05.678171 [debug] [MainThread]: Flushing usage events
[0m10:33:06.562907 [debug] [MainThread]: An error was encountered while trying to flush usage events
[0m10:33:09.831603 [debug] [MainThread]: Sending event: {'category': 'dbt', 'action': 'invocation', 'label': 'start', 'context': [<snowplow_tracker.self_describing_json.SelfDescribingJson object at 0x0000018A54AE48D0>, <snowplow_tracker.self_describing_json.SelfDescribingJson object at 0x0000018A537CD9D0>, <snowplow_tracker.self_describing_json.SelfDescribingJson object at 0x0000018A54AE4450>]}


============================== 10:33:09.835996 | 07515a8a-6b80-4224-9dc9-f5ce517d45b4 ==============================
[0m10:33:09.835996 [info ] [MainThread]: Running with dbt=1.11.9
[0m10:33:09.837001 [debug] [MainThread]: running dbt with arguments {'version_check': 'True', 'no_print': 'None', 'static_parser': 'True', 'warn_error_options': 'WarnErrorOptionsV2(error=[], warn=[], silence=[])', 'target_path': 'None', 'printer_width': '80', 'write_json': 'True', 'empty': 'None', 'log_cache_events': 'False', 'introspect': 'True', 'cache_selected_only': 'False', 'fail_fast': 'False', 'debug': 'False', 'log_format': 'default', 'profiles_dir': 'C:\\Users\\HP VICTUS\\.dbt', 'send_anonymous_usage_stats': 'True', 'quiet': 'False', 'warn_error': 'None', 'partial_parse': 'True', 'use_colors': 'True', 'indirect_selection': 'eager', 'invocation_command': 'dbt parse', 'use_experimental_parser': 'False', 'log_path': 'C:\\Users\\HP VICTUS\\Documents\\Inteligencia de Negocios\\CentroPsicologico-BI\\dbt_centro_psicologico\\logs'}
[0m10:33:09.972374 [debug] [MainThread]: Sending event: {'category': 'dbt', 'action': 'project_id', 'label': '07515a8a-6b80-4224-9dc9-f5ce517d45b4', 'context': [<snowplow_tracker.self_describing_json.SelfDescribingJson object at 0x0000018A54B501D0>]}
[0m10:33:10.016134 [debug] [MainThread]: Sending event: {'category': 'dbt', 'action': 'adapter_info', 'label': '07515a8a-6b80-4224-9dc9-f5ce517d45b4', 'context': [<snowplow_tracker.self_describing_json.SelfDescribingJson object at 0x0000018A5025C1D0>]}
[0m10:33:10.017133 [info ] [MainThread]: Registered adapter: postgres=1.10.0
[0m10:33:10.203268 [debug] [MainThread]: checksum: f8bb6a62265c70f2530bed05e52c2cee1c1844b101d398a67d5798350ab914c5, vars: {}, profile: , target: , version: 1.11.9
[0m10:33:10.203268 [info ] [MainThread]: Unable to do partial parsing because saved manifest not found. Starting full parse.
[0m10:33:10.204393 [debug] [MainThread]: Sending event: {'category': 'dbt', 'action': 'partial_parser', 'label': '07515a8a-6b80-4224-9dc9-f5ce517d45b4', 'context': [<snowplow_tracker.self_describing_json.SelfDescribingJson object at 0x0000018A54F93B90>]}
[0m10:33:11.252856 [error] [MainThread]: Encountered an error:
Compilation Error
  Model 'model.dbt_centro_psicologico.stg_pacientes' (models\staging\stg_pacientes.sql) depends on a source named 'centro_raw.oltp_pacientes' which was not found
[0m10:33:11.256379 [debug] [MainThread]: Command `dbt parse` failed at 10:33:11.255294 after 1.49 seconds
[0m10:33:11.257407 [debug] [MainThread]: Sending event: {'category': 'dbt', 'action': 'invocation', 'label': 'end', 'context': [<snowplow_tracker.self_describing_json.SelfDescribingJson object at 0x0000018A54B77DD0>, <snowplow_tracker.self_describing_json.SelfDescribingJson object at 0x0000018A54B77D50>, <snowplow_tracker.self_describing_json.SelfDescribingJson object at 0x0000018A4CCF8E50>]}
[0m10:33:11.258531 [debug] [MainThread]: Flushing usage events
[0m10:33:12.283705 [debug] [MainThread]: An error was encountered while trying to flush usage events
[0m10:37:37.119839 [debug] [MainThread]: Sending event: {'category': 'dbt', 'action': 'invocation', 'label': 'start', 'context': [<snowplow_tracker.self_describing_json.SelfDescribingJson object at 0x000001D658880290>, <snowplow_tracker.self_describing_json.SelfDescribingJson object at 0x000001D65756DBD0>, <snowplow_tracker.self_describing_json.SelfDescribingJson object at 0x000001D658882E50>]}


============================== 10:37:37.124721 | ffe8eccf-f77a-4183-9b84-0a571c10e8dd ==============================
[0m10:37:37.124721 [info ] [MainThread]: Running with dbt=1.11.9
[0m10:37:37.126011 [debug] [MainThread]: running dbt with arguments {'static_parser': 'True', 'no_print': 'None', 'version_check': 'True', 'warn_error_options': 'WarnErrorOptionsV2(error=[], warn=[], silence=[])', 'target_path': 'None', 'printer_width': '80', 'write_json': 'True', 'introspect': 'True', 'log_cache_events': 'False', 'empty': 'None', 'cache_selected_only': 'False', 'log_format': 'default', 'debug': 'False', 'fail_fast': 'False', 'partial_parse': 'True', 'send_anonymous_usage_stats': 'True', 'quiet': 'False', 'warn_error': 'None', 'profiles_dir': 'C:\\Users\\HP VICTUS\\.dbt', 'use_colors': 'True', 'indirect_selection': 'eager', 'invocation_command': 'dbt clean', 'use_experimental_parser': 'False', 'log_path': 'C:\\Users\\HP VICTUS\\Documents\\Inteligencia de Negocios\\CentroPsicologico-BI\\dbt_centro_psicologico\\logs'}
[0m10:37:37.304542 [debug] [MainThread]: Sending event: {'category': 'dbt', 'action': 'project_id', 'label': 'ffe8eccf-f77a-4183-9b84-0a571c10e8dd', 'context': [<snowplow_tracker.self_describing_json.SelfDescribingJson object at 0x000001D658A4D950>]}
[0m10:37:37.336634 [debug] [MainThread]: Command `dbt clean` succeeded at 10:37:37.335634 after 0.29 seconds
[0m10:37:37.336634 [debug] [MainThread]: Sending event: {'category': 'dbt', 'action': 'invocation', 'label': 'end', 'context': [<snowplow_tracker.self_describing_json.SelfDescribingJson object at 0x000001D650D7E5D0>, <snowplow_tracker.self_describing_json.SelfDescribingJson object at 0x000001D6588F1690>, <snowplow_tracker.self_describing_json.SelfDescribingJson object at 0x000001D6588F35D0>]}
[0m10:37:37.337626 [debug] [MainThread]: Flushing usage events
[0m10:37:38.188130 [debug] [MainThread]: An error was encountered while trying to flush usage events
[0m10:37:43.238567 [debug] [MainThread]: Sending event: {'category': 'dbt', 'action': 'invocation', 'label': 'start', 'context': [<snowplow_tracker.self_describing_json.SelfDescribingJson object at 0x0000020356DC4390>, <snowplow_tracker.self_describing_json.SelfDescribingJson object at 0x0000020356DF4710>, <snowplow_tracker.self_describing_json.SelfDescribingJson object at 0x0000020356DF4490>]}


============================== 10:37:43.242933 | 6a384389-1232-404a-bcdc-0c971855814c ==============================
[0m10:37:43.242933 [info ] [MainThread]: Running with dbt=1.11.9
[0m10:37:43.242933 [debug] [MainThread]: running dbt with arguments {'version_check': 'True', 'no_print': 'None', 'static_parser': 'True', 'target_path': 'None', 'warn_error_options': 'WarnErrorOptionsV2(error=[], warn=[], silence=[])', 'printer_width': '80', 'write_json': 'True', 'introspect': 'True', 'log_cache_events': 'False', 'empty': 'None', 'cache_selected_only': 'False', 'log_format': 'default', 'debug': 'False', 'fail_fast': 'False', 'partial_parse': 'True', 'send_anonymous_usage_stats': 'True', 'quiet': 'False', 'warn_error': 'None', 'profiles_dir': 'C:\\Users\\HP VICTUS\\.dbt', 'invocation_command': 'dbt parse', 'use_colors': 'True', 'indirect_selection': 'eager', 'use_experimental_parser': 'False', 'log_path': 'C:\\Users\\HP VICTUS\\Documents\\Inteligencia de Negocios\\CentroPsicologico-BI\\dbt_centro_psicologico\\logs'}
[0m10:37:43.422480 [debug] [MainThread]: Sending event: {'category': 'dbt', 'action': 'project_id', 'label': '6a384389-1232-404a-bcdc-0c971855814c', 'context': [<snowplow_tracker.self_describing_json.SelfDescribingJson object at 0x0000020356DC8AD0>]}
[0m10:37:43.468321 [debug] [MainThread]: Sending event: {'category': 'dbt', 'action': 'adapter_info', 'label': '6a384389-1232-404a-bcdc-0c971855814c', 'context': [<snowplow_tracker.self_describing_json.SelfDescribingJson object at 0x000002035253C310>]}
[0m10:37:43.469696 [info ] [MainThread]: Registered adapter: postgres=1.10.0
[0m10:37:43.944592 [debug] [MainThread]: checksum: f8bb6a62265c70f2530bed05e52c2cee1c1844b101d398a67d5798350ab914c5, vars: {}, profile: , target: , version: 1.11.9
[0m10:37:43.946035 [info ] [MainThread]: Unable to do partial parsing because saved manifest not found. Starting full parse.
[0m10:37:43.947539 [debug] [MainThread]: Sending event: {'category': 'dbt', 'action': 'partial_parser', 'label': '6a384389-1232-404a-bcdc-0c971855814c', 'context': [<snowplow_tracker.self_describing_json.SelfDescribingJson object at 0x0000020357060710>]}
[0m10:37:46.029171 [warn ] [MainThread]: [[33mWARNING[0m][MissingArgumentsPropertyInGenericTestDeprecation]: Deprecated
functionality
Found top-level arguments to test `relationships` defined on 'fact_sesion' in
package 'dbt_centro_psicologico' (models\marts\schema.yml). Arguments to generic
tests should be nested under the `arguments` property.
[0m10:37:46.036398 [debug] [MainThread]: Sending event: {'category': 'dbt', 'action': 'deprecation', 'label': '6a384389-1232-404a-bcdc-0c971855814c', 'property_': 'warn', 'context': [<snowplow_tracker.self_describing_json.SelfDescribingJson object at 0x0000020357724C90>]}
[0m10:37:46.372110 [debug] [MainThread]: Sending event: {'category': 'dbt', 'action': 'load_project', 'label': '6a384389-1232-404a-bcdc-0c971855814c', 'context': [<snowplow_tracker.self_describing_json.SelfDescribingJson object at 0x0000020357758590>]}
[0m10:37:46.379492 [info ] [MainThread]: Performance info: C:\Users\HP VICTUS\Documents\Inteligencia de Negocios\CentroPsicologico-BI\dbt_centro_psicologico\target\perf_info.json
[0m10:37:46.669358 [debug] [MainThread]: Wrote artifact WritableManifest to C:\Users\HP VICTUS\Documents\Inteligencia de Negocios\CentroPsicologico-BI\dbt_centro_psicologico\target\manifest.json
[0m10:37:46.675559 [debug] [MainThread]: Wrote artifact SemanticManifest to C:\Users\HP VICTUS\Documents\Inteligencia de Negocios\CentroPsicologico-BI\dbt_centro_psicologico\target\semantic_manifest.json
[0m10:37:46.677697 [warn ] [MainThread]: [[33mWARNING[0m][DeprecationsSummary]: Deprecated functionality
Summary of encountered deprecations:
- MissingArgumentsPropertyInGenericTestDeprecation: 10 occurrences
To see all deprecation instances instead of just the first occurrence of each,
run command again with the `--show-all-deprecations` flag. You may also need to
run with `--no-partial-parse` as some deprecations are only encountered during
parsing.
[0m10:37:46.679647 [debug] [MainThread]: Command `dbt parse` succeeded at 10:37:46.679647 after 3.51 seconds
[0m10:37:46.680734 [debug] [MainThread]: Sending event: {'category': 'dbt', 'action': 'invocation', 'label': 'end', 'context': [<snowplow_tracker.self_describing_json.SelfDescribingJson object at 0x000002034F28E5D0>, <snowplow_tracker.self_describing_json.SelfDescribingJson object at 0x000002034EFC8D90>, <snowplow_tracker.self_describing_json.SelfDescribingJson object at 0x000002034EFC8150>]}
[0m10:37:46.681742 [debug] [MainThread]: Flushing usage events
[0m10:37:47.541980 [debug] [MainThread]: An error was encountered while trying to flush usage events
[0m10:37:53.083459 [debug] [MainThread]: Sending event: {'category': 'dbt', 'action': 'invocation', 'label': 'start', 'context': [<snowplow_tracker.self_describing_json.SelfDescribingJson object at 0x0000023CABBE5AD0>, <snowplow_tracker.self_describing_json.SelfDescribingJson object at 0x0000023CAA9BB110>, <snowplow_tracker.self_describing_json.SelfDescribingJson object at 0x0000023CABCB7750>]}


============================== 10:37:53.088470 | 56bae697-c358-4f8a-858e-47ae0b7c9a97 ==============================
[0m10:37:53.088470 [info ] [MainThread]: Running with dbt=1.11.9
[0m10:37:53.088978 [debug] [MainThread]: running dbt with arguments {'version_check': 'True', 'no_print': 'None', 'static_parser': 'True', 'target_path': 'None', 'warn_error_options': 'WarnErrorOptionsV2(error=[], warn=[], silence=[])', 'printer_width': '80', 'write_json': 'True', 'introspect': 'True', 'log_cache_events': 'False', 'empty': 'False', 'cache_selected_only': 'False', 'log_format': 'default', 'debug': 'False', 'fail_fast': 'False', 'partial_parse': 'True', 'send_anonymous_usage_stats': 'True', 'quiet': 'False', 'warn_error': 'None', 'profiles_dir': 'C:\\Users\\HP VICTUS\\.dbt', 'invocation_command': 'dbt run', 'use_colors': 'True', 'indirect_selection': 'eager', 'use_experimental_parser': 'False', 'log_path': 'C:\\Users\\HP VICTUS\\Documents\\Inteligencia de Negocios\\CentroPsicologico-BI\\dbt_centro_psicologico\\logs'}
[0m10:37:53.252257 [debug] [MainThread]: Sending event: {'category': 'dbt', 'action': 'project_id', 'label': '56bae697-c358-4f8a-858e-47ae0b7c9a97', 'context': [<snowplow_tracker.self_describing_json.SelfDescribingJson object at 0x0000023CABE4C7D0>]}
[0m10:37:53.297449 [debug] [MainThread]: Sending event: {'category': 'dbt', 'action': 'adapter_info', 'label': '56bae697-c358-4f8a-858e-47ae0b7c9a97', 'context': [<snowplow_tracker.self_describing_json.SelfDescribingJson object at 0x0000023CA735DC50>]}
[0m10:37:53.299596 [info ] [MainThread]: Registered adapter: postgres=1.10.0
[0m10:37:53.492461 [debug] [MainThread]: checksum: f8bb6a62265c70f2530bed05e52c2cee1c1844b101d398a67d5798350ab914c5, vars: {}, profile: , target: , version: 1.11.9
[0m10:37:53.631605 [debug] [MainThread]: Partial parsing enabled: 0 files deleted, 0 files added, 0 files changed.
[0m10:37:53.631605 [debug] [MainThread]: Nothing changed, skipping partial parsing.
[0m10:37:53.632608 [debug] [MainThread]: Partial parsing enabled, no changes found, skipping parsing
[0m10:37:53.667104 [debug] [MainThread]: Sending event: {'category': 'dbt', 'action': 'load_project', 'label': '56bae697-c358-4f8a-858e-47ae0b7c9a97', 'context': [<snowplow_tracker.self_describing_json.SelfDescribingJson object at 0x0000023CAC2E5850>]}
[0m10:37:53.805951 [debug] [MainThread]: Wrote artifact WritableManifest to C:\Users\HP VICTUS\Documents\Inteligencia de Negocios\CentroPsicologico-BI\dbt_centro_psicologico\target\manifest.json
[0m10:37:53.809049 [debug] [MainThread]: Wrote artifact SemanticManifest to C:\Users\HP VICTUS\Documents\Inteligencia de Negocios\CentroPsicologico-BI\dbt_centro_psicologico\target\semantic_manifest.json
[0m10:37:53.838190 [debug] [MainThread]: Sending event: {'category': 'dbt', 'action': 'resource_counts', 'label': '56bae697-c358-4f8a-858e-47ae0b7c9a97', 'context': [<snowplow_tracker.self_describing_json.SelfDescribingJson object at 0x0000023CAC0F52D0>]}
[0m10:37:53.840719 [info ] [MainThread]: Found 11 models, 24 data tests, 4 sources, 468 macros
[0m10:37:53.841731 [debug] [MainThread]: Sending event: {'category': 'dbt', 'action': 'runnable_timing', 'label': '56bae697-c358-4f8a-858e-47ae0b7c9a97', 'context': [<snowplow_tracker.self_describing_json.SelfDescribingJson object at 0x0000023CAC152710>]}
[0m10:37:53.847161 [info ] [MainThread]: 
[0m10:37:53.848161 [info ] [MainThread]: Concurrency: 4 threads (target='dev')
[0m10:37:53.849547 [info ] [MainThread]: 
[0m10:37:53.850546 [debug] [MainThread]: Acquiring new postgres connection 'master'
[0m10:37:53.859469 [debug] [ThreadPool]: Acquiring new postgres connection 'list_dm_centro_psicologico'
[0m10:37:53.860472 [debug] [ThreadPool]: Acquiring new postgres connection 'list_dm_centro_psicologico'
[0m10:37:57.552358 [debug] [ThreadPool]: Using postgres connection "list_dm_centro_psicologico"
[0m10:37:57.552358 [debug] [ThreadPool]: Using postgres connection "list_dm_centro_psicologico"
[0m10:37:57.552358 [debug] [ThreadPool]: On list_dm_centro_psicologico: /* {"app": "dbt", "dbt_version": "1.11.9", "profile_name": "dbt_centro_psicologico", "target_name": "dev", "connection_name": "list_dm_centro_psicologico"} */

    select distinct nspname from pg_namespace
  
[0m10:37:57.553622 [debug] [ThreadPool]: On list_dm_centro_psicologico: /* {"app": "dbt", "dbt_version": "1.11.9", "profile_name": "dbt_centro_psicologico", "target_name": "dev", "connection_name": "list_dm_centro_psicologico"} */

    select distinct nspname from pg_namespace
  
[0m10:37:57.554300 [debug] [ThreadPool]: Opening a new connection, currently in state init
[0m10:37:57.554300 [debug] [ThreadPool]: Opening a new connection, currently in state init
[0m10:37:57.629428 [debug] [ThreadPool]: SQL status: SELECT 4 in 0.080 seconds
[0m10:37:57.629428 [debug] [ThreadPool]: SQL status: SELECT 4 in 0.081 seconds
[0m10:37:57.629428 [debug] [ThreadPool]: On list_dm_centro_psicologico: Close
[0m10:37:57.629428 [debug] [ThreadPool]: On list_dm_centro_psicologico: Close
[0m10:37:57.639583 [debug] [ThreadPool]: Re-using an available connection from the pool (formerly list_dm_centro_psicologico, now create_dm_centro_psicologico_marts)
[0m10:37:57.640685 [debug] [ThreadPool]: Re-using an available connection from the pool (formerly list_dm_centro_psicologico, now create_dm_centro_psicologico_staging)
[0m10:37:57.641725 [debug] [ThreadPool]: Creating schema "database: "dm_centro_psicologico"
schema: "marts"
"
[0m10:37:57.643117 [debug] [ThreadPool]: Creating schema "database: "dm_centro_psicologico"
schema: "staging"
"
[0m10:37:57.648095 [debug] [ThreadPool]: Using postgres connection "create_dm_centro_psicologico_marts"
[0m10:37:57.650107 [debug] [ThreadPool]: Using postgres connection "create_dm_centro_psicologico_staging"
[0m10:37:57.650107 [debug] [ThreadPool]: On create_dm_centro_psicologico_marts: /* {"app": "dbt", "dbt_version": "1.11.9", "profile_name": "dbt_centro_psicologico", "target_name": "dev", "connection_name": "create_dm_centro_psicologico_marts"} */
create schema if not exists "marts"
[0m10:37:57.651104 [debug] [ThreadPool]: On create_dm_centro_psicologico_staging: /* {"app": "dbt", "dbt_version": "1.11.9", "profile_name": "dbt_centro_psicologico", "target_name": "dev", "connection_name": "create_dm_centro_psicologico_staging"} */
create schema if not exists "staging"
[0m10:37:57.651104 [debug] [ThreadPool]: Opening a new connection, currently in state closed
[0m10:37:57.651104 [debug] [ThreadPool]: Opening a new connection, currently in state closed
[0m10:37:57.678349 [debug] [ThreadPool]: SQL status: CREATE SCHEMA in 0.026 seconds
[0m10:37:57.678349 [debug] [ThreadPool]: SQL status: CREATE SCHEMA in 0.026 seconds
[0m10:37:57.679421 [debug] [ThreadPool]: On create_dm_centro_psicologico_marts: COMMIT
[0m10:37:57.679421 [debug] [ThreadPool]: On create_dm_centro_psicologico_staging: COMMIT
[0m10:37:57.680426 [debug] [ThreadPool]: Using postgres connection "create_dm_centro_psicologico_marts"
[0m10:37:57.680426 [debug] [ThreadPool]: Using postgres connection "create_dm_centro_psicologico_staging"
[0m10:37:57.680426 [debug] [ThreadPool]: On create_dm_centro_psicologico_marts: COMMIT
[0m10:37:57.681429 [debug] [ThreadPool]: On create_dm_centro_psicologico_staging: COMMIT
[0m10:37:57.684925 [debug] [ThreadPool]: SQL status: COMMIT in 0.003 seconds
[0m10:37:57.686262 [debug] [ThreadPool]: SQL status: COMMIT in 0.004 seconds
[0m10:37:57.686262 [debug] [ThreadPool]: On create_dm_centro_psicologico_staging: Close
[0m10:37:57.686262 [debug] [ThreadPool]: On create_dm_centro_psicologico_marts: Close
[0m10:37:57.689624 [debug] [ThreadPool]: Acquiring new postgres connection 'list_dm_centro_psicologico_marts'
[0m10:37:57.690631 [debug] [ThreadPool]: Acquiring new postgres connection 'list_dm_centro_psicologico_staging'
[0m10:37:57.697121 [debug] [ThreadPool]: Using postgres connection "list_dm_centro_psicologico_marts"
[0m10:37:57.699194 [debug] [ThreadPool]: Using postgres connection "list_dm_centro_psicologico_staging"
[0m10:37:57.700192 [debug] [ThreadPool]: On list_dm_centro_psicologico_marts: /* {"app": "dbt", "dbt_version": "1.11.9", "profile_name": "dbt_centro_psicologico", "target_name": "dev", "connection_name": "list_dm_centro_psicologico_marts"} */
select
      'dm_centro_psicologico' as database,
      tablename as name,
      schemaname as schema,
      'table' as type
    from pg_tables
    where schemaname ilike 'marts'
    union all
    select
      'dm_centro_psicologico' as database,
      viewname as name,
      schemaname as schema,
      'view' as type
    from pg_views
    where schemaname ilike 'marts'
    union all
    select
      'dm_centro_psicologico' as database,
      matviewname as name,
      schemaname as schema,
      'materialized_view' as type
    from pg_matviews
    where schemaname ilike 'marts'
  
[0m10:37:57.700192 [debug] [ThreadPool]: On list_dm_centro_psicologico_staging: /* {"app": "dbt", "dbt_version": "1.11.9", "profile_name": "dbt_centro_psicologico", "target_name": "dev", "connection_name": "list_dm_centro_psicologico_staging"} */
select
      'dm_centro_psicologico' as database,
      tablename as name,
      schemaname as schema,
      'table' as type
    from pg_tables
    where schemaname ilike 'staging'
    union all
    select
      'dm_centro_psicologico' as database,
      viewname as name,
      schemaname as schema,
      'view' as type
    from pg_views
    where schemaname ilike 'staging'
    union all
    select
      'dm_centro_psicologico' as database,
      matviewname as name,
      schemaname as schema,
      'materialized_view' as type
    from pg_matviews
    where schemaname ilike 'staging'
  
[0m10:37:57.701191 [debug] [ThreadPool]: Opening a new connection, currently in state init
[0m10:37:57.701191 [debug] [ThreadPool]: Opening a new connection, currently in state init
[0m10:37:57.731413 [debug] [ThreadPool]: SQL status: SELECT 0 in 0.031 seconds
[0m10:37:57.732415 [debug] [ThreadPool]: SQL status: SELECT 0 in 0.031 seconds
[0m10:37:57.733417 [debug] [ThreadPool]: On list_dm_centro_psicologico_marts: ROLLBACK
[0m10:37:57.734414 [debug] [ThreadPool]: On list_dm_centro_psicologico_staging: ROLLBACK
[0m10:37:57.735414 [debug] [ThreadPool]: On list_dm_centro_psicologico_marts: Close
[0m10:37:57.736413 [debug] [ThreadPool]: On list_dm_centro_psicologico_staging: Close
[0m10:37:57.741790 [debug] [MainThread]: Using postgres connection "master"
[0m10:37:57.742788 [debug] [MainThread]: On master: /* {"app": "dbt", "dbt_version": "1.11.9", "profile_name": "dbt_centro_psicologico", "target_name": "dev", "connection_name": "master"} */
select distinct
        dependent_namespace.nspname as dependent_schema,
        dependent_class.relname as dependent_name,
        referenced_namespace.nspname as referenced_schema,
        referenced_class.relname as referenced_name

    -- Query for views: views are entries in pg_class with an entry in pg_rewrite, but we avoid
    -- a seq scan on pg_rewrite by leveraging the fact there is an "internal" row in pg_depend for
    -- the view...
    from pg_class as dependent_class
    join pg_namespace as dependent_namespace on dependent_namespace.oid = dependent_class.relnamespace
    join pg_depend as dependent_depend on dependent_depend.refobjid = dependent_class.oid
        and dependent_depend.classid = 'pg_rewrite'::regclass
        and dependent_depend.refclassid = 'pg_class'::regclass
        and dependent_depend.deptype = 'i'

    -- ... and via pg_depend (that has a row per column, hence the need for "distinct" above, and
    -- making sure to exclude the internal row to avoid a view appearing to depend on itself)...
    join pg_depend as joining_depend on joining_depend.objid = dependent_depend.objid
        and joining_depend.classid = 'pg_rewrite'::regclass
        and joining_depend.refclassid = 'pg_class'::regclass
        and joining_depend.refobjid != dependent_depend.refobjid

    -- ... we can find the tables they query from in pg_class, but excluding system tables. Note we
    -- don't need need to exclude _dependent_ system tables, because they only query from other
    -- system tables, and so are automatically excluded by excluding _referenced_ system tables
    join pg_class as referenced_class on referenced_class.oid = joining_depend.refobjid
    join pg_namespace as referenced_namespace on referenced_namespace.oid = referenced_class.relnamespace
        and referenced_namespace.nspname != 'information_schema'
        and referenced_namespace.nspname not like 'pg\_%'

    order by
        dependent_schema, dependent_name, referenced_schema, referenced_name;
[0m10:37:57.743794 [debug] [MainThread]: Opening a new connection, currently in state init
[0m10:37:57.789532 [debug] [MainThread]: SQL status: SELECT 0 in 0.046 seconds
[0m10:37:57.790598 [debug] [MainThread]: Sending event: {'category': 'dbt', 'action': 'runnable_timing', 'label': '56bae697-c358-4f8a-858e-47ae0b7c9a97', 'context': [<snowplow_tracker.self_describing_json.SelfDescribingJson object at 0x0000023CAC607DD0>]}
[0m10:37:57.791123 [debug] [MainThread]: On master: ROLLBACK
[0m10:37:57.792712 [debug] [MainThread]: On master: COMMIT
[0m10:37:57.793238 [debug] [MainThread]: Using postgres connection "master"
[0m10:37:57.793238 [debug] [MainThread]: On master: COMMIT
[0m10:37:57.794820 [debug] [MainThread]: SQL status: COMMIT in 0.001 seconds
[0m10:37:57.795346 [debug] [MainThread]: On master: Close
[0m10:37:57.856733 [debug] [Thread-1 (]: Began running node model.dbt_centro_psicologico.stg_pacientes
[0m10:37:57.856733 [debug] [Thread-2 (]: Began running node model.dbt_centro_psicologico.stg_psicologos
[0m10:37:57.858431 [debug] [Thread-3 (]: Began running node model.dbt_centro_psicologico.stg_sedes
[0m10:37:57.858431 [debug] [Thread-4 (]: Began running node model.dbt_centro_psicologico.stg_sesiones
[0m10:37:57.858431 [info ] [Thread-1 (]: 1 of 11 START sql view model staging.stg_pacientes ............................. [RUN]
[0m10:37:57.859862 [info ] [Thread-2 (]: 2 of 11 START sql view model staging.stg_psicologos ............................ [RUN]
[0m10:37:57.859862 [info ] [Thread-3 (]: 3 of 11 START sql view model staging.stg_sedes ................................. [RUN]
[0m10:37:57.861976 [info ] [Thread-4 (]: 4 of 11 START sql view model staging.stg_sesiones .............................. [RUN]
[0m10:37:57.862962 [debug] [Thread-1 (]: Acquiring new postgres connection 'model.dbt_centro_psicologico.stg_pacientes'
[0m10:37:57.862962 [debug] [Thread-2 (]: Acquiring new postgres connection 'model.dbt_centro_psicologico.stg_psicologos'
[0m10:37:57.863962 [debug] [Thread-3 (]: Acquiring new postgres connection 'model.dbt_centro_psicologico.stg_sedes'
[0m10:37:57.863962 [debug] [Thread-4 (]: Acquiring new postgres connection 'model.dbt_centro_psicologico.stg_sesiones'
[0m10:37:57.865159 [debug] [Thread-1 (]: Began compiling node model.dbt_centro_psicologico.stg_pacientes
[0m10:37:57.865159 [debug] [Thread-2 (]: Began compiling node model.dbt_centro_psicologico.stg_psicologos
[0m10:37:57.866438 [debug] [Thread-3 (]: Began compiling node model.dbt_centro_psicologico.stg_sedes
[0m10:37:57.866438 [debug] [Thread-4 (]: Began compiling node model.dbt_centro_psicologico.stg_sesiones
[0m10:37:57.872449 [debug] [Thread-1 (]: Writing injected SQL for node "model.dbt_centro_psicologico.stg_pacientes"
[0m10:37:57.875153 [debug] [Thread-2 (]: Writing injected SQL for node "model.dbt_centro_psicologico.stg_psicologos"
[0m10:37:57.878052 [debug] [Thread-3 (]: Writing injected SQL for node "model.dbt_centro_psicologico.stg_sedes"
[0m10:37:57.880963 [debug] [Thread-4 (]: Writing injected SQL for node "model.dbt_centro_psicologico.stg_sesiones"
[0m10:37:57.884806 [debug] [Thread-2 (]: Began executing node model.dbt_centro_psicologico.stg_psicologos
[0m10:37:57.909547 [debug] [Thread-2 (]: Writing runtime sql for node "model.dbt_centro_psicologico.stg_psicologos"
[0m10:37:57.909547 [debug] [Thread-1 (]: Began executing node model.dbt_centro_psicologico.stg_pacientes
[0m10:37:57.909547 [debug] [Thread-3 (]: Began executing node model.dbt_centro_psicologico.stg_sedes
[0m10:37:57.909547 [debug] [Thread-4 (]: Began executing node model.dbt_centro_psicologico.stg_sesiones
[0m10:37:57.913352 [debug] [Thread-1 (]: Writing runtime sql for node "model.dbt_centro_psicologico.stg_pacientes"
[0m10:37:57.917296 [debug] [Thread-3 (]: Writing runtime sql for node "model.dbt_centro_psicologico.stg_sedes"
[0m10:37:57.921814 [debug] [Thread-4 (]: Writing runtime sql for node "model.dbt_centro_psicologico.stg_sesiones"
[0m10:37:57.923435 [debug] [Thread-1 (]: Using postgres connection "model.dbt_centro_psicologico.stg_pacientes"
[0m10:37:57.923435 [debug] [Thread-2 (]: Using postgres connection "model.dbt_centro_psicologico.stg_psicologos"
[0m10:37:57.924841 [debug] [Thread-1 (]: On model.dbt_centro_psicologico.stg_pacientes: /* {"app": "dbt", "dbt_version": "1.11.9", "profile_name": "dbt_centro_psicologico", "target_name": "dev", "node_id": "model.dbt_centro_psicologico.stg_pacientes"} */

  create view "dm_centro_psicologico"."staging"."stg_pacientes__dbt_tmp"
    
    
  as (
    select
    paciente_id,
    codigo_historia,
    tipo_historial,
    nombres,
    apellido_paterno,
    apellido_materno,
    concat_ws(' ', nombres, apellido_paterno, apellido_materno) as nombre_paciente,
    numero_documento,

    case
        when fecha_nacimiento is not null
             and length(fecha_nacimiento::text) = 8
        then to_date(fecha_nacimiento::text, 'YYYYMMDD')
        else null
    end as fecha_nacimiento,

    sexo,
    estado_civil,
    grado_instruccion,
    ocupacion,
    ciudad,
    contacto_celular,
    email,

    case
        when fecha_ingreso is not null
             and length(fecha_ingreso::text) = 8
        then to_date(fecha_ingreso::text, 'YYYYMMDD')
        else null
    end as fecha_ingreso,

    canal_captacion,
    estado_paciente,
    modalidad_preferida,
    sede_id

from "dm_centro_psicologico"."public"."oltp_pacientes"
where coalesce(__deleted, 'false') <> 'true'
  );
[0m10:37:57.924841 [debug] [Thread-3 (]: Using postgres connection "model.dbt_centro_psicologico.stg_sedes"
[0m10:37:57.925846 [debug] [Thread-4 (]: Using postgres connection "model.dbt_centro_psicologico.stg_sesiones"
[0m10:37:57.925846 [debug] [Thread-2 (]: On model.dbt_centro_psicologico.stg_psicologos: /* {"app": "dbt", "dbt_version": "1.11.9", "profile_name": "dbt_centro_psicologico", "target_name": "dev", "node_id": "model.dbt_centro_psicologico.stg_psicologos"} */

  create view "dm_centro_psicologico"."staging"."stg_psicologos__dbt_tmp"
    
    
  as (
    select
    psicologo_id,
    dni,
    nombres as nombre_psicologo,
    especialidad,
    cpp,
    modalidad,
    sede_id,
    estado

from "dm_centro_psicologico"."public"."oltp_psicologos"
where coalesce(__deleted, 'false') <> 'true'
  );
[0m10:37:57.925846 [debug] [Thread-1 (]: Opening a new connection, currently in state init
[0m10:37:57.926903 [debug] [Thread-3 (]: On model.dbt_centro_psicologico.stg_sedes: /* {"app": "dbt", "dbt_version": "1.11.9", "profile_name": "dbt_centro_psicologico", "target_name": "dev", "node_id": "model.dbt_centro_psicologico.stg_sedes"} */

  create view "dm_centro_psicologico"."staging"."stg_sedes__dbt_tmp"
    
    
  as (
    select
    sede_id,
    nombre_sede,
    ciudad,

    case
        when tiene_online = 1 then true
        else false
    end as tiene_online,

    estado

from "dm_centro_psicologico"."public"."oltp_sedes"
where coalesce(__deleted, 'false') <> 'true'
  );
[0m10:37:57.926903 [debug] [Thread-4 (]: On model.dbt_centro_psicologico.stg_sesiones: /* {"app": "dbt", "dbt_version": "1.11.9", "profile_name": "dbt_centro_psicologico", "target_name": "dev", "node_id": "model.dbt_centro_psicologico.stg_sesiones"} */

  create view "dm_centro_psicologico"."staging"."stg_sesiones__dbt_tmp"
    
    
  as (
    select
    sesion_id,
    codigo_historia,
    paciente_id,
    psicologo_id,
    nro_sesion,

    case
        when fecha_sesion is not null
             and length(fecha_sesion::text) = 8
        then to_date(fecha_sesion::text, 'YYYYMMDD')
        else null
    end as fecha_sesion,

    tipo_historial,
    etapa_atencion,
    modalidad,
    duracion_min,
    estado_sesion,
    monto_sesion,
    estado_pago,
    metodo_pago,
    codigo_cie10,
    descripcion_cie10

from "dm_centro_psicologico"."public"."oltp_sesiones"
where coalesce(__deleted, 'false') <> 'true'
  );
[0m10:37:57.926903 [debug] [Thread-2 (]: Opening a new connection, currently in state init
[0m10:37:57.928114 [debug] [Thread-3 (]: Opening a new connection, currently in state init
[0m10:37:57.928114 [debug] [Thread-4 (]: Opening a new connection, currently in state init
[0m10:37:57.971713 [debug] [Thread-3 (]: SQL status: CREATE VIEW in 0.043 seconds
[0m10:37:57.979689 [debug] [Thread-3 (]: Using postgres connection "model.dbt_centro_psicologico.stg_sedes"
[0m10:37:57.979689 [debug] [Thread-4 (]: SQL status: CREATE VIEW in 0.051 seconds
[0m10:37:57.981083 [debug] [Thread-2 (]: SQL status: CREATE VIEW in 0.053 seconds
[0m10:37:57.981083 [debug] [Thread-1 (]: SQL status: CREATE VIEW in 0.055 seconds
[0m10:37:57.981083 [debug] [Thread-3 (]: On model.dbt_centro_psicologico.stg_sedes: /* {"app": "dbt", "dbt_version": "1.11.9", "profile_name": "dbt_centro_psicologico", "target_name": "dev", "node_id": "model.dbt_centro_psicologico.stg_sedes"} */
alter table "dm_centro_psicologico"."staging"."stg_sedes__dbt_tmp" rename to "stg_sedes"
[0m10:37:57.983132 [debug] [Thread-4 (]: Using postgres connection "model.dbt_centro_psicologico.stg_sesiones"
[0m10:37:57.985821 [debug] [Thread-2 (]: Using postgres connection "model.dbt_centro_psicologico.stg_psicologos"
[0m10:37:57.988332 [debug] [Thread-1 (]: Using postgres connection "model.dbt_centro_psicologico.stg_pacientes"
[0m10:37:57.988332 [debug] [Thread-4 (]: On model.dbt_centro_psicologico.stg_sesiones: /* {"app": "dbt", "dbt_version": "1.11.9", "profile_name": "dbt_centro_psicologico", "target_name": "dev", "node_id": "model.dbt_centro_psicologico.stg_sesiones"} */
alter table "dm_centro_psicologico"."staging"."stg_sesiones__dbt_tmp" rename to "stg_sesiones"
[0m10:37:57.989394 [debug] [Thread-2 (]: On model.dbt_centro_psicologico.stg_psicologos: /* {"app": "dbt", "dbt_version": "1.11.9", "profile_name": "dbt_centro_psicologico", "target_name": "dev", "node_id": "model.dbt_centro_psicologico.stg_psicologos"} */
alter table "dm_centro_psicologico"."staging"."stg_psicologos__dbt_tmp" rename to "stg_psicologos"
[0m10:37:57.989394 [debug] [Thread-1 (]: On model.dbt_centro_psicologico.stg_pacientes: /* {"app": "dbt", "dbt_version": "1.11.9", "profile_name": "dbt_centro_psicologico", "target_name": "dev", "node_id": "model.dbt_centro_psicologico.stg_pacientes"} */
alter table "dm_centro_psicologico"."staging"."stg_pacientes__dbt_tmp" rename to "stg_pacientes"
[0m10:37:57.991784 [debug] [Thread-3 (]: SQL status: ALTER TABLE in 0.004 seconds
[0m10:37:57.991784 [debug] [Thread-4 (]: SQL status: ALTER TABLE in 0.002 seconds
[0m10:37:58.001360 [debug] [Thread-1 (]: SQL status: ALTER TABLE in 0.010 seconds
[0m10:37:58.001360 [debug] [Thread-2 (]: SQL status: ALTER TABLE in 0.011 seconds
[0m10:37:58.004596 [debug] [Thread-3 (]: On model.dbt_centro_psicologico.stg_sedes: COMMIT
[0m10:37:58.006593 [debug] [Thread-4 (]: On model.dbt_centro_psicologico.stg_sesiones: COMMIT
[0m10:37:58.006593 [debug] [Thread-1 (]: On model.dbt_centro_psicologico.stg_pacientes: COMMIT
[0m10:37:58.008055 [debug] [Thread-2 (]: On model.dbt_centro_psicologico.stg_psicologos: COMMIT
[0m10:37:58.008055 [debug] [Thread-3 (]: Using postgres connection "model.dbt_centro_psicologico.stg_sedes"
[0m10:37:58.008055 [debug] [Thread-4 (]: Using postgres connection "model.dbt_centro_psicologico.stg_sesiones"
[0m10:37:58.009558 [debug] [Thread-1 (]: Using postgres connection "model.dbt_centro_psicologico.stg_pacientes"
[0m10:37:58.009558 [debug] [Thread-2 (]: Using postgres connection "model.dbt_centro_psicologico.stg_psicologos"
[0m10:37:58.010968 [debug] [Thread-3 (]: On model.dbt_centro_psicologico.stg_sedes: COMMIT
[0m10:37:58.010968 [debug] [Thread-4 (]: On model.dbt_centro_psicologico.stg_sesiones: COMMIT
[0m10:37:58.010968 [debug] [Thread-1 (]: On model.dbt_centro_psicologico.stg_pacientes: COMMIT
[0m10:37:58.012456 [debug] [Thread-2 (]: On model.dbt_centro_psicologico.stg_psicologos: COMMIT
[0m10:37:58.017116 [debug] [Thread-3 (]: SQL status: COMMIT in 0.005 seconds
[0m10:37:58.018122 [debug] [Thread-4 (]: SQL status: COMMIT in 0.005 seconds
[0m10:37:58.018122 [debug] [Thread-2 (]: SQL status: COMMIT in 0.005 seconds
[0m10:37:58.018122 [debug] [Thread-1 (]: SQL status: COMMIT in 0.005 seconds
[0m10:37:58.022906 [debug] [Thread-3 (]: Applying DROP to: "dm_centro_psicologico"."staging"."stg_sedes__dbt_backup"
[0m10:37:58.025904 [debug] [Thread-4 (]: Applying DROP to: "dm_centro_psicologico"."staging"."stg_sesiones__dbt_backup"
[0m10:37:58.028090 [debug] [Thread-2 (]: Applying DROP to: "dm_centro_psicologico"."staging"."stg_psicologos__dbt_backup"
[0m10:37:58.029121 [debug] [Thread-1 (]: Applying DROP to: "dm_centro_psicologico"."staging"."stg_pacientes__dbt_backup"
[0m10:37:58.033621 [debug] [Thread-3 (]: Using postgres connection "model.dbt_centro_psicologico.stg_sedes"
[0m10:37:58.033621 [debug] [Thread-4 (]: Using postgres connection "model.dbt_centro_psicologico.stg_sesiones"
[0m10:37:58.033621 [debug] [Thread-2 (]: Using postgres connection "model.dbt_centro_psicologico.stg_psicologos"
[0m10:37:58.035027 [debug] [Thread-1 (]: Using postgres connection "model.dbt_centro_psicologico.stg_pacientes"
[0m10:37:58.035027 [debug] [Thread-3 (]: On model.dbt_centro_psicologico.stg_sedes: /* {"app": "dbt", "dbt_version": "1.11.9", "profile_name": "dbt_centro_psicologico", "target_name": "dev", "node_id": "model.dbt_centro_psicologico.stg_sedes"} */
drop view if exists "dm_centro_psicologico"."staging"."stg_sedes__dbt_backup" cascade
[0m10:37:58.035027 [debug] [Thread-4 (]: On model.dbt_centro_psicologico.stg_sesiones: /* {"app": "dbt", "dbt_version": "1.11.9", "profile_name": "dbt_centro_psicologico", "target_name": "dev", "node_id": "model.dbt_centro_psicologico.stg_sesiones"} */
drop view if exists "dm_centro_psicologico"."staging"."stg_sesiones__dbt_backup" cascade
[0m10:37:58.036479 [debug] [Thread-2 (]: On model.dbt_centro_psicologico.stg_psicologos: /* {"app": "dbt", "dbt_version": "1.11.9", "profile_name": "dbt_centro_psicologico", "target_name": "dev", "node_id": "model.dbt_centro_psicologico.stg_psicologos"} */
drop view if exists "dm_centro_psicologico"."staging"."stg_psicologos__dbt_backup" cascade
[0m10:37:58.036479 [debug] [Thread-1 (]: On model.dbt_centro_psicologico.stg_pacientes: /* {"app": "dbt", "dbt_version": "1.11.9", "profile_name": "dbt_centro_psicologico", "target_name": "dev", "node_id": "model.dbt_centro_psicologico.stg_pacientes"} */
drop view if exists "dm_centro_psicologico"."staging"."stg_pacientes__dbt_backup" cascade
[0m10:37:58.040916 [debug] [Thread-2 (]: SQL status: DROP VIEW in 0.003 seconds
[0m10:37:58.040916 [debug] [Thread-4 (]: SQL status: DROP VIEW in 0.004 seconds
[0m10:37:58.040916 [debug] [Thread-1 (]: SQL status: DROP VIEW in 0.004 seconds
[0m10:37:58.040916 [debug] [Thread-3 (]: SQL status: DROP VIEW in 0.005 seconds
[0m10:37:58.043283 [debug] [Thread-2 (]: On model.dbt_centro_psicologico.stg_psicologos: Close
[0m10:37:58.044733 [debug] [Thread-4 (]: On model.dbt_centro_psicologico.stg_sesiones: Close
[0m10:37:58.045738 [debug] [Thread-1 (]: On model.dbt_centro_psicologico.stg_pacientes: Close
[0m10:37:58.046760 [debug] [Thread-3 (]: On model.dbt_centro_psicologico.stg_sedes: Close
[0m10:37:58.050601 [debug] [Thread-2 (]: Sending event: {'category': 'dbt', 'action': 'run_model', 'label': '56bae697-c358-4f8a-858e-47ae0b7c9a97', 'context': [<snowplow_tracker.self_describing_json.SelfDescribingJson object at 0x0000023CACBA8690>]}
[0m10:37:58.051611 [debug] [Thread-4 (]: Sending event: {'category': 'dbt', 'action': 'run_model', 'label': '56bae697-c358-4f8a-858e-47ae0b7c9a97', 'context': [<snowplow_tracker.self_describing_json.SelfDescribingJson object at 0x0000023CACBC8CD0>]}
[0m10:37:58.051611 [debug] [Thread-1 (]: Sending event: {'category': 'dbt', 'action': 'run_model', 'label': '56bae697-c358-4f8a-858e-47ae0b7c9a97', 'context': [<snowplow_tracker.self_describing_json.SelfDescribingJson object at 0x0000023CABEF0E90>]}
[0m10:37:58.052536 [debug] [Thread-3 (]: Sending event: {'category': 'dbt', 'action': 'run_model', 'label': '56bae697-c358-4f8a-858e-47ae0b7c9a97', 'context': [<snowplow_tracker.self_describing_json.SelfDescribingJson object at 0x0000023CAC7496D0>]}
[0m10:37:58.053556 [info ] [Thread-2 (]: 2 of 11 OK created sql view model staging.stg_psicologos ....................... [[32mCREATE VIEW[0m in 0.18s]
[0m10:37:58.054562 [info ] [Thread-4 (]: 4 of 11 OK created sql view model staging.stg_sesiones ......................... [[32mCREATE VIEW[0m in 0.18s]
[0m10:37:58.056575 [info ] [Thread-1 (]: 1 of 11 OK created sql view model staging.stg_pacientes ........................ [[32mCREATE VIEW[0m in 0.19s]
[0m10:37:58.058084 [info ] [Thread-3 (]: 3 of 11 OK created sql view model staging.stg_sedes ............................ [[32mCREATE VIEW[0m in 0.19s]
[0m10:37:58.059089 [debug] [Thread-2 (]: Finished running node model.dbt_centro_psicologico.stg_psicologos
[0m10:37:58.060089 [debug] [Thread-4 (]: Finished running node model.dbt_centro_psicologico.stg_sesiones
[0m10:37:58.060089 [debug] [Thread-1 (]: Finished running node model.dbt_centro_psicologico.stg_pacientes
[0m10:37:58.061093 [debug] [Thread-3 (]: Finished running node model.dbt_centro_psicologico.stg_sedes
[0m10:37:58.062093 [debug] [Thread-2 (]: Began running node model.dbt_centro_psicologico.dim_psicologo
[0m10:37:58.063763 [debug] [Thread-1 (]: Began running node model.dbt_centro_psicologico.dim_servicio
[0m10:37:58.064616 [debug] [Thread-4 (]: Began running node model.dbt_centro_psicologico.dim_tiempo
[0m10:37:58.065094 [debug] [Thread-3 (]: Began running node model.dbt_centro_psicologico.dim_paciente
[0m10:37:58.065920 [info ] [Thread-2 (]: 5 of 11 START sql table model marts.dim_psicologo .............................. [RUN]
[0m10:37:58.065920 [info ] [Thread-1 (]: 6 of 11 START sql table model marts.dim_servicio ............................... [RUN]
[0m10:37:58.065920 [info ] [Thread-4 (]: 7 of 11 START sql table model marts.dim_tiempo ................................. [RUN]
[0m10:37:58.067408 [info ] [Thread-3 (]: 8 of 11 START sql table model marts.dim_paciente ............................... [RUN]
[0m10:37:58.068414 [debug] [Thread-2 (]: Re-using an available connection from the pool (formerly model.dbt_centro_psicologico.stg_psicologos, now model.dbt_centro_psicologico.dim_psicologo)
[0m10:37:58.068414 [debug] [Thread-1 (]: Re-using an available connection from the pool (formerly model.dbt_centro_psicologico.stg_pacientes, now model.dbt_centro_psicologico.dim_servicio)
[0m10:37:58.068414 [debug] [Thread-4 (]: Re-using an available connection from the pool (formerly model.dbt_centro_psicologico.stg_sesiones, now model.dbt_centro_psicologico.dim_tiempo)
[0m10:37:58.069716 [debug] [Thread-3 (]: Re-using an available connection from the pool (formerly model.dbt_centro_psicologico.stg_sedes, now model.dbt_centro_psicologico.dim_paciente)
[0m10:37:58.070723 [debug] [Thread-2 (]: Began compiling node model.dbt_centro_psicologico.dim_psicologo
[0m10:37:58.070723 [debug] [Thread-1 (]: Began compiling node model.dbt_centro_psicologico.dim_servicio
[0m10:37:58.070723 [debug] [Thread-4 (]: Began compiling node model.dbt_centro_psicologico.dim_tiempo
[0m10:37:58.072072 [debug] [Thread-3 (]: Began compiling node model.dbt_centro_psicologico.dim_paciente
[0m10:37:58.076373 [debug] [Thread-2 (]: Writing injected SQL for node "model.dbt_centro_psicologico.dim_psicologo"
[0m10:37:58.079269 [debug] [Thread-1 (]: Writing injected SQL for node "model.dbt_centro_psicologico.dim_servicio"
[0m10:37:58.082373 [debug] [Thread-4 (]: Writing injected SQL for node "model.dbt_centro_psicologico.dim_tiempo"
[0m10:37:58.085267 [debug] [Thread-3 (]: Writing injected SQL for node "model.dbt_centro_psicologico.dim_paciente"
[0m10:37:58.088077 [debug] [Thread-1 (]: Began executing node model.dbt_centro_psicologico.dim_servicio
[0m10:37:58.088599 [debug] [Thread-2 (]: Began executing node model.dbt_centro_psicologico.dim_psicologo
[0m10:37:58.089603 [debug] [Thread-4 (]: Began executing node model.dbt_centro_psicologico.dim_tiempo
[0m10:37:58.096318 [debug] [Thread-3 (]: Began executing node model.dbt_centro_psicologico.dim_paciente
[0m10:37:58.108352 [debug] [Thread-1 (]: Writing runtime sql for node "model.dbt_centro_psicologico.dim_servicio"
[0m10:37:58.112736 [debug] [Thread-2 (]: Writing runtime sql for node "model.dbt_centro_psicologico.dim_psicologo"
[0m10:37:58.115325 [debug] [Thread-4 (]: Writing runtime sql for node "model.dbt_centro_psicologico.dim_tiempo"
[0m10:37:58.117750 [debug] [Thread-3 (]: Writing runtime sql for node "model.dbt_centro_psicologico.dim_paciente"
[0m10:37:58.118269 [debug] [Thread-1 (]: Using postgres connection "model.dbt_centro_psicologico.dim_servicio"
[0m10:37:58.119592 [debug] [Thread-2 (]: Using postgres connection "model.dbt_centro_psicologico.dim_psicologo"
[0m10:37:58.119592 [debug] [Thread-1 (]: On model.dbt_centro_psicologico.dim_servicio: /* {"app": "dbt", "dbt_version": "1.11.9", "profile_name": "dbt_centro_psicologico", "target_name": "dev", "node_id": "model.dbt_centro_psicologico.dim_servicio"} */

  
    

  create  table "dm_centro_psicologico"."marts"."dim_servicio__dbt_tmp"
  
  
    as
  
  (
    select
    row_number() over (
        order by tipo_historial, etapa_atencion, modalidad
    ) as servicio_key,

    tipo_historial,
    etapa_atencion,
    modalidad

from (
    select distinct
        tipo_historial,
        etapa_atencion,
        modalidad
    from "dm_centro_psicologico"."staging"."stg_sesiones"
) servicios
  );
  
[0m10:37:58.119592 [debug] [Thread-4 (]: Using postgres connection "model.dbt_centro_psicologico.dim_tiempo"
[0m10:37:58.121053 [debug] [Thread-2 (]: On model.dbt_centro_psicologico.dim_psicologo: /* {"app": "dbt", "dbt_version": "1.11.9", "profile_name": "dbt_centro_psicologico", "target_name": "dev", "node_id": "model.dbt_centro_psicologico.dim_psicologo"} */

  
    

  create  table "dm_centro_psicologico"."marts"."dim_psicologo__dbt_tmp"
  
  
    as
  
  (
    select
    psicologo_id as psicologo_key,
    psicologo_id,
    dni,
    nombre_psicologo,
    especialidad,
    cpp,
    modalidad,
    sede_id,
    estado

from "dm_centro_psicologico"."staging"."stg_psicologos"
  );
  
[0m10:37:58.121053 [debug] [Thread-3 (]: Using postgres connection "model.dbt_centro_psicologico.dim_paciente"
[0m10:37:58.121053 [debug] [Thread-1 (]: Opening a new connection, currently in state closed
[0m10:37:58.121053 [debug] [Thread-4 (]: On model.dbt_centro_psicologico.dim_tiempo: /* {"app": "dbt", "dbt_version": "1.11.9", "profile_name": "dbt_centro_psicologico", "target_name": "dev", "node_id": "model.dbt_centro_psicologico.dim_tiempo"} */

  
    

  create  table "dm_centro_psicologico"."marts"."dim_tiempo__dbt_tmp"
  
  
    as
  
  (
    select
    to_char(fecha_sesion, 'YYYYMMDD')::int as tiempo_key,
    fecha_sesion as fecha,
    extract(year from fecha_sesion)::int as anio,
    extract(quarter from fecha_sesion)::int as trimestre,
    extract(month from fecha_sesion)::int as mes_numero,
    to_char(fecha_sesion, 'TMMonth') as mes_nombre,
    extract(day from fecha_sesion)::int as dia,
    extract(dow from fecha_sesion)::int as dia_semana_numero,
    to_char(fecha_sesion, 'TMDay') as dia_semana_nombre

from (
    select distinct
        fecha_sesion
    from "dm_centro_psicologico"."staging"."stg_sesiones"
    where fecha_sesion is not null
) fechas
  );
  
[0m10:37:58.122529 [debug] [Thread-2 (]: Opening a new connection, currently in state closed
[0m10:37:58.122529 [debug] [Thread-3 (]: On model.dbt_centro_psicologico.dim_paciente: /* {"app": "dbt", "dbt_version": "1.11.9", "profile_name": "dbt_centro_psicologico", "target_name": "dev", "node_id": "model.dbt_centro_psicologico.dim_paciente"} */

  
    

  create  table "dm_centro_psicologico"."marts"."dim_paciente__dbt_tmp"
  
  
    as
  
  (
    select
    paciente_id as paciente_key,
    paciente_id,
    codigo_historia,
    tipo_historial,
    nombre_paciente,
    numero_documento,
    fecha_nacimiento,
    sexo,
    estado_civil,
    grado_instruccion,
    ocupacion,
    ciudad,
    fecha_ingreso,
    canal_captacion,
    estado_paciente,
    modalidad_preferida,
    sede_id

from "dm_centro_psicologico"."staging"."stg_pacientes"
  );
  
[0m10:37:58.123536 [debug] [Thread-4 (]: Opening a new connection, currently in state closed
[0m10:37:58.124869 [debug] [Thread-3 (]: Opening a new connection, currently in state closed
[0m10:37:58.150659 [debug] [Thread-2 (]: SQL status: SELECT 4 in 0.028 seconds
[0m10:37:58.157067 [debug] [Thread-2 (]: Using postgres connection "model.dbt_centro_psicologico.dim_psicologo"
[0m10:37:58.157067 [debug] [Thread-3 (]: SQL status: SELECT 100 in 0.033 seconds
[0m10:37:58.158067 [debug] [Thread-1 (]: SQL status: SELECT 35 in 0.036 seconds
[0m10:37:58.158067 [debug] [Thread-2 (]: On model.dbt_centro_psicologico.dim_psicologo: /* {"app": "dbt", "dbt_version": "1.11.9", "profile_name": "dbt_centro_psicologico", "target_name": "dev", "node_id": "model.dbt_centro_psicologico.dim_psicologo"} */
alter table "dm_centro_psicologico"."marts"."dim_psicologo__dbt_tmp" rename to "dim_psicologo"
[0m10:37:58.161185 [debug] [Thread-3 (]: Using postgres connection "model.dbt_centro_psicologico.dim_paciente"
[0m10:37:58.161185 [debug] [Thread-4 (]: SQL status: SELECT 0 in 0.038 seconds
[0m10:37:58.164873 [debug] [Thread-1 (]: Using postgres connection "model.dbt_centro_psicologico.dim_servicio"
[0m10:37:58.164873 [debug] [Thread-3 (]: On model.dbt_centro_psicologico.dim_paciente: /* {"app": "dbt", "dbt_version": "1.11.9", "profile_name": "dbt_centro_psicologico", "target_name": "dev", "node_id": "model.dbt_centro_psicologico.dim_paciente"} */
alter table "dm_centro_psicologico"."marts"."dim_paciente__dbt_tmp" rename to "dim_paciente"
[0m10:37:58.168412 [debug] [Thread-4 (]: Using postgres connection "model.dbt_centro_psicologico.dim_tiempo"
[0m10:37:58.168412 [debug] [Thread-2 (]: SQL status: ALTER TABLE in 0.003 seconds
[0m10:37:58.168412 [debug] [Thread-1 (]: On model.dbt_centro_psicologico.dim_servicio: /* {"app": "dbt", "dbt_version": "1.11.9", "profile_name": "dbt_centro_psicologico", "target_name": "dev", "node_id": "model.dbt_centro_psicologico.dim_servicio"} */
alter table "dm_centro_psicologico"."marts"."dim_servicio__dbt_tmp" rename to "dim_servicio"
[0m10:37:58.169791 [debug] [Thread-4 (]: On model.dbt_centro_psicologico.dim_tiempo: /* {"app": "dbt", "dbt_version": "1.11.9", "profile_name": "dbt_centro_psicologico", "target_name": "dev", "node_id": "model.dbt_centro_psicologico.dim_tiempo"} */
alter table "dm_centro_psicologico"."marts"."dim_tiempo__dbt_tmp" rename to "dim_tiempo"
[0m10:37:58.171236 [debug] [Thread-2 (]: On model.dbt_centro_psicologico.dim_psicologo: COMMIT
[0m10:37:58.171236 [debug] [Thread-3 (]: SQL status: ALTER TABLE in 0.002 seconds
[0m10:37:58.172457 [debug] [Thread-2 (]: Using postgres connection "model.dbt_centro_psicologico.dim_psicologo"
[0m10:37:58.172457 [debug] [Thread-1 (]: SQL status: ALTER TABLE in 0.001 seconds
[0m10:37:58.173811 [debug] [Thread-4 (]: SQL status: ALTER TABLE in 0.001 seconds
[0m10:37:58.175200 [debug] [Thread-3 (]: On model.dbt_centro_psicologico.dim_paciente: COMMIT
[0m10:37:58.175200 [debug] [Thread-2 (]: On model.dbt_centro_psicologico.dim_psicologo: COMMIT
[0m10:37:58.176699 [debug] [Thread-1 (]: On model.dbt_centro_psicologico.dim_servicio: COMMIT
[0m10:37:58.178141 [debug] [Thread-4 (]: On model.dbt_centro_psicologico.dim_tiempo: COMMIT
[0m10:37:58.178141 [debug] [Thread-3 (]: Using postgres connection "model.dbt_centro_psicologico.dim_paciente"
[0m10:37:58.179787 [debug] [Thread-1 (]: Using postgres connection "model.dbt_centro_psicologico.dim_servicio"
[0m10:37:58.180105 [debug] [Thread-4 (]: Using postgres connection "model.dbt_centro_psicologico.dim_tiempo"
[0m10:37:58.180105 [debug] [Thread-3 (]: On model.dbt_centro_psicologico.dim_paciente: COMMIT
[0m10:37:58.181264 [debug] [Thread-1 (]: On model.dbt_centro_psicologico.dim_servicio: COMMIT
[0m10:37:58.182367 [debug] [Thread-4 (]: On model.dbt_centro_psicologico.dim_tiempo: COMMIT
[0m10:37:58.183420 [debug] [Thread-2 (]: SQL status: COMMIT in 0.005 seconds
[0m10:37:58.186153 [debug] [Thread-2 (]: Applying DROP to: "dm_centro_psicologico"."marts"."dim_psicologo__dbt_backup"
[0m10:37:58.186153 [debug] [Thread-3 (]: SQL status: COMMIT in 0.003 seconds
[0m10:37:58.186153 [debug] [Thread-4 (]: SQL status: COMMIT in 0.003 seconds
[0m10:37:58.187502 [debug] [Thread-1 (]: SQL status: COMMIT in 0.003 seconds
[0m10:37:58.189614 [debug] [Thread-2 (]: Using postgres connection "model.dbt_centro_psicologico.dim_psicologo"
[0m10:37:58.192355 [debug] [Thread-3 (]: Applying DROP to: "dm_centro_psicologico"."marts"."dim_paciente__dbt_backup"
[0m10:37:58.194458 [debug] [Thread-4 (]: Applying DROP to: "dm_centro_psicologico"."marts"."dim_tiempo__dbt_backup"
[0m10:37:58.195896 [debug] [Thread-1 (]: Applying DROP to: "dm_centro_psicologico"."marts"."dim_servicio__dbt_backup"
[0m10:37:58.196902 [debug] [Thread-2 (]: On model.dbt_centro_psicologico.dim_psicologo: /* {"app": "dbt", "dbt_version": "1.11.9", "profile_name": "dbt_centro_psicologico", "target_name": "dev", "node_id": "model.dbt_centro_psicologico.dim_psicologo"} */
drop table if exists "dm_centro_psicologico"."marts"."dim_psicologo__dbt_backup" cascade
[0m10:37:58.196902 [debug] [Thread-3 (]: Using postgres connection "model.dbt_centro_psicologico.dim_paciente"
[0m10:37:58.198299 [debug] [Thread-4 (]: Using postgres connection "model.dbt_centro_psicologico.dim_tiempo"
[0m10:37:58.198299 [debug] [Thread-1 (]: Using postgres connection "model.dbt_centro_psicologico.dim_servicio"
[0m10:37:58.199640 [debug] [Thread-3 (]: On model.dbt_centro_psicologico.dim_paciente: /* {"app": "dbt", "dbt_version": "1.11.9", "profile_name": "dbt_centro_psicologico", "target_name": "dev", "node_id": "model.dbt_centro_psicologico.dim_paciente"} */
drop table if exists "dm_centro_psicologico"."marts"."dim_paciente__dbt_backup" cascade
[0m10:37:58.199640 [debug] [Thread-4 (]: On model.dbt_centro_psicologico.dim_tiempo: /* {"app": "dbt", "dbt_version": "1.11.9", "profile_name": "dbt_centro_psicologico", "target_name": "dev", "node_id": "model.dbt_centro_psicologico.dim_tiempo"} */
drop table if exists "dm_centro_psicologico"."marts"."dim_tiempo__dbt_backup" cascade
[0m10:37:58.201048 [debug] [Thread-2 (]: SQL status: DROP TABLE in 0.001 seconds
[0m10:37:58.201048 [debug] [Thread-1 (]: On model.dbt_centro_psicologico.dim_servicio: /* {"app": "dbt", "dbt_version": "1.11.9", "profile_name": "dbt_centro_psicologico", "target_name": "dev", "node_id": "model.dbt_centro_psicologico.dim_servicio"} */
drop table if exists "dm_centro_psicologico"."marts"."dim_servicio__dbt_backup" cascade
[0m10:37:58.203238 [debug] [Thread-2 (]: On model.dbt_centro_psicologico.dim_psicologo: Close
[0m10:37:58.203238 [debug] [Thread-3 (]: SQL status: DROP TABLE in 0.002 seconds
[0m10:37:58.203238 [debug] [Thread-4 (]: SQL status: DROP TABLE in 0.002 seconds
[0m10:37:58.204718 [debug] [Thread-2 (]: Sending event: {'category': 'dbt', 'action': 'run_model', 'label': '56bae697-c358-4f8a-858e-47ae0b7c9a97', 'context': [<snowplow_tracker.self_describing_json.SelfDescribingJson object at 0x0000023CAA61E390>]}
[0m10:37:58.206203 [debug] [Thread-1 (]: SQL status: DROP TABLE in 0.001 seconds
[0m10:37:58.206203 [debug] [Thread-3 (]: On model.dbt_centro_psicologico.dim_paciente: Close
[0m10:37:58.208205 [debug] [Thread-4 (]: On model.dbt_centro_psicologico.dim_tiempo: Close
[0m10:37:58.208205 [info ] [Thread-2 (]: 5 of 11 OK created sql table model marts.dim_psicologo ......................... [[32mSELECT 4[0m in 0.14s]
[0m10:37:58.210500 [debug] [Thread-1 (]: On model.dbt_centro_psicologico.dim_servicio: Close
[0m10:37:58.212005 [debug] [Thread-4 (]: Sending event: {'category': 'dbt', 'action': 'run_model', 'label': '56bae697-c358-4f8a-858e-47ae0b7c9a97', 'context': [<snowplow_tracker.self_describing_json.SelfDescribingJson object at 0x0000023CACC6F990>]}
[0m10:37:58.212531 [debug] [Thread-3 (]: Sending event: {'category': 'dbt', 'action': 'run_model', 'label': '56bae697-c358-4f8a-858e-47ae0b7c9a97', 'context': [<snowplow_tracker.self_describing_json.SelfDescribingJson object at 0x0000023CAC6FC290>]}
[0m10:37:58.213804 [debug] [Thread-2 (]: Finished running node model.dbt_centro_psicologico.dim_psicologo
[0m10:37:58.214811 [debug] [Thread-1 (]: Sending event: {'category': 'dbt', 'action': 'run_model', 'label': '56bae697-c358-4f8a-858e-47ae0b7c9a97', 'context': [<snowplow_tracker.self_describing_json.SelfDescribingJson object at 0x0000023CAC74D810>]}
[0m10:37:58.214811 [info ] [Thread-4 (]: 7 of 11 OK created sql table model marts.dim_tiempo ............................ [[32mSELECT 0[0m in 0.14s]
[0m10:37:58.216126 [info ] [Thread-3 (]: 8 of 11 OK created sql table model marts.dim_paciente .......................... [[32mSELECT 100[0m in 0.14s]
[0m10:37:58.217132 [debug] [Thread-2 (]: Began running node model.dbt_centro_psicologico.dim_sede
[0m10:37:58.218132 [info ] [Thread-1 (]: 6 of 11 OK created sql table model marts.dim_servicio .......................... [[32mSELECT 35[0m in 0.15s]
[0m10:37:58.218637 [debug] [Thread-4 (]: Finished running node model.dbt_centro_psicologico.dim_tiempo
[0m10:37:58.218637 [debug] [Thread-3 (]: Finished running node model.dbt_centro_psicologico.dim_paciente
[0m10:37:58.219944 [info ] [Thread-2 (]: 9 of 11 START sql table model marts.dim_sede ................................... [RUN]
[0m10:37:58.219944 [debug] [Thread-1 (]: Finished running node model.dbt_centro_psicologico.dim_servicio
[0m10:37:58.221378 [debug] [Thread-2 (]: Re-using an available connection from the pool (formerly model.dbt_centro_psicologico.dim_psicologo, now model.dbt_centro_psicologico.dim_sede)
[0m10:37:58.222391 [debug] [Thread-4 (]: Began running node model.dbt_centro_psicologico.fact_facturacion
[0m10:37:58.222391 [debug] [Thread-3 (]: Began running node model.dbt_centro_psicologico.fact_sesion
[0m10:37:58.223625 [debug] [Thread-2 (]: Began compiling node model.dbt_centro_psicologico.dim_sede
[0m10:37:58.223625 [info ] [Thread-4 (]: 10 of 11 START sql table model marts.fact_facturacion .......................... [RUN]
[0m10:37:58.224631 [info ] [Thread-3 (]: 11 of 11 START sql table model marts.fact_sesion ............................... [RUN]
[0m10:37:58.228205 [debug] [Thread-2 (]: Writing injected SQL for node "model.dbt_centro_psicologico.dim_sede"
[0m10:37:58.229789 [debug] [Thread-4 (]: Re-using an available connection from the pool (formerly model.dbt_centro_psicologico.dim_tiempo, now model.dbt_centro_psicologico.fact_facturacion)
[0m10:37:58.229789 [debug] [Thread-3 (]: Re-using an available connection from the pool (formerly model.dbt_centro_psicologico.dim_paciente, now model.dbt_centro_psicologico.fact_sesion)
[0m10:37:58.231239 [debug] [Thread-4 (]: Began compiling node model.dbt_centro_psicologico.fact_facturacion
[0m10:37:58.232248 [debug] [Thread-2 (]: Began executing node model.dbt_centro_psicologico.dim_sede
[0m10:37:58.232248 [debug] [Thread-3 (]: Began compiling node model.dbt_centro_psicologico.fact_sesion
[0m10:37:58.238220 [debug] [Thread-4 (]: Writing injected SQL for node "model.dbt_centro_psicologico.fact_facturacion"
[0m10:37:58.240730 [debug] [Thread-2 (]: Writing runtime sql for node "model.dbt_centro_psicologico.dim_sede"
[0m10:37:58.243265 [debug] [Thread-3 (]: Writing injected SQL for node "model.dbt_centro_psicologico.fact_sesion"
[0m10:37:58.244272 [debug] [Thread-4 (]: Began executing node model.dbt_centro_psicologico.fact_facturacion
[0m10:37:58.249310 [debug] [Thread-4 (]: Writing runtime sql for node "model.dbt_centro_psicologico.fact_facturacion"
[0m10:37:58.249310 [debug] [Thread-2 (]: Using postgres connection "model.dbt_centro_psicologico.dim_sede"
[0m10:37:58.250559 [debug] [Thread-3 (]: Began executing node model.dbt_centro_psicologico.fact_sesion
[0m10:37:58.250559 [debug] [Thread-2 (]: On model.dbt_centro_psicologico.dim_sede: /* {"app": "dbt", "dbt_version": "1.11.9", "profile_name": "dbt_centro_psicologico", "target_name": "dev", "node_id": "model.dbt_centro_psicologico.dim_sede"} */

  
    

  create  table "dm_centro_psicologico"."marts"."dim_sede__dbt_tmp"
  
  
    as
  
  (
    select
    sede_id as sede_key,
    sede_id,
    nombre_sede,
    ciudad,
    tiene_online,
    estado

from "dm_centro_psicologico"."staging"."stg_sedes"
  );
  
[0m10:37:58.254290 [debug] [Thread-3 (]: Writing runtime sql for node "model.dbt_centro_psicologico.fact_sesion"
[0m10:37:58.254290 [debug] [Thread-4 (]: Using postgres connection "model.dbt_centro_psicologico.fact_facturacion"
[0m10:37:58.254290 [debug] [Thread-2 (]: Opening a new connection, currently in state closed
[0m10:37:58.254290 [debug] [Thread-4 (]: On model.dbt_centro_psicologico.fact_facturacion: /* {"app": "dbt", "dbt_version": "1.11.9", "profile_name": "dbt_centro_psicologico", "target_name": "dev", "node_id": "model.dbt_centro_psicologico.fact_facturacion"} */

  
    

  create  table "dm_centro_psicologico"."marts"."fact_facturacion__dbt_tmp"
  
  
    as
  
  (
    select
    s.sesion_id as facturacion_key,
    s.sesion_id,

    s.paciente_id as paciente_key,
    s.psicologo_id as psicologo_key,
    p.sede_id as sede_key,
    t.tiempo_key,
    sv.servicio_key,

    s.monto_sesion,
    s.estado_pago,
    s.metodo_pago,

    case
        when upper(coalesce(s.estado_pago, '')) in ('PAGADO', 'CANCELADO')
        then s.monto_sesion
        else 0
    end as monto_pagado,

    case
        when upper(coalesce(s.estado_pago, '')) not in ('PAGADO', 'CANCELADO')
        then s.monto_sesion
        else 0
    end as monto_pendiente,

    1 as cantidad_registros_facturacion

from "dm_centro_psicologico"."staging"."stg_sesiones" s

left join "dm_centro_psicologico"."staging"."stg_pacientes" p
    on s.paciente_id = p.paciente_id

left join "dm_centro_psicologico"."marts"."dim_tiempo" t
    on s.fecha_sesion = t.fecha

left join "dm_centro_psicologico"."marts"."dim_servicio" sv
    on coalesce(s.tipo_historial, '') = coalesce(sv.tipo_historial, '')
   and coalesce(s.etapa_atencion, '') = coalesce(sv.etapa_atencion, '')
   and coalesce(s.modalidad, '') = coalesce(sv.modalidad, '')
  );
  
[0m10:37:58.254290 [debug] [Thread-3 (]: Using postgres connection "model.dbt_centro_psicologico.fact_sesion"
[0m10:37:58.254290 [debug] [Thread-4 (]: Opening a new connection, currently in state closed
[0m10:37:58.254290 [debug] [Thread-3 (]: On model.dbt_centro_psicologico.fact_sesion: /* {"app": "dbt", "dbt_version": "1.11.9", "profile_name": "dbt_centro_psicologico", "target_name": "dev", "node_id": "model.dbt_centro_psicologico.fact_sesion"} */

  
    

  create  table "dm_centro_psicologico"."marts"."fact_sesion__dbt_tmp"
  
  
    as
  
  (
    select
    s.sesion_id as sesion_key,
    s.sesion_id,

    s.paciente_id as paciente_key,
    s.psicologo_id as psicologo_key,
    p.sede_id as sede_key,
    t.tiempo_key,
    sv.servicio_key,

    s.nro_sesion,
    s.duracion_min,
    s.estado_sesion,
    s.codigo_cie10,
    s.descripcion_cie10,

    1 as cantidad_sesiones

from "dm_centro_psicologico"."staging"."stg_sesiones" s

left join "dm_centro_psicologico"."staging"."stg_pacientes" p
    on s.paciente_id = p.paciente_id

left join "dm_centro_psicologico"."marts"."dim_tiempo" t
    on s.fecha_sesion = t.fecha

left join "dm_centro_psicologico"."marts"."dim_servicio" sv
    on coalesce(s.tipo_historial, '') = coalesce(sv.tipo_historial, '')
   and coalesce(s.etapa_atencion, '') = coalesce(sv.etapa_atencion, '')
   and coalesce(s.modalidad, '') = coalesce(sv.modalidad, '')
  );
  
[0m10:37:58.258058 [debug] [Thread-3 (]: Opening a new connection, currently in state closed
[0m10:37:58.275918 [debug] [Thread-2 (]: SQL status: SELECT 2 in 0.021 seconds
[0m10:37:58.279886 [debug] [Thread-2 (]: Using postgres connection "model.dbt_centro_psicologico.dim_sede"
[0m10:37:58.279886 [debug] [Thread-2 (]: On model.dbt_centro_psicologico.dim_sede: /* {"app": "dbt", "dbt_version": "1.11.9", "profile_name": "dbt_centro_psicologico", "target_name": "dev", "node_id": "model.dbt_centro_psicologico.dim_sede"} */
alter table "dm_centro_psicologico"."marts"."dim_sede__dbt_tmp" rename to "dim_sede"
[0m10:37:58.282337 [debug] [Thread-2 (]: SQL status: ALTER TABLE in 0.001 seconds
[0m10:37:58.282337 [debug] [Thread-2 (]: On model.dbt_centro_psicologico.dim_sede: COMMIT
[0m10:37:58.283816 [debug] [Thread-3 (]: SQL status: SELECT 100 in 0.026 seconds
[0m10:37:58.283816 [debug] [Thread-2 (]: Using postgres connection "model.dbt_centro_psicologico.dim_sede"
[0m10:37:58.286616 [debug] [Thread-3 (]: Using postgres connection "model.dbt_centro_psicologico.fact_sesion"
[0m10:37:58.286616 [debug] [Thread-4 (]: SQL status: SELECT 100 in 0.031 seconds
[0m10:37:58.286616 [debug] [Thread-2 (]: On model.dbt_centro_psicologico.dim_sede: COMMIT
[0m10:37:58.288021 [debug] [Thread-3 (]: On model.dbt_centro_psicologico.fact_sesion: /* {"app": "dbt", "dbt_version": "1.11.9", "profile_name": "dbt_centro_psicologico", "target_name": "dev", "node_id": "model.dbt_centro_psicologico.fact_sesion"} */
alter table "dm_centro_psicologico"."marts"."fact_sesion__dbt_tmp" rename to "fact_sesion"
[0m10:37:58.290965 [debug] [Thread-4 (]: Using postgres connection "model.dbt_centro_psicologico.fact_facturacion"
[0m10:37:58.291976 [debug] [Thread-4 (]: On model.dbt_centro_psicologico.fact_facturacion: /* {"app": "dbt", "dbt_version": "1.11.9", "profile_name": "dbt_centro_psicologico", "target_name": "dev", "node_id": "model.dbt_centro_psicologico.fact_facturacion"} */
alter table "dm_centro_psicologico"."marts"."fact_facturacion__dbt_tmp" rename to "fact_facturacion"
[0m10:37:58.291976 [debug] [Thread-3 (]: SQL status: ALTER TABLE in 0.001 seconds
[0m10:37:58.293459 [debug] [Thread-3 (]: On model.dbt_centro_psicologico.fact_sesion: COMMIT
[0m10:37:58.293459 [debug] [Thread-4 (]: SQL status: ALTER TABLE in 0.002 seconds
[0m10:37:58.293459 [debug] [Thread-2 (]: SQL status: COMMIT in 0.003 seconds
[0m10:37:58.294936 [debug] [Thread-3 (]: Using postgres connection "model.dbt_centro_psicologico.fact_sesion"
[0m10:37:58.295942 [debug] [Thread-4 (]: On model.dbt_centro_psicologico.fact_facturacion: COMMIT
[0m10:37:58.297440 [debug] [Thread-2 (]: Applying DROP to: "dm_centro_psicologico"."marts"."dim_sede__dbt_backup"
[0m10:37:58.298449 [debug] [Thread-3 (]: On model.dbt_centro_psicologico.fact_sesion: COMMIT
[0m10:37:58.298449 [debug] [Thread-4 (]: Using postgres connection "model.dbt_centro_psicologico.fact_facturacion"
[0m10:37:58.299454 [debug] [Thread-2 (]: Using postgres connection "model.dbt_centro_psicologico.dim_sede"
[0m10:37:58.299454 [debug] [Thread-4 (]: On model.dbt_centro_psicologico.fact_facturacion: COMMIT
[0m10:37:58.300851 [debug] [Thread-2 (]: On model.dbt_centro_psicologico.dim_sede: /* {"app": "dbt", "dbt_version": "1.11.9", "profile_name": "dbt_centro_psicologico", "target_name": "dev", "node_id": "model.dbt_centro_psicologico.dim_sede"} */
drop table if exists "dm_centro_psicologico"."marts"."dim_sede__dbt_backup" cascade
[0m10:37:58.300851 [debug] [Thread-3 (]: SQL status: COMMIT in 0.002 seconds
[0m10:37:58.302124 [debug] [Thread-2 (]: SQL status: DROP TABLE in 0.001 seconds
[0m10:37:58.304607 [debug] [Thread-3 (]: Applying DROP to: "dm_centro_psicologico"."marts"."fact_sesion__dbt_backup"
[0m10:37:58.304607 [debug] [Thread-4 (]: SQL status: COMMIT in 0.004 seconds
[0m10:37:58.305915 [debug] [Thread-2 (]: On model.dbt_centro_psicologico.dim_sede: Close
[0m10:37:58.305915 [debug] [Thread-3 (]: Using postgres connection "model.dbt_centro_psicologico.fact_sesion"
[0m10:37:58.308191 [debug] [Thread-4 (]: Applying DROP to: "dm_centro_psicologico"."marts"."fact_facturacion__dbt_backup"
[0m10:37:58.309520 [debug] [Thread-2 (]: Sending event: {'category': 'dbt', 'action': 'run_model', 'label': '56bae697-c358-4f8a-858e-47ae0b7c9a97', 'context': [<snowplow_tracker.self_describing_json.SelfDescribingJson object at 0x0000023CACC59290>]}
[0m10:37:58.309520 [debug] [Thread-3 (]: On model.dbt_centro_psicologico.fact_sesion: /* {"app": "dbt", "dbt_version": "1.11.9", "profile_name": "dbt_centro_psicologico", "target_name": "dev", "node_id": "model.dbt_centro_psicologico.fact_sesion"} */
drop table if exists "dm_centro_psicologico"."marts"."fact_sesion__dbt_backup" cascade
[0m10:37:58.310662 [debug] [Thread-4 (]: Using postgres connection "model.dbt_centro_psicologico.fact_facturacion"
[0m10:37:58.310662 [info ] [Thread-2 (]: 9 of 11 OK created sql table model marts.dim_sede .............................. [[32mSELECT 2[0m in 0.09s]
[0m10:37:58.311999 [debug] [Thread-4 (]: On model.dbt_centro_psicologico.fact_facturacion: /* {"app": "dbt", "dbt_version": "1.11.9", "profile_name": "dbt_centro_psicologico", "target_name": "dev", "node_id": "model.dbt_centro_psicologico.fact_facturacion"} */
drop table if exists "dm_centro_psicologico"."marts"."fact_facturacion__dbt_backup" cascade
[0m10:37:58.314278 [debug] [Thread-3 (]: SQL status: DROP TABLE in 0.002 seconds
[0m10:37:58.314278 [debug] [Thread-2 (]: Finished running node model.dbt_centro_psicologico.dim_sede
[0m10:37:58.316462 [debug] [Thread-3 (]: On model.dbt_centro_psicologico.fact_sesion: Close
[0m10:37:58.316462 [debug] [Thread-4 (]: SQL status: DROP TABLE in 0.002 seconds
[0m10:37:58.318488 [debug] [Thread-3 (]: Sending event: {'category': 'dbt', 'action': 'run_model', 'label': '56bae697-c358-4f8a-858e-47ae0b7c9a97', 'context': [<snowplow_tracker.self_describing_json.SelfDescribingJson object at 0x0000023CACC31D10>]}
[0m10:37:58.319497 [debug] [Thread-4 (]: On model.dbt_centro_psicologico.fact_facturacion: Close
[0m10:37:58.320888 [info ] [Thread-3 (]: 11 of 11 OK created sql table model marts.fact_sesion .......................... [[32mSELECT 100[0m in 0.09s]
[0m10:37:58.322677 [debug] [Thread-4 (]: Sending event: {'category': 'dbt', 'action': 'run_model', 'label': '56bae697-c358-4f8a-858e-47ae0b7c9a97', 'context': [<snowplow_tracker.self_describing_json.SelfDescribingJson object at 0x0000023CAC24AFD0>]}
[0m10:37:58.322677 [debug] [Thread-3 (]: Finished running node model.dbt_centro_psicologico.fact_sesion
[0m10:37:58.323685 [info ] [Thread-4 (]: 10 of 11 OK created sql table model marts.fact_facturacion ..................... [[32mSELECT 100[0m in 0.09s]
[0m10:37:58.324685 [debug] [Thread-4 (]: Finished running node model.dbt_centro_psicologico.fact_facturacion
[0m10:37:58.325681 [debug] [MainThread]: On master: COMMIT
[0m10:37:58.327168 [debug] [MainThread]: Using postgres connection "master"
[0m10:37:58.327168 [debug] [MainThread]: On master: COMMIT
[0m10:37:58.328298 [debug] [MainThread]: Opening a new connection, currently in state closed
[0m10:37:58.362340 [debug] [MainThread]: SQL status: COMMIT in 0.035 seconds
[0m10:37:58.363708 [debug] [MainThread]: On master: Close
[0m10:37:58.365107 [debug] [MainThread]: Connection 'master' was properly closed.
[0m10:37:58.365107 [debug] [MainThread]: Connection 'create_dm_centro_psicologico_staging' was properly closed.
[0m10:37:58.365107 [debug] [MainThread]: Connection 'create_dm_centro_psicologico_marts' was properly closed.
[0m10:37:58.365107 [debug] [MainThread]: Connection 'list_dm_centro_psicologico_marts' was properly closed.
[0m10:37:58.365107 [debug] [MainThread]: Connection 'list_dm_centro_psicologico_staging' was properly closed.
[0m10:37:58.366567 [debug] [MainThread]: Connection 'model.dbt_centro_psicologico.dim_servicio' was properly closed.
[0m10:37:58.366567 [debug] [MainThread]: Connection 'model.dbt_centro_psicologico.dim_sede' was properly closed.
[0m10:37:58.366567 [debug] [MainThread]: Connection 'model.dbt_centro_psicologico.fact_sesion' was properly closed.
[0m10:37:58.366567 [debug] [MainThread]: Connection 'model.dbt_centro_psicologico.fact_facturacion' was properly closed.
[0m10:37:58.368093 [info ] [MainThread]: 
[0m10:37:58.368093 [info ] [MainThread]: Finished running 7 table models, 4 view models in 0 hours 0 minutes and 4.52 seconds (4.52s).
[0m10:37:58.371509 [debug] [MainThread]: Command end result
[0m10:37:58.400940 [debug] [MainThread]: Wrote artifact WritableManifest to C:\Users\HP VICTUS\Documents\Inteligencia de Negocios\CentroPsicologico-BI\dbt_centro_psicologico\target\manifest.json
[0m10:37:58.403754 [debug] [MainThread]: Wrote artifact SemanticManifest to C:\Users\HP VICTUS\Documents\Inteligencia de Negocios\CentroPsicologico-BI\dbt_centro_psicologico\target\semantic_manifest.json
[0m10:37:58.410277 [debug] [MainThread]: Wrote artifact RunExecutionResult to C:\Users\HP VICTUS\Documents\Inteligencia de Negocios\CentroPsicologico-BI\dbt_centro_psicologico\target\run_results.json
[0m10:37:58.410277 [info ] [MainThread]: 
[0m10:37:58.410277 [info ] [MainThread]: [32mCompleted successfully[0m
[0m10:37:58.411692 [info ] [MainThread]: 
[0m10:37:58.412704 [info ] [MainThread]: Done. PASS=11 WARN=0 ERROR=0 SKIP=0 NO-OP=0 TOTAL=11
[0m10:37:58.413701 [debug] [MainThread]: Command `dbt run` succeeded at 10:37:58.412704 after 5.43 seconds
[0m10:37:58.413701 [debug] [MainThread]: Sending event: {'category': 'dbt', 'action': 'invocation', 'label': 'end', 'context': [<snowplow_tracker.self_describing_json.SelfDescribingJson object at 0x0000023CABCC0350>, <snowplow_tracker.self_describing_json.SelfDescribingJson object at 0x0000023CA409E5D0>, <snowplow_tracker.self_describing_json.SelfDescribingJson object at 0x0000023CAA9BAF90>]}
[0m10:37:58.413701 [debug] [MainThread]: Flushing usage events
[0m10:37:59.446284 [debug] [MainThread]: An error was encountered while trying to flush usage events
[0m10:38:05.133680 [debug] [MainThread]: Sending event: {'category': 'dbt', 'action': 'invocation', 'label': 'start', 'context': [<snowplow_tracker.self_describing_json.SelfDescribingJson object at 0x0000018F6BEA3C90>, <snowplow_tracker.self_describing_json.SelfDescribingJson object at 0x0000018F6BEA1950>, <snowplow_tracker.self_describing_json.SelfDescribingJson object at 0x0000018F6BEA2390>]}


============================== 10:38:05.137976 | 977127fa-d7a5-4c94-a725-8cd928168f37 ==============================
[0m10:38:05.137976 [info ] [MainThread]: Running with dbt=1.11.9
[0m10:38:05.137976 [debug] [MainThread]: running dbt with arguments {'version_check': 'True', 'no_print': 'None', 'static_parser': 'True', 'target_path': 'None', 'warn_error_options': 'WarnErrorOptionsV2(error=[], warn=[], silence=[])', 'printer_width': '80', 'write_json': 'True', 'introspect': 'True', 'log_cache_events': 'False', 'empty': 'False', 'cache_selected_only': 'False', 'log_format': 'default', 'debug': 'False', 'fail_fast': 'False', 'profiles_dir': 'C:\\Users\\HP VICTUS\\.dbt', 'send_anonymous_usage_stats': 'True', 'quiet': 'False', 'warn_error': 'None', 'partial_parse': 'True', 'use_colors': 'True', 'indirect_selection': 'eager', 'invocation_command': 'dbt run', 'use_experimental_parser': 'False', 'log_path': 'C:\\Users\\HP VICTUS\\Documents\\Inteligencia de Negocios\\CentroPsicologico-BI\\dbt_centro_psicologico\\logs'}
[0m10:38:05.286348 [debug] [MainThread]: Sending event: {'category': 'dbt', 'action': 'project_id', 'label': '977127fa-d7a5-4c94-a725-8cd928168f37', 'context': [<snowplow_tracker.self_describing_json.SelfDescribingJson object at 0x0000018F6C157BD0>]}
[0m10:38:05.342200 [debug] [MainThread]: Sending event: {'category': 'dbt', 'action': 'adapter_info', 'label': '977127fa-d7a5-4c94-a725-8cd928168f37', 'context': [<snowplow_tracker.self_describing_json.SelfDescribingJson object at 0x0000018F6761C350>]}
[0m10:38:05.344197 [info ] [MainThread]: Registered adapter: postgres=1.10.0
[0m10:38:05.576682 [debug] [MainThread]: checksum: f8bb6a62265c70f2530bed05e52c2cee1c1844b101d398a67d5798350ab914c5, vars: {}, profile: , target: , version: 1.11.9
[0m10:38:05.686482 [debug] [MainThread]: Partial parsing enabled: 0 files deleted, 0 files added, 0 files changed.
[0m10:38:05.686482 [debug] [MainThread]: Nothing changed, skipping partial parsing.
[0m10:38:05.686482 [debug] [MainThread]: Partial parsing enabled, no changes found, skipping parsing
[0m10:38:05.722240 [debug] [MainThread]: Sending event: {'category': 'dbt', 'action': 'load_project', 'label': '977127fa-d7a5-4c94-a725-8cd928168f37', 'context': [<snowplow_tracker.self_describing_json.SelfDescribingJson object at 0x0000018F6C54BE90>]}
[0m10:38:05.851930 [debug] [MainThread]: Wrote artifact WritableManifest to C:\Users\HP VICTUS\Documents\Inteligencia de Negocios\CentroPsicologico-BI\dbt_centro_psicologico\target\manifest.json
[0m10:38:05.854752 [debug] [MainThread]: Wrote artifact SemanticManifest to C:\Users\HP VICTUS\Documents\Inteligencia de Negocios\CentroPsicologico-BI\dbt_centro_psicologico\target\semantic_manifest.json
[0m10:38:05.870677 [debug] [MainThread]: Sending event: {'category': 'dbt', 'action': 'resource_counts', 'label': '977127fa-d7a5-4c94-a725-8cd928168f37', 'context': [<snowplow_tracker.self_describing_json.SelfDescribingJson object at 0x0000018F6C558510>]}
[0m10:38:05.870677 [info ] [MainThread]: Found 11 models, 24 data tests, 4 sources, 468 macros
[0m10:38:05.872041 [debug] [MainThread]: Sending event: {'category': 'dbt', 'action': 'runnable_timing', 'label': '977127fa-d7a5-4c94-a725-8cd928168f37', 'context': [<snowplow_tracker.self_describing_json.SelfDescribingJson object at 0x0000018F6C402C10>]}
[0m10:38:05.874268 [info ] [MainThread]: 
[0m10:38:05.875738 [info ] [MainThread]: Concurrency: 4 threads (target='dev')
[0m10:38:05.875738 [info ] [MainThread]: 
[0m10:38:05.877223 [debug] [MainThread]: Acquiring new postgres connection 'master'
[0m10:38:05.881259 [debug] [ThreadPool]: Acquiring new postgres connection 'list_dm_centro_psicologico'
[0m10:38:05.882259 [debug] [ThreadPool]: Acquiring new postgres connection 'list_dm_centro_psicologico'
[0m10:38:05.934804 [debug] [ThreadPool]: Using postgres connection "list_dm_centro_psicologico"
[0m10:38:05.934804 [debug] [ThreadPool]: Using postgres connection "list_dm_centro_psicologico"
[0m10:38:05.936244 [debug] [ThreadPool]: On list_dm_centro_psicologico: /* {"app": "dbt", "dbt_version": "1.11.9", "profile_name": "dbt_centro_psicologico", "target_name": "dev", "connection_name": "list_dm_centro_psicologico"} */

    select distinct nspname from pg_namespace
  
[0m10:38:05.936244 [debug] [ThreadPool]: On list_dm_centro_psicologico: /* {"app": "dbt", "dbt_version": "1.11.9", "profile_name": "dbt_centro_psicologico", "target_name": "dev", "connection_name": "list_dm_centro_psicologico"} */

    select distinct nspname from pg_namespace
  
[0m10:38:05.936244 [debug] [ThreadPool]: Opening a new connection, currently in state init
[0m10:38:05.937501 [debug] [ThreadPool]: Opening a new connection, currently in state init
[0m10:38:05.964396 [debug] [ThreadPool]: SQL status: SELECT 6 in 0.027 seconds
[0m10:38:05.965836 [debug] [ThreadPool]: SQL status: SELECT 6 in 0.029 seconds
[0m10:38:05.966518 [debug] [ThreadPool]: On list_dm_centro_psicologico: Close
[0m10:38:05.969448 [debug] [ThreadPool]: On list_dm_centro_psicologico: Close
[0m10:38:05.973744 [debug] [ThreadPool]: Acquiring new postgres connection 'list_dm_centro_psicologico_staging'
[0m10:38:05.980286 [debug] [ThreadPool]: Using postgres connection "list_dm_centro_psicologico_staging"
[0m10:38:05.980286 [debug] [ThreadPool]: Acquiring new postgres connection 'list_dm_centro_psicologico_marts'
[0m10:38:05.981284 [debug] [ThreadPool]: On list_dm_centro_psicologico_staging: /* {"app": "dbt", "dbt_version": "1.11.9", "profile_name": "dbt_centro_psicologico", "target_name": "dev", "connection_name": "list_dm_centro_psicologico_staging"} */
select
      'dm_centro_psicologico' as database,
      tablename as name,
      schemaname as schema,
      'table' as type
    from pg_tables
    where schemaname ilike 'staging'
    union all
    select
      'dm_centro_psicologico' as database,
      viewname as name,
      schemaname as schema,
      'view' as type
    from pg_views
    where schemaname ilike 'staging'
    union all
    select
      'dm_centro_psicologico' as database,
      matviewname as name,
      schemaname as schema,
      'materialized_view' as type
    from pg_matviews
    where schemaname ilike 'staging'
  
[0m10:38:05.984475 [debug] [ThreadPool]: Using postgres connection "list_dm_centro_psicologico_marts"
[0m10:38:05.984475 [debug] [ThreadPool]: Opening a new connection, currently in state init
[0m10:38:05.984475 [debug] [ThreadPool]: On list_dm_centro_psicologico_marts: /* {"app": "dbt", "dbt_version": "1.11.9", "profile_name": "dbt_centro_psicologico", "target_name": "dev", "connection_name": "list_dm_centro_psicologico_marts"} */
select
      'dm_centro_psicologico' as database,
      tablename as name,
      schemaname as schema,
      'table' as type
    from pg_tables
    where schemaname ilike 'marts'
    union all
    select
      'dm_centro_psicologico' as database,
      viewname as name,
      schemaname as schema,
      'view' as type
    from pg_views
    where schemaname ilike 'marts'
    union all
    select
      'dm_centro_psicologico' as database,
      matviewname as name,
      schemaname as schema,
      'materialized_view' as type
    from pg_matviews
    where schemaname ilike 'marts'
  
[0m10:38:05.985730 [debug] [ThreadPool]: Opening a new connection, currently in state init
[0m10:38:06.003662 [debug] [ThreadPool]: SQL status: SELECT 7 in 0.018 seconds
[0m10:38:06.005049 [debug] [ThreadPool]: On list_dm_centro_psicologico_marts: ROLLBACK
[0m10:38:06.006484 [debug] [ThreadPool]: On list_dm_centro_psicologico_marts: Close
[0m10:38:06.023187 [debug] [ThreadPool]: SQL status: SELECT 4 in 0.039 seconds
[0m10:38:06.024776 [debug] [ThreadPool]: On list_dm_centro_psicologico_staging: ROLLBACK
[0m10:38:06.026777 [debug] [ThreadPool]: On list_dm_centro_psicologico_staging: Close
[0m10:38:06.034485 [debug] [MainThread]: Using postgres connection "master"
[0m10:38:06.034989 [debug] [MainThread]: On master: /* {"app": "dbt", "dbt_version": "1.11.9", "profile_name": "dbt_centro_psicologico", "target_name": "dev", "connection_name": "master"} */
select distinct
        dependent_namespace.nspname as dependent_schema,
        dependent_class.relname as dependent_name,
        referenced_namespace.nspname as referenced_schema,
        referenced_class.relname as referenced_name

    -- Query for views: views are entries in pg_class with an entry in pg_rewrite, but we avoid
    -- a seq scan on pg_rewrite by leveraging the fact there is an "internal" row in pg_depend for
    -- the view...
    from pg_class as dependent_class
    join pg_namespace as dependent_namespace on dependent_namespace.oid = dependent_class.relnamespace
    join pg_depend as dependent_depend on dependent_depend.refobjid = dependent_class.oid
        and dependent_depend.classid = 'pg_rewrite'::regclass
        and dependent_depend.refclassid = 'pg_class'::regclass
        and dependent_depend.deptype = 'i'

    -- ... and via pg_depend (that has a row per column, hence the need for "distinct" above, and
    -- making sure to exclude the internal row to avoid a view appearing to depend on itself)...
    join pg_depend as joining_depend on joining_depend.objid = dependent_depend.objid
        and joining_depend.classid = 'pg_rewrite'::regclass
        and joining_depend.refclassid = 'pg_class'::regclass
        and joining_depend.refobjid != dependent_depend.refobjid

    -- ... we can find the tables they query from in pg_class, but excluding system tables. Note we
    -- don't need need to exclude _dependent_ system tables, because they only query from other
    -- system tables, and so are automatically excluded by excluding _referenced_ system tables
    join pg_class as referenced_class on referenced_class.oid = joining_depend.refobjid
    join pg_namespace as referenced_namespace on referenced_namespace.oid = referenced_class.relnamespace
        and referenced_namespace.nspname != 'information_schema'
        and referenced_namespace.nspname not like 'pg\_%'

    order by
        dependent_schema, dependent_name, referenced_schema, referenced_name;
[0m10:38:06.034989 [debug] [MainThread]: Opening a new connection, currently in state init
[0m10:38:06.071489 [debug] [MainThread]: SQL status: SELECT 4 in 0.035 seconds
[0m10:38:06.072498 [debug] [MainThread]: Sending event: {'category': 'dbt', 'action': 'runnable_timing', 'label': '977127fa-d7a5-4c94-a725-8cd928168f37', 'context': [<snowplow_tracker.self_describing_json.SelfDescribingJson object at 0x0000018F6C9A2F50>]}
[0m10:38:06.073500 [debug] [MainThread]: On master: ROLLBACK
[0m10:38:06.074501 [debug] [MainThread]: On master: COMMIT
[0m10:38:06.074501 [debug] [MainThread]: Using postgres connection "master"
[0m10:38:06.075498 [debug] [MainThread]: On master: COMMIT
[0m10:38:06.076810 [debug] [MainThread]: SQL status: COMMIT in 0.001 seconds
[0m10:38:06.076810 [debug] [MainThread]: On master: Close
[0m10:38:06.083606 [debug] [Thread-1 (]: Began running node model.dbt_centro_psicologico.stg_pacientes
[0m10:38:06.084329 [debug] [Thread-2 (]: Began running node model.dbt_centro_psicologico.stg_psicologos
[0m10:38:06.084833 [debug] [Thread-3 (]: Began running node model.dbt_centro_psicologico.stg_sedes
[0m10:38:06.084833 [debug] [Thread-4 (]: Began running node model.dbt_centro_psicologico.stg_sesiones
[0m10:38:06.086033 [info ] [Thread-1 (]: 1 of 11 START sql view model staging.stg_pacientes ............................. [RUN]
[0m10:38:06.086033 [info ] [Thread-2 (]: 2 of 11 START sql view model staging.stg_psicologos ............................ [RUN]
[0m10:38:06.088069 [info ] [Thread-3 (]: 3 of 11 START sql view model staging.stg_sedes ................................. [RUN]
[0m10:38:06.089509 [info ] [Thread-4 (]: 4 of 11 START sql view model staging.stg_sesiones .............................. [RUN]
[0m10:38:06.090511 [debug] [Thread-1 (]: Acquiring new postgres connection 'model.dbt_centro_psicologico.stg_pacientes'
[0m10:38:06.091507 [debug] [Thread-2 (]: Acquiring new postgres connection 'model.dbt_centro_psicologico.stg_psicologos'
[0m10:38:06.092016 [debug] [Thread-3 (]: Acquiring new postgres connection 'model.dbt_centro_psicologico.stg_sedes'
[0m10:38:06.093026 [debug] [Thread-4 (]: Acquiring new postgres connection 'model.dbt_centro_psicologico.stg_sesiones'
[0m10:38:06.093026 [debug] [Thread-1 (]: Began compiling node model.dbt_centro_psicologico.stg_pacientes
[0m10:38:06.094027 [debug] [Thread-2 (]: Began compiling node model.dbt_centro_psicologico.stg_psicologos
[0m10:38:06.095027 [debug] [Thread-3 (]: Began compiling node model.dbt_centro_psicologico.stg_sedes
[0m10:38:06.095027 [debug] [Thread-4 (]: Began compiling node model.dbt_centro_psicologico.stg_sesiones
[0m10:38:06.103573 [debug] [Thread-1 (]: Writing injected SQL for node "model.dbt_centro_psicologico.stg_pacientes"
[0m10:38:06.106803 [debug] [Thread-2 (]: Writing injected SQL for node "model.dbt_centro_psicologico.stg_psicologos"
[0m10:38:06.110321 [debug] [Thread-3 (]: Writing injected SQL for node "model.dbt_centro_psicologico.stg_sedes"
[0m10:38:06.113395 [debug] [Thread-4 (]: Writing injected SQL for node "model.dbt_centro_psicologico.stg_sesiones"
[0m10:38:06.114668 [debug] [Thread-1 (]: Began executing node model.dbt_centro_psicologico.stg_pacientes
[0m10:38:06.114668 [debug] [Thread-2 (]: Began executing node model.dbt_centro_psicologico.stg_psicologos
[0m10:38:06.129721 [debug] [Thread-3 (]: Began executing node model.dbt_centro_psicologico.stg_sedes
[0m10:38:06.143897 [debug] [Thread-1 (]: Writing runtime sql for node "model.dbt_centro_psicologico.stg_pacientes"
[0m10:38:06.143897 [debug] [Thread-4 (]: Began executing node model.dbt_centro_psicologico.stg_sesiones
[0m10:38:06.146713 [debug] [Thread-2 (]: Writing runtime sql for node "model.dbt_centro_psicologico.stg_psicologos"
[0m10:38:06.150726 [debug] [Thread-3 (]: Writing runtime sql for node "model.dbt_centro_psicologico.stg_sedes"
[0m10:38:06.153861 [debug] [Thread-4 (]: Writing runtime sql for node "model.dbt_centro_psicologico.stg_sesiones"
[0m10:38:06.154862 [debug] [Thread-1 (]: Using postgres connection "model.dbt_centro_psicologico.stg_pacientes"
[0m10:38:06.155862 [debug] [Thread-1 (]: On model.dbt_centro_psicologico.stg_pacientes: /* {"app": "dbt", "dbt_version": "1.11.9", "profile_name": "dbt_centro_psicologico", "target_name": "dev", "node_id": "model.dbt_centro_psicologico.stg_pacientes"} */

  create view "dm_centro_psicologico"."staging"."stg_pacientes__dbt_tmp"
    
    
  as (
    select
    paciente_id,
    codigo_historia,
    tipo_historial,
    nombres,
    apellido_paterno,
    apellido_materno,
    concat_ws(' ', nombres, apellido_paterno, apellido_materno) as nombre_paciente,
    numero_documento,

    case
        when fecha_nacimiento is not null
             and length(fecha_nacimiento::text) = 8
        then to_date(fecha_nacimiento::text, 'YYYYMMDD')
        else null
    end as fecha_nacimiento,

    sexo,
    estado_civil,
    grado_instruccion,
    ocupacion,
    ciudad,
    contacto_celular,
    email,

    case
        when fecha_ingreso is not null
             and length(fecha_ingreso::text) = 8
        then to_date(fecha_ingreso::text, 'YYYYMMDD')
        else null
    end as fecha_ingreso,

    canal_captacion,
    estado_paciente,
    modalidad_preferida,
    sede_id

from "dm_centro_psicologico"."public"."oltp_pacientes"
where coalesce(__deleted, 'false') <> 'true'
  );
[0m10:38:06.155862 [debug] [Thread-2 (]: Using postgres connection "model.dbt_centro_psicologico.stg_psicologos"
[0m10:38:06.156859 [debug] [Thread-3 (]: Using postgres connection "model.dbt_centro_psicologico.stg_sedes"
[0m10:38:06.157478 [debug] [Thread-1 (]: Opening a new connection, currently in state init
[0m10:38:06.157985 [debug] [Thread-4 (]: Using postgres connection "model.dbt_centro_psicologico.stg_sesiones"
[0m10:38:06.157985 [debug] [Thread-2 (]: On model.dbt_centro_psicologico.stg_psicologos: /* {"app": "dbt", "dbt_version": "1.11.9", "profile_name": "dbt_centro_psicologico", "target_name": "dev", "node_id": "model.dbt_centro_psicologico.stg_psicologos"} */

  create view "dm_centro_psicologico"."staging"."stg_psicologos__dbt_tmp"
    
    
  as (
    select
    psicologo_id,
    dni,
    nombres as nombre_psicologo,
    especialidad,
    cpp,
    modalidad,
    sede_id,
    estado

from "dm_centro_psicologico"."public"."oltp_psicologos"
where coalesce(__deleted, 'false') <> 'true'
  );
[0m10:38:06.159074 [debug] [Thread-3 (]: On model.dbt_centro_psicologico.stg_sedes: /* {"app": "dbt", "dbt_version": "1.11.9", "profile_name": "dbt_centro_psicologico", "target_name": "dev", "node_id": "model.dbt_centro_psicologico.stg_sedes"} */

  create view "dm_centro_psicologico"."staging"."stg_sedes__dbt_tmp"
    
    
  as (
    select
    sede_id,
    nombre_sede,
    ciudad,

    case
        when tiene_online = 1 then true
        else false
    end as tiene_online,

    estado

from "dm_centro_psicologico"."public"."oltp_sedes"
where coalesce(__deleted, 'false') <> 'true'
  );
[0m10:38:06.159074 [debug] [Thread-4 (]: On model.dbt_centro_psicologico.stg_sesiones: /* {"app": "dbt", "dbt_version": "1.11.9", "profile_name": "dbt_centro_psicologico", "target_name": "dev", "node_id": "model.dbt_centro_psicologico.stg_sesiones"} */

  create view "dm_centro_psicologico"."staging"."stg_sesiones__dbt_tmp"
    
    
  as (
    select
    sesion_id,
    codigo_historia,
    paciente_id,
    psicologo_id,
    nro_sesion,

    case
        when fecha_sesion is not null
             and length(fecha_sesion::text) = 8
        then to_date(fecha_sesion::text, 'YYYYMMDD')
        else null
    end as fecha_sesion,

    tipo_historial,
    etapa_atencion,
    modalidad,
    duracion_min,
    estado_sesion,
    monto_sesion,
    estado_pago,
    metodo_pago,
    codigo_cie10,
    descripcion_cie10

from "dm_centro_psicologico"."public"."oltp_sesiones"
where coalesce(__deleted, 'false') <> 'true'
  );
[0m10:38:06.160536 [debug] [Thread-2 (]: Opening a new connection, currently in state init
[0m10:38:06.160536 [debug] [Thread-3 (]: Opening a new connection, currently in state init
[0m10:38:06.161855 [debug] [Thread-4 (]: Opening a new connection, currently in state init
[0m10:38:06.182881 [debug] [Thread-1 (]: SQL status: CREATE VIEW in 0.025 seconds
[0m10:38:06.190863 [debug] [Thread-1 (]: Using postgres connection "model.dbt_centro_psicologico.stg_pacientes"
[0m10:38:06.191861 [debug] [Thread-3 (]: SQL status: CREATE VIEW in 0.031 seconds
[0m10:38:06.192368 [debug] [Thread-1 (]: On model.dbt_centro_psicologico.stg_pacientes: /* {"app": "dbt", "dbt_version": "1.11.9", "profile_name": "dbt_centro_psicologico", "target_name": "dev", "node_id": "model.dbt_centro_psicologico.stg_pacientes"} */
alter table "dm_centro_psicologico"."staging"."stg_pacientes" rename to "stg_pacientes__dbt_backup"
[0m10:38:06.198174 [debug] [Thread-3 (]: Using postgres connection "model.dbt_centro_psicologico.stg_sedes"
[0m10:38:06.198174 [debug] [Thread-2 (]: SQL status: CREATE VIEW in 0.039 seconds
[0m10:38:06.199440 [debug] [Thread-4 (]: SQL status: CREATE VIEW in 0.038 seconds
[0m10:38:06.199440 [debug] [Thread-3 (]: On model.dbt_centro_psicologico.stg_sedes: /* {"app": "dbt", "dbt_version": "1.11.9", "profile_name": "dbt_centro_psicologico", "target_name": "dev", "node_id": "model.dbt_centro_psicologico.stg_sedes"} */
alter table "dm_centro_psicologico"."staging"."stg_sedes" rename to "stg_sedes__dbt_backup"
[0m10:38:06.203663 [debug] [Thread-2 (]: Using postgres connection "model.dbt_centro_psicologico.stg_psicologos"
[0m10:38:06.203663 [debug] [Thread-1 (]: SQL status: ALTER TABLE in 0.004 seconds
[0m10:38:06.207018 [debug] [Thread-4 (]: Using postgres connection "model.dbt_centro_psicologico.stg_sesiones"
[0m10:38:06.208527 [debug] [Thread-2 (]: On model.dbt_centro_psicologico.stg_psicologos: /* {"app": "dbt", "dbt_version": "1.11.9", "profile_name": "dbt_centro_psicologico", "target_name": "dev", "node_id": "model.dbt_centro_psicologico.stg_psicologos"} */
alter table "dm_centro_psicologico"."staging"."stg_psicologos" rename to "stg_psicologos__dbt_backup"
[0m10:38:06.212560 [debug] [Thread-1 (]: Using postgres connection "model.dbt_centro_psicologico.stg_pacientes"
[0m10:38:06.212560 [debug] [Thread-3 (]: SQL status: ALTER TABLE in 0.004 seconds
[0m10:38:06.213559 [debug] [Thread-4 (]: On model.dbt_centro_psicologico.stg_sesiones: /* {"app": "dbt", "dbt_version": "1.11.9", "profile_name": "dbt_centro_psicologico", "target_name": "dev", "node_id": "model.dbt_centro_psicologico.stg_sesiones"} */
alter table "dm_centro_psicologico"."staging"."stg_sesiones" rename to "stg_sesiones__dbt_backup"
[0m10:38:06.213559 [debug] [Thread-1 (]: On model.dbt_centro_psicologico.stg_pacientes: /* {"app": "dbt", "dbt_version": "1.11.9", "profile_name": "dbt_centro_psicologico", "target_name": "dev", "node_id": "model.dbt_centro_psicologico.stg_pacientes"} */
alter table "dm_centro_psicologico"."staging"."stg_pacientes__dbt_tmp" rename to "stg_pacientes"
[0m10:38:06.218019 [debug] [Thread-3 (]: Using postgres connection "model.dbt_centro_psicologico.stg_sedes"
[0m10:38:06.218019 [debug] [Thread-2 (]: SQL status: ALTER TABLE in 0.004 seconds
[0m10:38:06.219596 [debug] [Thread-3 (]: On model.dbt_centro_psicologico.stg_sedes: /* {"app": "dbt", "dbt_version": "1.11.9", "profile_name": "dbt_centro_psicologico", "target_name": "dev", "node_id": "model.dbt_centro_psicologico.stg_sedes"} */
alter table "dm_centro_psicologico"."staging"."stg_sedes__dbt_tmp" rename to "stg_sedes"
[0m10:38:06.219596 [debug] [Thread-4 (]: SQL status: ALTER TABLE in 0.001 seconds
[0m10:38:06.219596 [debug] [Thread-1 (]: SQL status: ALTER TABLE in 0.001 seconds
[0m10:38:06.224556 [debug] [Thread-2 (]: Using postgres connection "model.dbt_centro_psicologico.stg_psicologos"
[0m10:38:06.230486 [debug] [Thread-4 (]: Using postgres connection "model.dbt_centro_psicologico.stg_sesiones"
[0m10:38:06.230486 [debug] [Thread-3 (]: SQL status: ALTER TABLE in 0.005 seconds
[0m10:38:06.253204 [debug] [Thread-1 (]: On model.dbt_centro_psicologico.stg_pacientes: COMMIT
[0m10:38:06.253204 [debug] [Thread-2 (]: On model.dbt_centro_psicologico.stg_psicologos: /* {"app": "dbt", "dbt_version": "1.11.9", "profile_name": "dbt_centro_psicologico", "target_name": "dev", "node_id": "model.dbt_centro_psicologico.stg_psicologos"} */
alter table "dm_centro_psicologico"."staging"."stg_psicologos__dbt_tmp" rename to "stg_psicologos"
[0m10:38:06.255213 [debug] [Thread-4 (]: On model.dbt_centro_psicologico.stg_sesiones: /* {"app": "dbt", "dbt_version": "1.11.9", "profile_name": "dbt_centro_psicologico", "target_name": "dev", "node_id": "model.dbt_centro_psicologico.stg_sesiones"} */
alter table "dm_centro_psicologico"."staging"."stg_sesiones__dbt_tmp" rename to "stg_sesiones"
[0m10:38:06.255213 [debug] [Thread-3 (]: On model.dbt_centro_psicologico.stg_sedes: COMMIT
[0m10:38:06.258111 [debug] [Thread-1 (]: Using postgres connection "model.dbt_centro_psicologico.stg_pacientes"
[0m10:38:06.259133 [debug] [Thread-3 (]: Using postgres connection "model.dbt_centro_psicologico.stg_sedes"
[0m10:38:06.259656 [debug] [Thread-1 (]: On model.dbt_centro_psicologico.stg_pacientes: COMMIT
[0m10:38:06.259656 [debug] [Thread-2 (]: SQL status: ALTER TABLE in 0.002 seconds
[0m10:38:06.259656 [debug] [Thread-4 (]: SQL status: ALTER TABLE in 0.002 seconds
[0m10:38:06.261665 [debug] [Thread-3 (]: On model.dbt_centro_psicologico.stg_sedes: COMMIT
[0m10:38:06.263169 [debug] [Thread-2 (]: On model.dbt_centro_psicologico.stg_psicologos: COMMIT
[0m10:38:06.264440 [debug] [Thread-1 (]: SQL status: COMMIT in 0.002 seconds
[0m10:38:06.265699 [debug] [Thread-4 (]: On model.dbt_centro_psicologico.stg_sesiones: COMMIT
[0m10:38:06.266704 [debug] [Thread-2 (]: Using postgres connection "model.dbt_centro_psicologico.stg_psicologos"
[0m10:38:06.274920 [debug] [Thread-1 (]: Applying DROP to: "dm_centro_psicologico"."staging"."stg_pacientes__dbt_backup"
[0m10:38:06.274920 [debug] [Thread-3 (]: SQL status: COMMIT in 0.009 seconds
[0m10:38:06.275922 [debug] [Thread-4 (]: Using postgres connection "model.dbt_centro_psicologico.stg_sesiones"
[0m10:38:06.276963 [debug] [Thread-2 (]: On model.dbt_centro_psicologico.stg_psicologos: COMMIT
[0m10:38:06.282760 [debug] [Thread-1 (]: Using postgres connection "model.dbt_centro_psicologico.stg_pacientes"
[0m10:38:06.287271 [debug] [Thread-3 (]: Applying DROP to: "dm_centro_psicologico"."staging"."stg_sedes__dbt_backup"
[0m10:38:06.288276 [debug] [Thread-4 (]: On model.dbt_centro_psicologico.stg_sesiones: COMMIT
[0m10:38:06.288790 [debug] [Thread-1 (]: On model.dbt_centro_psicologico.stg_pacientes: /* {"app": "dbt", "dbt_version": "1.11.9", "profile_name": "dbt_centro_psicologico", "target_name": "dev", "node_id": "model.dbt_centro_psicologico.stg_pacientes"} */
drop view if exists "dm_centro_psicologico"."staging"."stg_pacientes__dbt_backup" cascade
[0m10:38:06.290194 [debug] [Thread-3 (]: Using postgres connection "model.dbt_centro_psicologico.stg_sedes"
[0m10:38:06.291202 [debug] [Thread-3 (]: On model.dbt_centro_psicologico.stg_sedes: /* {"app": "dbt", "dbt_version": "1.11.9", "profile_name": "dbt_centro_psicologico", "target_name": "dev", "node_id": "model.dbt_centro_psicologico.stg_sedes"} */
drop view if exists "dm_centro_psicologico"."staging"."stg_sedes__dbt_backup" cascade
[0m10:38:06.296120 [debug] [Thread-2 (]: SQL status: COMMIT in 0.007 seconds
[0m10:38:06.296120 [debug] [Thread-4 (]: SQL status: COMMIT in 0.005 seconds
[0m10:38:06.301715 [debug] [Thread-2 (]: Applying DROP to: "dm_centro_psicologico"."staging"."stg_psicologos__dbt_backup"
[0m10:38:06.306236 [debug] [Thread-4 (]: Applying DROP to: "dm_centro_psicologico"."staging"."stg_sesiones__dbt_backup"
[0m10:38:06.307730 [debug] [Thread-2 (]: Using postgres connection "model.dbt_centro_psicologico.stg_psicologos"
[0m10:38:06.308781 [debug] [Thread-4 (]: Using postgres connection "model.dbt_centro_psicologico.stg_sesiones"
[0m10:38:06.308781 [debug] [Thread-2 (]: On model.dbt_centro_psicologico.stg_psicologos: /* {"app": "dbt", "dbt_version": "1.11.9", "profile_name": "dbt_centro_psicologico", "target_name": "dev", "node_id": "model.dbt_centro_psicologico.stg_psicologos"} */
drop view if exists "dm_centro_psicologico"."staging"."stg_psicologos__dbt_backup" cascade
[0m10:38:06.309789 [debug] [Thread-4 (]: On model.dbt_centro_psicologico.stg_sesiones: /* {"app": "dbt", "dbt_version": "1.11.9", "profile_name": "dbt_centro_psicologico", "target_name": "dev", "node_id": "model.dbt_centro_psicologico.stg_sesiones"} */
drop view if exists "dm_centro_psicologico"."staging"."stg_sesiones__dbt_backup" cascade
[0m10:38:06.310793 [debug] [Thread-3 (]: SQL status: DROP VIEW in 0.018 seconds
[0m10:38:06.311790 [debug] [Thread-1 (]: SQL status: DROP VIEW in 0.020 seconds
[0m10:38:06.315221 [debug] [Thread-3 (]: On model.dbt_centro_psicologico.stg_sedes: Close
[0m10:38:06.316221 [debug] [Thread-2 (]: SQL status: DROP VIEW in 0.004 seconds
[0m10:38:06.316221 [debug] [Thread-4 (]: SQL status: DROP VIEW in 0.004 seconds
[0m10:38:06.318728 [debug] [Thread-1 (]: On model.dbt_centro_psicologico.stg_pacientes: Close
[0m10:38:06.323607 [debug] [Thread-2 (]: On model.dbt_centro_psicologico.stg_psicologos: Close
[0m10:38:06.326409 [debug] [Thread-4 (]: On model.dbt_centro_psicologico.stg_sesiones: Close
[0m10:38:06.334599 [debug] [Thread-3 (]: Sending event: {'category': 'dbt', 'action': 'run_model', 'label': '977127fa-d7a5-4c94-a725-8cd928168f37', 'context': [<snowplow_tracker.self_describing_json.SelfDescribingJson object at 0x0000018F6C135910>]}
[0m10:38:06.335601 [debug] [Thread-1 (]: Sending event: {'category': 'dbt', 'action': 'run_model', 'label': '977127fa-d7a5-4c94-a725-8cd928168f37', 'context': [<snowplow_tracker.self_describing_json.SelfDescribingJson object at 0x0000018F6C9489D0>]}
[0m10:38:06.335601 [debug] [Thread-2 (]: Sending event: {'category': 'dbt', 'action': 'run_model', 'label': '977127fa-d7a5-4c94-a725-8cd928168f37', 'context': [<snowplow_tracker.self_describing_json.SelfDescribingJson object at 0x0000018F6CEC8110>]}
[0m10:38:06.336600 [debug] [Thread-4 (]: Sending event: {'category': 'dbt', 'action': 'run_model', 'label': '977127fa-d7a5-4c94-a725-8cd928168f37', 'context': [<snowplow_tracker.self_describing_json.SelfDescribingJson object at 0x0000018F6C18E550>]}
[0m10:38:06.338016 [info ] [Thread-3 (]: 3 of 11 OK created sql view model staging.stg_sedes ............................ [[32mCREATE VIEW[0m in 0.23s]
[0m10:38:06.340427 [info ] [Thread-1 (]: 1 of 11 OK created sql view model staging.stg_pacientes ........................ [[32mCREATE VIEW[0m in 0.24s]
[0m10:38:06.342443 [info ] [Thread-2 (]: 2 of 11 OK created sql view model staging.stg_psicologos ....................... [[32mCREATE VIEW[0m in 0.24s]
[0m10:38:06.343950 [info ] [Thread-4 (]: 4 of 11 OK created sql view model staging.stg_sesiones ......................... [[32mCREATE VIEW[0m in 0.24s]
[0m10:38:06.346340 [debug] [Thread-3 (]: Finished running node model.dbt_centro_psicologico.stg_sedes
[0m10:38:06.347850 [debug] [Thread-1 (]: Finished running node model.dbt_centro_psicologico.stg_pacientes
[0m10:38:06.348370 [debug] [Thread-2 (]: Finished running node model.dbt_centro_psicologico.stg_psicologos
[0m10:38:06.349737 [debug] [Thread-4 (]: Finished running node model.dbt_centro_psicologico.stg_sesiones
[0m10:38:06.350744 [debug] [Thread-3 (]: Began running node model.dbt_centro_psicologico.dim_sede
[0m10:38:06.352256 [debug] [Thread-1 (]: Began running node model.dbt_centro_psicologico.dim_paciente
[0m10:38:06.357331 [debug] [Thread-2 (]: Began running node model.dbt_centro_psicologico.dim_psicologo
[0m10:38:06.358333 [debug] [Thread-4 (]: Began running node model.dbt_centro_psicologico.dim_servicio
[0m10:38:06.356322 [info ] [Thread-3 (]: 5 of 11 START sql table model marts.dim_sede ................................... [RUN]
[0m10:38:06.358839 [info ] [Thread-1 (]: 6 of 11 START sql table model marts.dim_paciente ............................... [RUN]
[0m10:38:06.359850 [info ] [Thread-2 (]: 7 of 11 START sql table model marts.dim_psicologo .............................. [RUN]
[0m10:38:06.362298 [info ] [Thread-4 (]: 8 of 11 START sql table model marts.dim_servicio ............................... [RUN]
[0m10:38:06.363651 [debug] [Thread-3 (]: Re-using an available connection from the pool (formerly model.dbt_centro_psicologico.stg_sedes, now model.dbt_centro_psicologico.dim_sede)
[0m10:38:06.365665 [debug] [Thread-1 (]: Re-using an available connection from the pool (formerly model.dbt_centro_psicologico.stg_pacientes, now model.dbt_centro_psicologico.dim_paciente)
[0m10:38:06.366172 [debug] [Thread-2 (]: Re-using an available connection from the pool (formerly model.dbt_centro_psicologico.stg_psicologos, now model.dbt_centro_psicologico.dim_psicologo)
[0m10:38:06.371324 [debug] [Thread-4 (]: Re-using an available connection from the pool (formerly model.dbt_centro_psicologico.stg_sesiones, now model.dbt_centro_psicologico.dim_servicio)
[0m10:38:06.371832 [debug] [Thread-3 (]: Began compiling node model.dbt_centro_psicologico.dim_sede
[0m10:38:06.374223 [debug] [Thread-1 (]: Began compiling node model.dbt_centro_psicologico.dim_paciente
[0m10:38:06.374223 [debug] [Thread-2 (]: Began compiling node model.dbt_centro_psicologico.dim_psicologo
[0m10:38:06.375564 [debug] [Thread-4 (]: Began compiling node model.dbt_centro_psicologico.dim_servicio
[0m10:38:06.381616 [debug] [Thread-3 (]: Writing injected SQL for node "model.dbt_centro_psicologico.dim_sede"
[0m10:38:06.387199 [debug] [Thread-1 (]: Writing injected SQL for node "model.dbt_centro_psicologico.dim_paciente"
[0m10:38:06.392779 [debug] [Thread-2 (]: Writing injected SQL for node "model.dbt_centro_psicologico.dim_psicologo"
[0m10:38:06.398255 [debug] [Thread-4 (]: Writing injected SQL for node "model.dbt_centro_psicologico.dim_servicio"
[0m10:38:06.400267 [debug] [Thread-3 (]: Began executing node model.dbt_centro_psicologico.dim_sede
[0m10:38:06.433902 [debug] [Thread-1 (]: Began executing node model.dbt_centro_psicologico.dim_paciente
[0m10:38:06.455212 [debug] [Thread-3 (]: Writing runtime sql for node "model.dbt_centro_psicologico.dim_sede"
[0m10:38:06.463768 [debug] [Thread-2 (]: Began executing node model.dbt_centro_psicologico.dim_psicologo
[0m10:38:06.468935 [debug] [Thread-4 (]: Began executing node model.dbt_centro_psicologico.dim_servicio
[0m10:38:06.470121 [debug] [Thread-1 (]: Writing runtime sql for node "model.dbt_centro_psicologico.dim_paciente"
[0m10:38:06.476458 [debug] [Thread-2 (]: Writing runtime sql for node "model.dbt_centro_psicologico.dim_psicologo"
[0m10:38:06.478974 [debug] [Thread-3 (]: Using postgres connection "model.dbt_centro_psicologico.dim_sede"
[0m10:38:06.484880 [debug] [Thread-4 (]: Writing runtime sql for node "model.dbt_centro_psicologico.dim_servicio"
[0m10:38:06.486878 [debug] [Thread-3 (]: On model.dbt_centro_psicologico.dim_sede: /* {"app": "dbt", "dbt_version": "1.11.9", "profile_name": "dbt_centro_psicologico", "target_name": "dev", "node_id": "model.dbt_centro_psicologico.dim_sede"} */

  
    

  create  table "dm_centro_psicologico"."marts"."dim_sede__dbt_tmp"
  
  
    as
  
  (
    select
    sede_id as sede_key,
    sede_id,
    nombre_sede,
    ciudad,
    tiene_online,
    estado

from "dm_centro_psicologico"."staging"."stg_sedes"
  );
  
[0m10:38:06.488386 [debug] [Thread-1 (]: Using postgres connection "model.dbt_centro_psicologico.dim_paciente"
[0m10:38:06.489907 [debug] [Thread-2 (]: Using postgres connection "model.dbt_centro_psicologico.dim_psicologo"
[0m10:38:06.489907 [debug] [Thread-3 (]: Opening a new connection, currently in state closed
[0m10:38:06.490919 [debug] [Thread-4 (]: Using postgres connection "model.dbt_centro_psicologico.dim_servicio"
[0m10:38:06.491914 [debug] [Thread-1 (]: On model.dbt_centro_psicologico.dim_paciente: /* {"app": "dbt", "dbt_version": "1.11.9", "profile_name": "dbt_centro_psicologico", "target_name": "dev", "node_id": "model.dbt_centro_psicologico.dim_paciente"} */

  
    

  create  table "dm_centro_psicologico"."marts"."dim_paciente__dbt_tmp"
  
  
    as
  
  (
    select
    paciente_id as paciente_key,
    paciente_id,
    codigo_historia,
    tipo_historial,
    nombre_paciente,
    numero_documento,
    fecha_nacimiento,
    sexo,
    estado_civil,
    grado_instruccion,
    ocupacion,
    ciudad,
    fecha_ingreso,
    canal_captacion,
    estado_paciente,
    modalidad_preferida,
    sede_id

from "dm_centro_psicologico"."staging"."stg_pacientes"
  );
  
[0m10:38:06.492917 [debug] [Thread-2 (]: On model.dbt_centro_psicologico.dim_psicologo: /* {"app": "dbt", "dbt_version": "1.11.9", "profile_name": "dbt_centro_psicologico", "target_name": "dev", "node_id": "model.dbt_centro_psicologico.dim_psicologo"} */

  
    

  create  table "dm_centro_psicologico"."marts"."dim_psicologo__dbt_tmp"
  
  
    as
  
  (
    select
    psicologo_id as psicologo_key,
    psicologo_id,
    dni,
    nombre_psicologo,
    especialidad,
    cpp,
    modalidad,
    sede_id,
    estado

from "dm_centro_psicologico"."staging"."stg_psicologos"
  );
  
[0m10:38:06.493915 [debug] [Thread-4 (]: On model.dbt_centro_psicologico.dim_servicio: /* {"app": "dbt", "dbt_version": "1.11.9", "profile_name": "dbt_centro_psicologico", "target_name": "dev", "node_id": "model.dbt_centro_psicologico.dim_servicio"} */

  
    

  create  table "dm_centro_psicologico"."marts"."dim_servicio__dbt_tmp"
  
  
    as
  
  (
    select
    row_number() over (
        order by tipo_historial, etapa_atencion, modalidad
    ) as servicio_key,

    tipo_historial,
    etapa_atencion,
    modalidad

from (
    select distinct
        tipo_historial,
        etapa_atencion,
        modalidad
    from "dm_centro_psicologico"."staging"."stg_sesiones"
) servicios
  );
  
[0m10:38:06.495327 [debug] [Thread-1 (]: Opening a new connection, currently in state closed
[0m10:38:06.497802 [debug] [Thread-2 (]: Opening a new connection, currently in state closed
[0m10:38:06.498834 [debug] [Thread-4 (]: Opening a new connection, currently in state closed
[0m10:38:06.523600 [debug] [Thread-3 (]: SQL status: SELECT 2 in 0.034 seconds
[0m10:38:06.539035 [debug] [Thread-3 (]: Using postgres connection "model.dbt_centro_psicologico.dim_sede"
[0m10:38:06.540420 [debug] [Thread-2 (]: SQL status: SELECT 4 in 0.043 seconds
[0m10:38:06.541435 [debug] [Thread-4 (]: SQL status: SELECT 35 in 0.042 seconds
[0m10:38:06.542002 [debug] [Thread-1 (]: SQL status: SELECT 100 in 0.046 seconds
[0m10:38:06.542002 [debug] [Thread-3 (]: On model.dbt_centro_psicologico.dim_sede: /* {"app": "dbt", "dbt_version": "1.11.9", "profile_name": "dbt_centro_psicologico", "target_name": "dev", "node_id": "model.dbt_centro_psicologico.dim_sede"} */
alter table "dm_centro_psicologico"."marts"."dim_sede" rename to "dim_sede__dbt_backup"
[0m10:38:06.549150 [debug] [Thread-2 (]: Using postgres connection "model.dbt_centro_psicologico.dim_psicologo"
[0m10:38:06.555071 [debug] [Thread-4 (]: Using postgres connection "model.dbt_centro_psicologico.dim_servicio"
[0m10:38:06.560286 [debug] [Thread-1 (]: Using postgres connection "model.dbt_centro_psicologico.dim_paciente"
[0m10:38:06.561293 [debug] [Thread-2 (]: On model.dbt_centro_psicologico.dim_psicologo: /* {"app": "dbt", "dbt_version": "1.11.9", "profile_name": "dbt_centro_psicologico", "target_name": "dev", "node_id": "model.dbt_centro_psicologico.dim_psicologo"} */
alter table "dm_centro_psicologico"."marts"."dim_psicologo" rename to "dim_psicologo__dbt_backup"
[0m10:38:06.562668 [debug] [Thread-4 (]: On model.dbt_centro_psicologico.dim_servicio: /* {"app": "dbt", "dbt_version": "1.11.9", "profile_name": "dbt_centro_psicologico", "target_name": "dev", "node_id": "model.dbt_centro_psicologico.dim_servicio"} */
alter table "dm_centro_psicologico"."marts"."dim_servicio" rename to "dim_servicio__dbt_backup"
[0m10:38:06.563676 [debug] [Thread-3 (]: SQL status: ALTER TABLE in 0.002 seconds
[0m10:38:06.564677 [debug] [Thread-1 (]: On model.dbt_centro_psicologico.dim_paciente: /* {"app": "dbt", "dbt_version": "1.11.9", "profile_name": "dbt_centro_psicologico", "target_name": "dev", "node_id": "model.dbt_centro_psicologico.dim_paciente"} */
alter table "dm_centro_psicologico"."marts"."dim_paciente" rename to "dim_paciente__dbt_backup"
[0m10:38:06.571457 [debug] [Thread-3 (]: Using postgres connection "model.dbt_centro_psicologico.dim_sede"
[0m10:38:06.572456 [debug] [Thread-4 (]: SQL status: ALTER TABLE in 0.007 seconds
[0m10:38:06.572456 [debug] [Thread-2 (]: SQL status: ALTER TABLE in 0.008 seconds
[0m10:38:06.573967 [debug] [Thread-3 (]: On model.dbt_centro_psicologico.dim_sede: /* {"app": "dbt", "dbt_version": "1.11.9", "profile_name": "dbt_centro_psicologico", "target_name": "dev", "node_id": "model.dbt_centro_psicologico.dim_sede"} */
alter table "dm_centro_psicologico"."marts"."dim_sede__dbt_tmp" rename to "dim_sede"
[0m10:38:06.574974 [debug] [Thread-1 (]: SQL status: ALTER TABLE in 0.001 seconds
[0m10:38:06.580483 [debug] [Thread-4 (]: Using postgres connection "model.dbt_centro_psicologico.dim_servicio"
[0m10:38:06.585638 [debug] [Thread-2 (]: Using postgres connection "model.dbt_centro_psicologico.dim_psicologo"
[0m10:38:06.592226 [debug] [Thread-1 (]: Using postgres connection "model.dbt_centro_psicologico.dim_paciente"
[0m10:38:06.593236 [debug] [Thread-3 (]: SQL status: ALTER TABLE in 0.006 seconds
[0m10:38:06.594237 [debug] [Thread-4 (]: On model.dbt_centro_psicologico.dim_servicio: /* {"app": "dbt", "dbt_version": "1.11.9", "profile_name": "dbt_centro_psicologico", "target_name": "dev", "node_id": "model.dbt_centro_psicologico.dim_servicio"} */
alter table "dm_centro_psicologico"."marts"."dim_servicio__dbt_tmp" rename to "dim_servicio"
[0m10:38:06.595236 [debug] [Thread-2 (]: On model.dbt_centro_psicologico.dim_psicologo: /* {"app": "dbt", "dbt_version": "1.11.9", "profile_name": "dbt_centro_psicologico", "target_name": "dev", "node_id": "model.dbt_centro_psicologico.dim_psicologo"} */
alter table "dm_centro_psicologico"."marts"."dim_psicologo__dbt_tmp" rename to "dim_psicologo"
[0m10:38:06.596292 [debug] [Thread-1 (]: On model.dbt_centro_psicologico.dim_paciente: /* {"app": "dbt", "dbt_version": "1.11.9", "profile_name": "dbt_centro_psicologico", "target_name": "dev", "node_id": "model.dbt_centro_psicologico.dim_paciente"} */
alter table "dm_centro_psicologico"."marts"."dim_paciente__dbt_tmp" rename to "dim_paciente"
[0m10:38:06.599305 [debug] [Thread-3 (]: On model.dbt_centro_psicologico.dim_sede: COMMIT
[0m10:38:06.601331 [debug] [Thread-3 (]: Using postgres connection "model.dbt_centro_psicologico.dim_sede"
[0m10:38:06.602331 [debug] [Thread-4 (]: SQL status: ALTER TABLE in 0.002 seconds
[0m10:38:06.602331 [debug] [Thread-1 (]: SQL status: ALTER TABLE in 0.002 seconds
[0m10:38:06.603841 [debug] [Thread-2 (]: SQL status: ALTER TABLE in 0.003 seconds
[0m10:38:06.604857 [debug] [Thread-3 (]: On model.dbt_centro_psicologico.dim_sede: COMMIT
[0m10:38:06.606854 [debug] [Thread-4 (]: On model.dbt_centro_psicologico.dim_servicio: COMMIT
[0m10:38:06.609730 [debug] [Thread-1 (]: On model.dbt_centro_psicologico.dim_paciente: COMMIT
[0m10:38:06.610931 [debug] [Thread-2 (]: On model.dbt_centro_psicologico.dim_psicologo: COMMIT
[0m10:38:06.613551 [debug] [Thread-4 (]: Using postgres connection "model.dbt_centro_psicologico.dim_servicio"
[0m10:38:06.614556 [debug] [Thread-1 (]: Using postgres connection "model.dbt_centro_psicologico.dim_paciente"
[0m10:38:06.614556 [debug] [Thread-2 (]: Using postgres connection "model.dbt_centro_psicologico.dim_psicologo"
[0m10:38:06.616070 [debug] [Thread-3 (]: SQL status: COMMIT in 0.003 seconds
[0m10:38:06.616070 [debug] [Thread-4 (]: On model.dbt_centro_psicologico.dim_servicio: COMMIT
[0m10:38:06.617989 [debug] [Thread-1 (]: On model.dbt_centro_psicologico.dim_paciente: COMMIT
[0m10:38:06.619115 [debug] [Thread-2 (]: On model.dbt_centro_psicologico.dim_psicologo: COMMIT
[0m10:38:06.623649 [debug] [Thread-3 (]: Applying DROP to: "dm_centro_psicologico"."marts"."dim_sede__dbt_backup"
[0m10:38:06.631422 [debug] [Thread-3 (]: Using postgres connection "model.dbt_centro_psicologico.dim_sede"
[0m10:38:06.632432 [debug] [Thread-4 (]: SQL status: COMMIT in 0.007 seconds
[0m10:38:06.632432 [debug] [Thread-2 (]: SQL status: COMMIT in 0.007 seconds
[0m10:38:06.633530 [debug] [Thread-1 (]: SQL status: COMMIT in 0.008 seconds
[0m10:38:06.634542 [debug] [Thread-3 (]: On model.dbt_centro_psicologico.dim_sede: /* {"app": "dbt", "dbt_version": "1.11.9", "profile_name": "dbt_centro_psicologico", "target_name": "dev", "node_id": "model.dbt_centro_psicologico.dim_sede"} */
drop table if exists "dm_centro_psicologico"."marts"."dim_sede__dbt_backup" cascade
[0m10:38:06.638618 [debug] [Thread-4 (]: Applying DROP to: "dm_centro_psicologico"."marts"."dim_servicio__dbt_backup"
[0m10:38:06.646722 [debug] [Thread-2 (]: Applying DROP to: "dm_centro_psicologico"."marts"."dim_psicologo__dbt_backup"
[0m10:38:06.651265 [debug] [Thread-1 (]: Applying DROP to: "dm_centro_psicologico"."marts"."dim_paciente__dbt_backup"
[0m10:38:06.653450 [debug] [Thread-4 (]: Using postgres connection "model.dbt_centro_psicologico.dim_servicio"
[0m10:38:06.654451 [debug] [Thread-2 (]: Using postgres connection "model.dbt_centro_psicologico.dim_psicologo"
[0m10:38:06.657060 [debug] [Thread-1 (]: Using postgres connection "model.dbt_centro_psicologico.dim_paciente"
[0m10:38:06.658059 [debug] [Thread-4 (]: On model.dbt_centro_psicologico.dim_servicio: /* {"app": "dbt", "dbt_version": "1.11.9", "profile_name": "dbt_centro_psicologico", "target_name": "dev", "node_id": "model.dbt_centro_psicologico.dim_servicio"} */
drop table if exists "dm_centro_psicologico"."marts"."dim_servicio__dbt_backup" cascade
[0m10:38:06.658564 [debug] [Thread-2 (]: On model.dbt_centro_psicologico.dim_psicologo: /* {"app": "dbt", "dbt_version": "1.11.9", "profile_name": "dbt_centro_psicologico", "target_name": "dev", "node_id": "model.dbt_centro_psicologico.dim_psicologo"} */
drop table if exists "dm_centro_psicologico"."marts"."dim_psicologo__dbt_backup" cascade
[0m10:38:06.659284 [debug] [Thread-1 (]: On model.dbt_centro_psicologico.dim_paciente: /* {"app": "dbt", "dbt_version": "1.11.9", "profile_name": "dbt_centro_psicologico", "target_name": "dev", "node_id": "model.dbt_centro_psicologico.dim_paciente"} */
drop table if exists "dm_centro_psicologico"."marts"."dim_paciente__dbt_backup" cascade
[0m10:38:06.684384 [debug] [Thread-4 (]: SQL status: DROP TABLE in 0.024 seconds
[0m10:38:06.685386 [debug] [Thread-3 (]: SQL status: DROP TABLE in 0.032 seconds
[0m10:38:06.685386 [debug] [Thread-2 (]: SQL status: DROP TABLE in 0.025 seconds
[0m10:38:06.685386 [debug] [Thread-1 (]: SQL status: DROP TABLE in 0.025 seconds
[0m10:38:06.687973 [debug] [Thread-4 (]: On model.dbt_centro_psicologico.dim_servicio: Close
[0m10:38:06.690119 [debug] [Thread-3 (]: On model.dbt_centro_psicologico.dim_sede: Close
[0m10:38:06.692117 [debug] [Thread-2 (]: On model.dbt_centro_psicologico.dim_psicologo: Close
[0m10:38:06.694529 [debug] [Thread-1 (]: On model.dbt_centro_psicologico.dim_paciente: Close
[0m10:38:06.697030 [debug] [Thread-4 (]: Sending event: {'category': 'dbt', 'action': 'run_model', 'label': '977127fa-d7a5-4c94-a725-8cd928168f37', 'context': [<snowplow_tracker.self_describing_json.SelfDescribingJson object at 0x0000018F6CEF3750>]}
[0m10:38:06.698096 [debug] [Thread-3 (]: Sending event: {'category': 'dbt', 'action': 'run_model', 'label': '977127fa-d7a5-4c94-a725-8cd928168f37', 'context': [<snowplow_tracker.self_describing_json.SelfDescribingJson object at 0x0000018F6CF27410>]}
[0m10:38:06.699628 [debug] [Thread-2 (]: Sending event: {'category': 'dbt', 'action': 'run_model', 'label': '977127fa-d7a5-4c94-a725-8cd928168f37', 'context': [<snowplow_tracker.self_describing_json.SelfDescribingJson object at 0x0000018F6CF24CD0>]}
[0m10:38:06.701693 [debug] [Thread-1 (]: Sending event: {'category': 'dbt', 'action': 'run_model', 'label': '977127fa-d7a5-4c94-a725-8cd928168f37', 'context': [<snowplow_tracker.self_describing_json.SelfDescribingJson object at 0x0000018F6CF146D0>]}
[0m10:38:06.702691 [info ] [Thread-4 (]: 8 of 11 OK created sql table model marts.dim_servicio .......................... [[32mSELECT 35[0m in 0.33s]
[0m10:38:06.704197 [info ] [Thread-3 (]: 5 of 11 OK created sql table model marts.dim_sede .............................. [[32mSELECT 2[0m in 0.33s]
[0m10:38:06.706596 [info ] [Thread-2 (]: 7 of 11 OK created sql table model marts.dim_psicologo ......................... [[32mSELECT 4[0m in 0.33s]
[0m10:38:06.708044 [info ] [Thread-1 (]: 6 of 11 OK created sql table model marts.dim_paciente .......................... [[32mSELECT 100[0m in 0.34s]
[0m10:38:06.708044 [debug] [Thread-4 (]: Finished running node model.dbt_centro_psicologico.dim_servicio
[0m10:38:06.709510 [debug] [Thread-3 (]: Finished running node model.dbt_centro_psicologico.dim_sede
[0m10:38:06.710960 [debug] [Thread-2 (]: Finished running node model.dbt_centro_psicologico.dim_psicologo
[0m10:38:06.710960 [debug] [Thread-1 (]: Finished running node model.dbt_centro_psicologico.dim_paciente
[0m10:38:06.713277 [debug] [Thread-4 (]: Began running node model.dbt_centro_psicologico.dim_tiempo
[0m10:38:06.715389 [info ] [Thread-4 (]: 9 of 11 START sql table model marts.dim_tiempo ................................. [RUN]
[0m10:38:06.716399 [debug] [Thread-4 (]: Re-using an available connection from the pool (formerly model.dbt_centro_psicologico.dim_servicio, now model.dbt_centro_psicologico.dim_tiempo)
[0m10:38:06.716399 [debug] [Thread-4 (]: Began compiling node model.dbt_centro_psicologico.dim_tiempo
[0m10:38:06.722047 [debug] [Thread-4 (]: Writing injected SQL for node "model.dbt_centro_psicologico.dim_tiempo"
[0m10:38:06.724640 [debug] [Thread-4 (]: Began executing node model.dbt_centro_psicologico.dim_tiempo
[0m10:38:06.730123 [debug] [Thread-4 (]: Writing runtime sql for node "model.dbt_centro_psicologico.dim_tiempo"
[0m10:38:06.731645 [debug] [Thread-4 (]: Using postgres connection "model.dbt_centro_psicologico.dim_tiempo"
[0m10:38:06.732645 [debug] [Thread-4 (]: On model.dbt_centro_psicologico.dim_tiempo: /* {"app": "dbt", "dbt_version": "1.11.9", "profile_name": "dbt_centro_psicologico", "target_name": "dev", "node_id": "model.dbt_centro_psicologico.dim_tiempo"} */

  
    

  create  table "dm_centro_psicologico"."marts"."dim_tiempo__dbt_tmp"
  
  
    as
  
  (
    select
    to_char(fecha_sesion, 'YYYYMMDD')::int as tiempo_key,
    fecha_sesion as fecha,
    extract(year from fecha_sesion)::int as anio,
    extract(quarter from fecha_sesion)::int as trimestre,
    extract(month from fecha_sesion)::int as mes_numero,
    to_char(fecha_sesion, 'TMMonth') as mes_nombre,
    extract(day from fecha_sesion)::int as dia,
    extract(dow from fecha_sesion)::int as dia_semana_numero,
    to_char(fecha_sesion, 'TMDay') as dia_semana_nombre

from (
    select distinct
        fecha_sesion
    from "dm_centro_psicologico"."staging"."stg_sesiones"
    where fecha_sesion is not null
) fechas
  );
  
[0m10:38:06.733641 [debug] [Thread-4 (]: Opening a new connection, currently in state closed
[0m10:38:06.762287 [debug] [Thread-4 (]: SQL status: SELECT 0 in 0.029 seconds
[0m10:38:06.767977 [debug] [Thread-4 (]: Using postgres connection "model.dbt_centro_psicologico.dim_tiempo"
[0m10:38:06.768985 [debug] [Thread-4 (]: On model.dbt_centro_psicologico.dim_tiempo: /* {"app": "dbt", "dbt_version": "1.11.9", "profile_name": "dbt_centro_psicologico", "target_name": "dev", "node_id": "model.dbt_centro_psicologico.dim_tiempo"} */
alter table "dm_centro_psicologico"."marts"."dim_tiempo" rename to "dim_tiempo__dbt_backup"
[0m10:38:06.770983 [debug] [Thread-4 (]: SQL status: ALTER TABLE in 0.001 seconds
[0m10:38:06.776804 [debug] [Thread-4 (]: Using postgres connection "model.dbt_centro_psicologico.dim_tiempo"
[0m10:38:06.778310 [debug] [Thread-4 (]: On model.dbt_centro_psicologico.dim_tiempo: /* {"app": "dbt", "dbt_version": "1.11.9", "profile_name": "dbt_centro_psicologico", "target_name": "dev", "node_id": "model.dbt_centro_psicologico.dim_tiempo"} */
alter table "dm_centro_psicologico"."marts"."dim_tiempo__dbt_tmp" rename to "dim_tiempo"
[0m10:38:06.781047 [debug] [Thread-4 (]: SQL status: ALTER TABLE in 0.001 seconds
[0m10:38:06.783563 [debug] [Thread-4 (]: On model.dbt_centro_psicologico.dim_tiempo: COMMIT
[0m10:38:06.784571 [debug] [Thread-4 (]: Using postgres connection "model.dbt_centro_psicologico.dim_tiempo"
[0m10:38:06.784571 [debug] [Thread-4 (]: On model.dbt_centro_psicologico.dim_tiempo: COMMIT
[0m10:38:06.788407 [debug] [Thread-4 (]: SQL status: COMMIT in 0.002 seconds
[0m10:38:06.793564 [debug] [Thread-4 (]: Applying DROP to: "dm_centro_psicologico"."marts"."dim_tiempo__dbt_backup"
[0m10:38:06.794564 [debug] [Thread-4 (]: Using postgres connection "model.dbt_centro_psicologico.dim_tiempo"
[0m10:38:06.795621 [debug] [Thread-4 (]: On model.dbt_centro_psicologico.dim_tiempo: /* {"app": "dbt", "dbt_version": "1.11.9", "profile_name": "dbt_centro_psicologico", "target_name": "dev", "node_id": "model.dbt_centro_psicologico.dim_tiempo"} */
drop table if exists "dm_centro_psicologico"."marts"."dim_tiempo__dbt_backup" cascade
[0m10:38:06.799604 [debug] [Thread-4 (]: SQL status: DROP TABLE in 0.003 seconds
[0m10:38:06.802611 [debug] [Thread-4 (]: On model.dbt_centro_psicologico.dim_tiempo: Close
[0m10:38:06.803684 [debug] [Thread-4 (]: Sending event: {'category': 'dbt', 'action': 'run_model', 'label': '977127fa-d7a5-4c94-a725-8cd928168f37', 'context': [<snowplow_tracker.self_describing_json.SelfDescribingJson object at 0x0000018F6CEF25D0>]}
[0m10:38:06.804857 [info ] [Thread-4 (]: 9 of 11 OK created sql table model marts.dim_tiempo ............................ [[32mSELECT 0[0m in 0.09s]
[0m10:38:06.806863 [debug] [Thread-4 (]: Finished running node model.dbt_centro_psicologico.dim_tiempo
[0m10:38:06.808363 [debug] [Thread-3 (]: Began running node model.dbt_centro_psicologico.fact_facturacion
[0m10:38:06.808363 [debug] [Thread-2 (]: Began running node model.dbt_centro_psicologico.fact_sesion
[0m10:38:06.809375 [info ] [Thread-3 (]: 10 of 11 START sql table model marts.fact_facturacion .......................... [RUN]
[0m10:38:06.810374 [info ] [Thread-2 (]: 11 of 11 START sql table model marts.fact_sesion ............................... [RUN]
[0m10:38:06.811384 [debug] [Thread-3 (]: Re-using an available connection from the pool (formerly model.dbt_centro_psicologico.dim_sede, now model.dbt_centro_psicologico.fact_facturacion)
[0m10:38:06.812383 [debug] [Thread-2 (]: Re-using an available connection from the pool (formerly model.dbt_centro_psicologico.dim_psicologo, now model.dbt_centro_psicologico.fact_sesion)
[0m10:38:06.813798 [debug] [Thread-3 (]: Began compiling node model.dbt_centro_psicologico.fact_facturacion
[0m10:38:06.814809 [debug] [Thread-2 (]: Began compiling node model.dbt_centro_psicologico.fact_sesion
[0m10:38:06.821331 [debug] [Thread-3 (]: Writing injected SQL for node "model.dbt_centro_psicologico.fact_facturacion"
[0m10:38:06.827721 [debug] [Thread-2 (]: Writing injected SQL for node "model.dbt_centro_psicologico.fact_sesion"
[0m10:38:06.829242 [debug] [Thread-3 (]: Began executing node model.dbt_centro_psicologico.fact_facturacion
[0m10:38:06.830749 [debug] [Thread-2 (]: Began executing node model.dbt_centro_psicologico.fact_sesion
[0m10:38:06.836890 [debug] [Thread-3 (]: Writing runtime sql for node "model.dbt_centro_psicologico.fact_facturacion"
[0m10:38:06.846825 [debug] [Thread-2 (]: Writing runtime sql for node "model.dbt_centro_psicologico.fact_sesion"
[0m10:38:06.848205 [debug] [Thread-3 (]: Using postgres connection "model.dbt_centro_psicologico.fact_facturacion"
[0m10:38:06.849636 [debug] [Thread-3 (]: On model.dbt_centro_psicologico.fact_facturacion: /* {"app": "dbt", "dbt_version": "1.11.9", "profile_name": "dbt_centro_psicologico", "target_name": "dev", "node_id": "model.dbt_centro_psicologico.fact_facturacion"} */

  
    

  create  table "dm_centro_psicologico"."marts"."fact_facturacion__dbt_tmp"
  
  
    as
  
  (
    select
    s.sesion_id as facturacion_key,
    s.sesion_id,

    s.paciente_id as paciente_key,
    s.psicologo_id as psicologo_key,
    p.sede_id as sede_key,
    t.tiempo_key,
    sv.servicio_key,

    s.monto_sesion,
    s.estado_pago,
    s.metodo_pago,

    case
        when upper(coalesce(s.estado_pago, '')) in ('PAGADO', 'CANCELADO')
        then s.monto_sesion
        else 0
    end as monto_pagado,

    case
        when upper(coalesce(s.estado_pago, '')) not in ('PAGADO', 'CANCELADO')
        then s.monto_sesion
        else 0
    end as monto_pendiente,

    1 as cantidad_registros_facturacion

from "dm_centro_psicologico"."staging"."stg_sesiones" s

left join "dm_centro_psicologico"."staging"."stg_pacientes" p
    on s.paciente_id = p.paciente_id

left join "dm_centro_psicologico"."marts"."dim_tiempo" t
    on s.fecha_sesion = t.fecha

left join "dm_centro_psicologico"."marts"."dim_servicio" sv
    on coalesce(s.tipo_historial, '') = coalesce(sv.tipo_historial, '')
   and coalesce(s.etapa_atencion, '') = coalesce(sv.etapa_atencion, '')
   and coalesce(s.modalidad, '') = coalesce(sv.modalidad, '')
  );
  
[0m10:38:06.849636 [debug] [Thread-2 (]: Using postgres connection "model.dbt_centro_psicologico.fact_sesion"
[0m10:38:06.852124 [debug] [Thread-3 (]: Opening a new connection, currently in state closed
[0m10:38:06.854174 [debug] [Thread-2 (]: On model.dbt_centro_psicologico.fact_sesion: /* {"app": "dbt", "dbt_version": "1.11.9", "profile_name": "dbt_centro_psicologico", "target_name": "dev", "node_id": "model.dbt_centro_psicologico.fact_sesion"} */

  
    

  create  table "dm_centro_psicologico"."marts"."fact_sesion__dbt_tmp"
  
  
    as
  
  (
    select
    s.sesion_id as sesion_key,
    s.sesion_id,

    s.paciente_id as paciente_key,
    s.psicologo_id as psicologo_key,
    p.sede_id as sede_key,
    t.tiempo_key,
    sv.servicio_key,

    s.nro_sesion,
    s.duracion_min,
    s.estado_sesion,
    s.codigo_cie10,
    s.descripcion_cie10,

    1 as cantidad_sesiones

from "dm_centro_psicologico"."staging"."stg_sesiones" s

left join "dm_centro_psicologico"."staging"."stg_pacientes" p
    on s.paciente_id = p.paciente_id

left join "dm_centro_psicologico"."marts"."dim_tiempo" t
    on s.fecha_sesion = t.fecha

left join "dm_centro_psicologico"."marts"."dim_servicio" sv
    on coalesce(s.tipo_historial, '') = coalesce(sv.tipo_historial, '')
   and coalesce(s.etapa_atencion, '') = coalesce(sv.etapa_atencion, '')
   and coalesce(s.modalidad, '') = coalesce(sv.modalidad, '')
  );
  
[0m10:38:06.856183 [debug] [Thread-2 (]: Opening a new connection, currently in state closed
[0m10:38:06.887432 [debug] [Thread-3 (]: SQL status: SELECT 100 in 0.035 seconds
[0m10:38:06.894191 [debug] [Thread-3 (]: Using postgres connection "model.dbt_centro_psicologico.fact_facturacion"
[0m10:38:06.894191 [debug] [Thread-2 (]: SQL status: SELECT 100 in 0.039 seconds
[0m10:38:06.895199 [debug] [Thread-3 (]: On model.dbt_centro_psicologico.fact_facturacion: /* {"app": "dbt", "dbt_version": "1.11.9", "profile_name": "dbt_centro_psicologico", "target_name": "dev", "node_id": "model.dbt_centro_psicologico.fact_facturacion"} */
alter table "dm_centro_psicologico"."marts"."fact_facturacion" rename to "fact_facturacion__dbt_backup"
[0m10:38:06.901427 [debug] [Thread-2 (]: Using postgres connection "model.dbt_centro_psicologico.fact_sesion"
[0m10:38:06.902616 [debug] [Thread-2 (]: On model.dbt_centro_psicologico.fact_sesion: /* {"app": "dbt", "dbt_version": "1.11.9", "profile_name": "dbt_centro_psicologico", "target_name": "dev", "node_id": "model.dbt_centro_psicologico.fact_sesion"} */
alter table "dm_centro_psicologico"."marts"."fact_sesion" rename to "fact_sesion__dbt_backup"
[0m10:38:06.902616 [debug] [Thread-3 (]: SQL status: ALTER TABLE in 0.001 seconds
[0m10:38:06.908127 [debug] [Thread-3 (]: Using postgres connection "model.dbt_centro_psicologico.fact_facturacion"
[0m10:38:06.909451 [debug] [Thread-2 (]: SQL status: ALTER TABLE in 0.005 seconds
[0m10:38:06.910460 [debug] [Thread-3 (]: On model.dbt_centro_psicologico.fact_facturacion: /* {"app": "dbt", "dbt_version": "1.11.9", "profile_name": "dbt_centro_psicologico", "target_name": "dev", "node_id": "model.dbt_centro_psicologico.fact_facturacion"} */
alter table "dm_centro_psicologico"."marts"."fact_facturacion__dbt_tmp" rename to "fact_facturacion"
[0m10:38:06.915459 [debug] [Thread-2 (]: Using postgres connection "model.dbt_centro_psicologico.fact_sesion"
[0m10:38:06.916459 [debug] [Thread-2 (]: On model.dbt_centro_psicologico.fact_sesion: /* {"app": "dbt", "dbt_version": "1.11.9", "profile_name": "dbt_centro_psicologico", "target_name": "dev", "node_id": "model.dbt_centro_psicologico.fact_sesion"} */
alter table "dm_centro_psicologico"."marts"."fact_sesion__dbt_tmp" rename to "fact_sesion"
[0m10:38:06.917966 [debug] [Thread-3 (]: SQL status: ALTER TABLE in 0.001 seconds
[0m10:38:06.919973 [debug] [Thread-3 (]: On model.dbt_centro_psicologico.fact_facturacion: COMMIT
[0m10:38:06.919973 [debug] [Thread-2 (]: SQL status: ALTER TABLE in 0.002 seconds
[0m10:38:06.920979 [debug] [Thread-3 (]: Using postgres connection "model.dbt_centro_psicologico.fact_facturacion"
[0m10:38:06.921980 [debug] [Thread-2 (]: On model.dbt_centro_psicologico.fact_sesion: COMMIT
[0m10:38:06.923446 [debug] [Thread-3 (]: On model.dbt_centro_psicologico.fact_facturacion: COMMIT
[0m10:38:06.924798 [debug] [Thread-2 (]: Using postgres connection "model.dbt_centro_psicologico.fact_sesion"
[0m10:38:06.925806 [debug] [Thread-2 (]: On model.dbt_centro_psicologico.fact_sesion: COMMIT
[0m10:38:06.928144 [debug] [Thread-3 (]: SQL status: COMMIT in 0.003 seconds
[0m10:38:06.929559 [debug] [Thread-2 (]: SQL status: COMMIT in 0.002 seconds
[0m10:38:06.932693 [debug] [Thread-3 (]: Applying DROP to: "dm_centro_psicologico"."marts"."fact_facturacion__dbt_backup"
[0m10:38:06.938037 [debug] [Thread-2 (]: Applying DROP to: "dm_centro_psicologico"."marts"."fact_sesion__dbt_backup"
[0m10:38:06.939043 [debug] [Thread-3 (]: Using postgres connection "model.dbt_centro_psicologico.fact_facturacion"
[0m10:38:06.940041 [debug] [Thread-2 (]: Using postgres connection "model.dbt_centro_psicologico.fact_sesion"
[0m10:38:06.941042 [debug] [Thread-3 (]: On model.dbt_centro_psicologico.fact_facturacion: /* {"app": "dbt", "dbt_version": "1.11.9", "profile_name": "dbt_centro_psicologico", "target_name": "dev", "node_id": "model.dbt_centro_psicologico.fact_facturacion"} */
drop table if exists "dm_centro_psicologico"."marts"."fact_facturacion__dbt_backup" cascade
[0m10:38:06.942047 [debug] [Thread-2 (]: On model.dbt_centro_psicologico.fact_sesion: /* {"app": "dbt", "dbt_version": "1.11.9", "profile_name": "dbt_centro_psicologico", "target_name": "dev", "node_id": "model.dbt_centro_psicologico.fact_sesion"} */
drop table if exists "dm_centro_psicologico"."marts"."fact_sesion__dbt_backup" cascade
[0m10:38:06.946110 [debug] [Thread-3 (]: SQL status: DROP TABLE in 0.003 seconds
[0m10:38:06.946110 [debug] [Thread-2 (]: SQL status: DROP TABLE in 0.004 seconds
[0m10:38:06.949355 [debug] [Thread-3 (]: On model.dbt_centro_psicologico.fact_facturacion: Close
[0m10:38:06.951422 [debug] [Thread-2 (]: On model.dbt_centro_psicologico.fact_sesion: Close
[0m10:38:06.952430 [debug] [Thread-3 (]: Sending event: {'category': 'dbt', 'action': 'run_model', 'label': '977127fa-d7a5-4c94-a725-8cd928168f37', 'context': [<snowplow_tracker.self_describing_json.SelfDescribingJson object at 0x0000018F6C9E0BD0>]}
[0m10:38:06.953914 [debug] [Thread-2 (]: Sending event: {'category': 'dbt', 'action': 'run_model', 'label': '977127fa-d7a5-4c94-a725-8cd928168f37', 'context': [<snowplow_tracker.self_describing_json.SelfDescribingJson object at 0x0000018F6C98E8D0>]}
[0m10:38:06.954922 [info ] [Thread-3 (]: 10 of 11 OK created sql table model marts.fact_facturacion ..................... [[32mSELECT 100[0m in 0.14s]
[0m10:38:06.955921 [info ] [Thread-2 (]: 11 of 11 OK created sql table model marts.fact_sesion .......................... [[32mSELECT 100[0m in 0.14s]
[0m10:38:06.958455 [debug] [Thread-3 (]: Finished running node model.dbt_centro_psicologico.fact_facturacion
[0m10:38:06.959839 [debug] [Thread-2 (]: Finished running node model.dbt_centro_psicologico.fact_sesion
[0m10:38:06.963608 [debug] [MainThread]: On master: COMMIT
[0m10:38:06.963608 [debug] [MainThread]: Using postgres connection "master"
[0m10:38:06.964900 [debug] [MainThread]: On master: COMMIT
[0m10:38:06.966204 [debug] [MainThread]: Opening a new connection, currently in state closed
[0m10:38:06.986214 [debug] [MainThread]: SQL status: COMMIT in 0.021 seconds
[0m10:38:06.988127 [debug] [MainThread]: On master: Close
[0m10:38:06.989607 [debug] [MainThread]: Connection 'master' was properly closed.
[0m10:38:06.990739 [debug] [MainThread]: Connection 'list_dm_centro_psicologico' was properly closed.
[0m10:38:06.990739 [debug] [MainThread]: Connection 'list_dm_centro_psicologico' was properly closed.
[0m10:38:06.990739 [debug] [MainThread]: Connection 'list_dm_centro_psicologico_staging' was properly closed.
[0m10:38:06.992231 [debug] [MainThread]: Connection 'list_dm_centro_psicologico_marts' was properly closed.
[0m10:38:06.992231 [debug] [MainThread]: Connection 'model.dbt_centro_psicologico.dim_paciente' was properly closed.
[0m10:38:06.993546 [debug] [MainThread]: Connection 'model.dbt_centro_psicologico.fact_sesion' was properly closed.
[0m10:38:06.994551 [debug] [MainThread]: Connection 'model.dbt_centro_psicologico.fact_facturacion' was properly closed.
[0m10:38:06.994551 [debug] [MainThread]: Connection 'model.dbt_centro_psicologico.dim_tiempo' was properly closed.
[0m10:38:06.995727 [info ] [MainThread]: 
[0m10:38:06.997146 [info ] [MainThread]: Finished running 7 table models, 4 view models in 0 hours 0 minutes and 1.12 seconds (1.12s).
[0m10:38:07.001586 [debug] [MainThread]: Command end result
[0m10:38:07.071207 [debug] [MainThread]: Wrote artifact WritableManifest to C:\Users\HP VICTUS\Documents\Inteligencia de Negocios\CentroPsicologico-BI\dbt_centro_psicologico\target\manifest.json
[0m10:38:07.076212 [debug] [MainThread]: Wrote artifact SemanticManifest to C:\Users\HP VICTUS\Documents\Inteligencia de Negocios\CentroPsicologico-BI\dbt_centro_psicologico\target\semantic_manifest.json
[0m10:38:07.086904 [debug] [MainThread]: Wrote artifact RunExecutionResult to C:\Users\HP VICTUS\Documents\Inteligencia de Negocios\CentroPsicologico-BI\dbt_centro_psicologico\target\run_results.json
[0m10:38:07.088411 [info ] [MainThread]: 
[0m10:38:07.089417 [info ] [MainThread]: [32mCompleted successfully[0m
[0m10:38:07.091479 [info ] [MainThread]: 
[0m10:38:07.092466 [info ] [MainThread]: Done. PASS=11 WARN=0 ERROR=0 SKIP=0 NO-OP=0 TOTAL=11
[0m10:38:07.094477 [debug] [MainThread]: Command `dbt run` succeeded at 10:38:07.094477 after 2.03 seconds
[0m10:38:07.095476 [debug] [MainThread]: Sending event: {'category': 'dbt', 'action': 'invocation', 'label': 'end', 'context': [<snowplow_tracker.self_describing_json.SelfDescribingJson object at 0x0000018F6434E5D0>, <snowplow_tracker.self_describing_json.SelfDescribingJson object at 0x0000018F6BF67990>, <snowplow_tracker.self_describing_json.SelfDescribingJson object at 0x0000018F6AE01310>]}
[0m10:38:07.096476 [debug] [MainThread]: Flushing usage events
[0m10:38:08.203310 [debug] [MainThread]: An error was encountered while trying to flush usage events
[0m10:40:00.097474 [debug] [MainThread]: Sending event: {'category': 'dbt', 'action': 'invocation', 'label': 'start', 'context': [<snowplow_tracker.self_describing_json.SelfDescribingJson object at 0x000001C01E373490>, <snowplow_tracker.self_describing_json.SelfDescribingJson object at 0x000001C01E348AD0>, <snowplow_tracker.self_describing_json.SelfDescribingJson object at 0x000001C01E373A90>]}


============================== 10:40:00.101484 | 9bd7664c-af7f-404f-969a-9e829ef06eb4 ==============================
[0m10:40:00.101484 [info ] [MainThread]: Running with dbt=1.11.9
[0m10:40:00.102651 [debug] [MainThread]: running dbt with arguments {'version_check': 'True', 'no_print': 'None', 'static_parser': 'True', 'warn_error_options': 'WarnErrorOptionsV2(error=[], warn=[], silence=[])', 'target_path': 'None', 'printer_width': '80', 'write_json': 'True', 'introspect': 'True', 'log_cache_events': 'False', 'empty': 'None', 'cache_selected_only': 'False', 'log_format': 'default', 'debug': 'False', 'fail_fast': 'False', 'profiles_dir': 'C:\\Users\\HP VICTUS\\.dbt', 'send_anonymous_usage_stats': 'True', 'quiet': 'False', 'warn_error': 'None', 'partial_parse': 'True', 'use_colors': 'True', 'invocation_command': 'dbt test', 'indirect_selection': 'eager', 'use_experimental_parser': 'False', 'log_path': 'C:\\Users\\HP VICTUS\\Documents\\Inteligencia de Negocios\\CentroPsicologico-BI\\dbt_centro_psicologico\\logs'}
[0m10:40:00.232668 [debug] [MainThread]: Sending event: {'category': 'dbt', 'action': 'project_id', 'label': '9bd7664c-af7f-404f-969a-9e829ef06eb4', 'context': [<snowplow_tracker.self_describing_json.SelfDescribingJson object at 0x000001C01E597E10>]}
[0m10:40:00.276568 [debug] [MainThread]: Sending event: {'category': 'dbt', 'action': 'adapter_info', 'label': '9bd7664c-af7f-404f-969a-9e829ef06eb4', 'context': [<snowplow_tracker.self_describing_json.SelfDescribingJson object at 0x000001C019A1CA90>]}
[0m10:40:00.279081 [info ] [MainThread]: Registered adapter: postgres=1.10.0
[0m10:40:00.458572 [debug] [MainThread]: checksum: f8bb6a62265c70f2530bed05e52c2cee1c1844b101d398a67d5798350ab914c5, vars: {}, profile: , target: , version: 1.11.9
[0m10:40:00.572267 [debug] [MainThread]: Partial parsing enabled: 0 files deleted, 0 files added, 0 files changed.
[0m10:40:00.572267 [debug] [MainThread]: Nothing changed, skipping partial parsing.
[0m10:40:00.573267 [debug] [MainThread]: Partial parsing enabled, no changes found, skipping parsing
[0m10:40:00.605898 [debug] [MainThread]: Sending event: {'category': 'dbt', 'action': 'load_project', 'label': '9bd7664c-af7f-404f-969a-9e829ef06eb4', 'context': [<snowplow_tracker.self_describing_json.SelfDescribingJson object at 0x000001C01E97DCD0>]}
[0m10:40:00.738640 [debug] [MainThread]: Wrote artifact WritableManifest to C:\Users\HP VICTUS\Documents\Inteligencia de Negocios\CentroPsicologico-BI\dbt_centro_psicologico\target\manifest.json
[0m10:40:00.740643 [debug] [MainThread]: Wrote artifact SemanticManifest to C:\Users\HP VICTUS\Documents\Inteligencia de Negocios\CentroPsicologico-BI\dbt_centro_psicologico\target\semantic_manifest.json
[0m10:40:00.765586 [debug] [MainThread]: Sending event: {'category': 'dbt', 'action': 'resource_counts', 'label': '9bd7664c-af7f-404f-969a-9e829ef06eb4', 'context': [<snowplow_tracker.self_describing_json.SelfDescribingJson object at 0x000001C01EAFA390>]}
[0m10:40:00.766585 [info ] [MainThread]: Found 11 models, 24 data tests, 4 sources, 468 macros
[0m10:40:00.767581 [debug] [MainThread]: Sending event: {'category': 'dbt', 'action': 'runnable_timing', 'label': '9bd7664c-af7f-404f-969a-9e829ef06eb4', 'context': [<snowplow_tracker.self_describing_json.SelfDescribingJson object at 0x000001C01E596D50>]}
[0m10:40:00.772111 [info ] [MainThread]: 
[0m10:40:00.773113 [info ] [MainThread]: Concurrency: 4 threads (target='dev')
[0m10:40:00.773113 [info ] [MainThread]: 
[0m10:40:00.774126 [debug] [MainThread]: Acquiring new postgres connection 'master'
[0m10:40:00.779895 [debug] [ThreadPool]: Acquiring new postgres connection 'list_dm_centro_psicologico_staging'
[0m10:40:00.792415 [debug] [ThreadPool]: Acquiring new postgres connection 'list_dm_centro_psicologico_marts'
[0m10:40:00.848465 [debug] [ThreadPool]: Using postgres connection "list_dm_centro_psicologico_staging"
[0m10:40:00.848465 [debug] [ThreadPool]: Using postgres connection "list_dm_centro_psicologico_marts"
[0m10:40:00.849470 [debug] [ThreadPool]: On list_dm_centro_psicologico_staging: /* {"app": "dbt", "dbt_version": "1.11.9", "profile_name": "dbt_centro_psicologico", "target_name": "dev", "connection_name": "list_dm_centro_psicologico_staging"} */
select
      'dm_centro_psicologico' as database,
      tablename as name,
      schemaname as schema,
      'table' as type
    from pg_tables
    where schemaname ilike 'staging'
    union all
    select
      'dm_centro_psicologico' as database,
      viewname as name,
      schemaname as schema,
      'view' as type
    from pg_views
    where schemaname ilike 'staging'
    union all
    select
      'dm_centro_psicologico' as database,
      matviewname as name,
      schemaname as schema,
      'materialized_view' as type
    from pg_matviews
    where schemaname ilike 'staging'
  
[0m10:40:00.849470 [debug] [ThreadPool]: On list_dm_centro_psicologico_marts: /* {"app": "dbt", "dbt_version": "1.11.9", "profile_name": "dbt_centro_psicologico", "target_name": "dev", "connection_name": "list_dm_centro_psicologico_marts"} */
select
      'dm_centro_psicologico' as database,
      tablename as name,
      schemaname as schema,
      'table' as type
    from pg_tables
    where schemaname ilike 'marts'
    union all
    select
      'dm_centro_psicologico' as database,
      viewname as name,
      schemaname as schema,
      'view' as type
    from pg_views
    where schemaname ilike 'marts'
    union all
    select
      'dm_centro_psicologico' as database,
      matviewname as name,
      schemaname as schema,
      'materialized_view' as type
    from pg_matviews
    where schemaname ilike 'marts'
  
[0m10:40:00.850466 [debug] [ThreadPool]: Opening a new connection, currently in state init
[0m10:40:00.850466 [debug] [ThreadPool]: Opening a new connection, currently in state init
[0m10:40:00.874179 [debug] [ThreadPool]: SQL status: SELECT 7 in 0.023 seconds
[0m10:40:00.874751 [debug] [ThreadPool]: SQL status: SELECT 4 in 0.024 seconds
[0m10:40:00.875759 [debug] [ThreadPool]: On list_dm_centro_psicologico_marts: ROLLBACK
[0m10:40:00.875759 [debug] [ThreadPool]: On list_dm_centro_psicologico_staging: ROLLBACK
[0m10:40:00.877905 [debug] [ThreadPool]: On list_dm_centro_psicologico_staging: Close
[0m10:40:00.877905 [debug] [ThreadPool]: On list_dm_centro_psicologico_marts: Close
[0m10:40:00.889826 [debug] [MainThread]: Using postgres connection "master"
[0m10:40:00.890833 [debug] [MainThread]: On master: /* {"app": "dbt", "dbt_version": "1.11.9", "profile_name": "dbt_centro_psicologico", "target_name": "dev", "connection_name": "master"} */
select distinct
        dependent_namespace.nspname as dependent_schema,
        dependent_class.relname as dependent_name,
        referenced_namespace.nspname as referenced_schema,
        referenced_class.relname as referenced_name

    -- Query for views: views are entries in pg_class with an entry in pg_rewrite, but we avoid
    -- a seq scan on pg_rewrite by leveraging the fact there is an "internal" row in pg_depend for
    -- the view...
    from pg_class as dependent_class
    join pg_namespace as dependent_namespace on dependent_namespace.oid = dependent_class.relnamespace
    join pg_depend as dependent_depend on dependent_depend.refobjid = dependent_class.oid
        and dependent_depend.classid = 'pg_rewrite'::regclass
        and dependent_depend.refclassid = 'pg_class'::regclass
        and dependent_depend.deptype = 'i'

    -- ... and via pg_depend (that has a row per column, hence the need for "distinct" above, and
    -- making sure to exclude the internal row to avoid a view appearing to depend on itself)...
    join pg_depend as joining_depend on joining_depend.objid = dependent_depend.objid
        and joining_depend.classid = 'pg_rewrite'::regclass
        and joining_depend.refclassid = 'pg_class'::regclass
        and joining_depend.refobjid != dependent_depend.refobjid

    -- ... we can find the tables they query from in pg_class, but excluding system tables. Note we
    -- don't need need to exclude _dependent_ system tables, because they only query from other
    -- system tables, and so are automatically excluded by excluding _referenced_ system tables
    join pg_class as referenced_class on referenced_class.oid = joining_depend.refobjid
    join pg_namespace as referenced_namespace on referenced_namespace.oid = referenced_class.relnamespace
        and referenced_namespace.nspname != 'information_schema'
        and referenced_namespace.nspname not like 'pg\_%'

    order by
        dependent_schema, dependent_name, referenced_schema, referenced_name;
[0m10:40:00.891833 [debug] [MainThread]: Opening a new connection, currently in state init
[0m10:40:00.917483 [debug] [MainThread]: SQL status: SELECT 4 in 0.026 seconds
[0m10:40:00.919494 [debug] [MainThread]: Sending event: {'category': 'dbt', 'action': 'runnable_timing', 'label': '9bd7664c-af7f-404f-969a-9e829ef06eb4', 'context': [<snowplow_tracker.self_describing_json.SelfDescribingJson object at 0x000001C01E4F4110>]}
[0m10:40:00.920507 [debug] [MainThread]: On master: ROLLBACK
[0m10:40:00.922508 [debug] [MainThread]: On master: COMMIT
[0m10:40:00.923510 [debug] [MainThread]: Using postgres connection "master"
[0m10:40:00.924503 [debug] [MainThread]: On master: COMMIT
[0m10:40:00.926507 [debug] [MainThread]: SQL status: COMMIT in 0.002 seconds
[0m10:40:00.927502 [debug] [MainThread]: On master: Close
[0m10:40:00.932211 [debug] [Thread-1 (]: Began running node test.dbt_centro_psicologico.not_null_dim_paciente_paciente_key.ad55b3b820
[0m10:40:00.932211 [debug] [Thread-2 (]: Began running node test.dbt_centro_psicologico.not_null_dim_psicologo_psicologo_key.f28e7debb8
[0m10:40:00.933305 [debug] [Thread-3 (]: Began running node test.dbt_centro_psicologico.not_null_dim_sede_sede_key.fc99cb1803
[0m10:40:00.933305 [debug] [Thread-4 (]: Began running node test.dbt_centro_psicologico.not_null_dim_servicio_servicio_key.502915faa6
[0m10:40:00.934312 [info ] [Thread-1 (]: 1 of 24 START test not_null_dim_paciente_paciente_key .......................... [RUN]
[0m10:40:00.935498 [info ] [Thread-2 (]: 2 of 24 START test not_null_dim_psicologo_psicologo_key ........................ [RUN]
[0m10:40:00.935498 [info ] [Thread-3 (]: 3 of 24 START test not_null_dim_sede_sede_key .................................. [RUN]
[0m10:40:00.936506 [info ] [Thread-4 (]: 4 of 24 START test not_null_dim_servicio_servicio_key .......................... [RUN]
[0m10:40:00.937506 [debug] [Thread-1 (]: Acquiring new postgres connection 'test.dbt_centro_psicologico.not_null_dim_paciente_paciente_key.ad55b3b820'
[0m10:40:00.938692 [debug] [Thread-2 (]: Acquiring new postgres connection 'test.dbt_centro_psicologico.not_null_dim_psicologo_psicologo_key.f28e7debb8'
[0m10:40:00.939688 [debug] [Thread-3 (]: Acquiring new postgres connection 'test.dbt_centro_psicologico.not_null_dim_sede_sede_key.fc99cb1803'
[0m10:40:00.940692 [debug] [Thread-4 (]: Acquiring new postgres connection 'test.dbt_centro_psicologico.not_null_dim_servicio_servicio_key.502915faa6'
[0m10:40:00.941912 [debug] [Thread-1 (]: Began compiling node test.dbt_centro_psicologico.not_null_dim_paciente_paciente_key.ad55b3b820
[0m10:40:00.941912 [debug] [Thread-2 (]: Began compiling node test.dbt_centro_psicologico.not_null_dim_psicologo_psicologo_key.f28e7debb8
[0m10:40:00.942921 [debug] [Thread-3 (]: Began compiling node test.dbt_centro_psicologico.not_null_dim_sede_sede_key.fc99cb1803
[0m10:40:00.943922 [debug] [Thread-4 (]: Began compiling node test.dbt_centro_psicologico.not_null_dim_servicio_servicio_key.502915faa6
[0m10:40:00.971114 [debug] [Thread-1 (]: Writing injected SQL for node "test.dbt_centro_psicologico.not_null_dim_paciente_paciente_key.ad55b3b820"
[0m10:40:00.977586 [debug] [Thread-2 (]: Writing injected SQL for node "test.dbt_centro_psicologico.not_null_dim_psicologo_psicologo_key.f28e7debb8"
[0m10:40:00.981752 [debug] [Thread-3 (]: Writing injected SQL for node "test.dbt_centro_psicologico.not_null_dim_sede_sede_key.fc99cb1803"
[0m10:40:00.985799 [debug] [Thread-4 (]: Writing injected SQL for node "test.dbt_centro_psicologico.not_null_dim_servicio_servicio_key.502915faa6"
[0m10:40:00.989287 [debug] [Thread-2 (]: Began executing node test.dbt_centro_psicologico.not_null_dim_psicologo_psicologo_key.f28e7debb8
[0m10:40:00.990298 [debug] [Thread-1 (]: Began executing node test.dbt_centro_psicologico.not_null_dim_paciente_paciente_key.ad55b3b820
[0m10:40:00.991299 [debug] [Thread-3 (]: Began executing node test.dbt_centro_psicologico.not_null_dim_sede_sede_key.fc99cb1803
[0m10:40:00.998682 [debug] [Thread-4 (]: Began executing node test.dbt_centro_psicologico.not_null_dim_servicio_servicio_key.502915faa6
[0m10:40:01.011875 [debug] [Thread-2 (]: Writing runtime sql for node "test.dbt_centro_psicologico.not_null_dim_psicologo_psicologo_key.f28e7debb8"
[0m10:40:01.014884 [debug] [Thread-1 (]: Writing runtime sql for node "test.dbt_centro_psicologico.not_null_dim_paciente_paciente_key.ad55b3b820"
[0m10:40:01.018930 [debug] [Thread-3 (]: Writing runtime sql for node "test.dbt_centro_psicologico.not_null_dim_sede_sede_key.fc99cb1803"
[0m10:40:01.024434 [debug] [Thread-4 (]: Writing runtime sql for node "test.dbt_centro_psicologico.not_null_dim_servicio_servicio_key.502915faa6"
[0m10:40:01.027078 [debug] [Thread-2 (]: Using postgres connection "test.dbt_centro_psicologico.not_null_dim_psicologo_psicologo_key.f28e7debb8"
[0m10:40:01.027584 [debug] [Thread-2 (]: On test.dbt_centro_psicologico.not_null_dim_psicologo_psicologo_key.f28e7debb8: /* {"app": "dbt", "dbt_version": "1.11.9", "profile_name": "dbt_centro_psicologico", "target_name": "dev", "node_id": "test.dbt_centro_psicologico.not_null_dim_psicologo_psicologo_key.f28e7debb8"} */

    
    select
      count(*) as failures,
      count(*) != 0 as should_warn,
      count(*) != 0 as should_error
    from (
      
    
  
    
    



select psicologo_key
from "dm_centro_psicologico"."marts"."dim_psicologo"
where psicologo_key is null



  
  
      
    ) dbt_internal_test
[0m10:40:01.028593 [debug] [Thread-1 (]: Using postgres connection "test.dbt_centro_psicologico.not_null_dim_paciente_paciente_key.ad55b3b820"
[0m10:40:01.028593 [debug] [Thread-3 (]: Using postgres connection "test.dbt_centro_psicologico.not_null_dim_sede_sede_key.fc99cb1803"
[0m10:40:01.029728 [debug] [Thread-2 (]: Opening a new connection, currently in state init
[0m10:40:01.030296 [debug] [Thread-4 (]: Using postgres connection "test.dbt_centro_psicologico.not_null_dim_servicio_servicio_key.502915faa6"
[0m10:40:01.030296 [debug] [Thread-1 (]: On test.dbt_centro_psicologico.not_null_dim_paciente_paciente_key.ad55b3b820: /* {"app": "dbt", "dbt_version": "1.11.9", "profile_name": "dbt_centro_psicologico", "target_name": "dev", "node_id": "test.dbt_centro_psicologico.not_null_dim_paciente_paciente_key.ad55b3b820"} */

    
    select
      count(*) as failures,
      count(*) != 0 as should_warn,
      count(*) != 0 as should_error
    from (
      
    
  
    
    



select paciente_key
from "dm_centro_psicologico"."marts"."dim_paciente"
where paciente_key is null



  
  
      
    ) dbt_internal_test
[0m10:40:01.031529 [debug] [Thread-3 (]: On test.dbt_centro_psicologico.not_null_dim_sede_sede_key.fc99cb1803: /* {"app": "dbt", "dbt_version": "1.11.9", "profile_name": "dbt_centro_psicologico", "target_name": "dev", "node_id": "test.dbt_centro_psicologico.not_null_dim_sede_sede_key.fc99cb1803"} */

    
    select
      count(*) as failures,
      count(*) != 0 as should_warn,
      count(*) != 0 as should_error
    from (
      
    
  
    
    



select sede_key
from "dm_centro_psicologico"."marts"."dim_sede"
where sede_key is null



  
  
      
    ) dbt_internal_test
[0m10:40:01.032536 [debug] [Thread-4 (]: On test.dbt_centro_psicologico.not_null_dim_servicio_servicio_key.502915faa6: /* {"app": "dbt", "dbt_version": "1.11.9", "profile_name": "dbt_centro_psicologico", "target_name": "dev", "node_id": "test.dbt_centro_psicologico.not_null_dim_servicio_servicio_key.502915faa6"} */

    
    select
      count(*) as failures,
      count(*) != 0 as should_warn,
      count(*) != 0 as should_error
    from (
      
    
  
    
    



select servicio_key
from "dm_centro_psicologico"."marts"."dim_servicio"
where servicio_key is null



  
  
      
    ) dbt_internal_test
[0m10:40:01.033540 [debug] [Thread-1 (]: Opening a new connection, currently in state init
[0m10:40:01.033540 [debug] [Thread-3 (]: Opening a new connection, currently in state init
[0m10:40:01.034539 [debug] [Thread-4 (]: Opening a new connection, currently in state init
[0m10:40:01.053788 [debug] [Thread-1 (]: SQL status: SELECT 1 in 0.020 seconds
[0m10:40:01.054801 [debug] [Thread-3 (]: SQL status: SELECT 1 in 0.020 seconds
[0m10:40:01.054801 [debug] [Thread-2 (]: SQL status: SELECT 1 in 0.026 seconds
[0m10:40:01.058777 [debug] [Thread-1 (]: On test.dbt_centro_psicologico.not_null_dim_paciente_paciente_key.ad55b3b820: ROLLBACK
[0m10:40:01.060396 [debug] [Thread-3 (]: On test.dbt_centro_psicologico.not_null_dim_sede_sede_key.fc99cb1803: ROLLBACK
[0m10:40:01.063812 [debug] [Thread-2 (]: On test.dbt_centro_psicologico.not_null_dim_psicologo_psicologo_key.f28e7debb8: ROLLBACK
[0m10:40:01.065332 [debug] [Thread-1 (]: On test.dbt_centro_psicologico.not_null_dim_paciente_paciente_key.ad55b3b820: Close
[0m10:40:01.065332 [debug] [Thread-2 (]: On test.dbt_centro_psicologico.not_null_dim_psicologo_psicologo_key.f28e7debb8: Close
[0m10:40:01.066675 [debug] [Thread-3 (]: On test.dbt_centro_psicologico.not_null_dim_sede_sede_key.fc99cb1803: Close
[0m10:40:01.067688 [info ] [Thread-1 (]: 1 of 24 PASS not_null_dim_paciente_paciente_key ................................ [[32mPASS[0m in 0.13s]
[0m10:40:01.068700 [info ] [Thread-2 (]: 2 of 24 PASS not_null_dim_psicologo_psicologo_key .............................. [[32mPASS[0m in 0.13s]
[0m10:40:01.070740 [info ] [Thread-3 (]: 3 of 24 PASS not_null_dim_sede_sede_key ........................................ [[32mPASS[0m in 0.13s]
[0m10:40:01.070740 [debug] [Thread-1 (]: Finished running node test.dbt_centro_psicologico.not_null_dim_paciente_paciente_key.ad55b3b820
[0m10:40:01.071742 [debug] [Thread-2 (]: Finished running node test.dbt_centro_psicologico.not_null_dim_psicologo_psicologo_key.f28e7debb8
[0m10:40:01.073144 [debug] [Thread-3 (]: Finished running node test.dbt_centro_psicologico.not_null_dim_sede_sede_key.fc99cb1803
[0m10:40:01.074155 [debug] [Thread-1 (]: Began running node test.dbt_centro_psicologico.not_null_dim_tiempo_tiempo_key.ee571d1c6d
[0m10:40:01.075152 [debug] [Thread-2 (]: Began running node test.dbt_centro_psicologico.not_null_fact_facturacion_facturacion_key.9ac6b5a3ef
[0m10:40:01.076153 [debug] [Thread-4 (]: SQL status: SELECT 1 in 0.042 seconds
[0m10:40:01.077247 [debug] [Thread-3 (]: Began running node test.dbt_centro_psicologico.not_null_fact_sesion_sesion_key.fa2dfaa03a
[0m10:40:01.077247 [info ] [Thread-1 (]: 5 of 24 START test not_null_dim_tiempo_tiempo_key .............................. [RUN]
[0m10:40:01.077247 [info ] [Thread-2 (]: 6 of 24 START test not_null_fact_facturacion_facturacion_key ................... [RUN]
[0m10:40:01.079717 [debug] [Thread-4 (]: On test.dbt_centro_psicologico.not_null_dim_servicio_servicio_key.502915faa6: ROLLBACK
[0m10:40:01.080716 [info ] [Thread-3 (]: 7 of 24 START test not_null_fact_sesion_sesion_key ............................. [RUN]
[0m10:40:01.080716 [debug] [Thread-1 (]: Re-using an available connection from the pool (formerly test.dbt_centro_psicologico.not_null_dim_paciente_paciente_key.ad55b3b820, now test.dbt_centro_psicologico.not_null_dim_tiempo_tiempo_key.ee571d1c6d)
[0m10:40:01.081717 [debug] [Thread-2 (]: Re-using an available connection from the pool (formerly test.dbt_centro_psicologico.not_null_dim_psicologo_psicologo_key.f28e7debb8, now test.dbt_centro_psicologico.not_null_fact_facturacion_facturacion_key.9ac6b5a3ef)
[0m10:40:01.082719 [debug] [Thread-3 (]: Re-using an available connection from the pool (formerly test.dbt_centro_psicologico.not_null_dim_sede_sede_key.fc99cb1803, now test.dbt_centro_psicologico.not_null_fact_sesion_sesion_key.fa2dfaa03a)
[0m10:40:01.082719 [debug] [Thread-4 (]: On test.dbt_centro_psicologico.not_null_dim_servicio_servicio_key.502915faa6: Close
[0m10:40:01.082719 [debug] [Thread-1 (]: Began compiling node test.dbt_centro_psicologico.not_null_dim_tiempo_tiempo_key.ee571d1c6d
[0m10:40:01.084155 [debug] [Thread-2 (]: Began compiling node test.dbt_centro_psicologico.not_null_fact_facturacion_facturacion_key.9ac6b5a3ef
[0m10:40:01.084155 [debug] [Thread-3 (]: Began compiling node test.dbt_centro_psicologico.not_null_fact_sesion_sesion_key.fa2dfaa03a
[0m10:40:01.089505 [debug] [Thread-1 (]: Writing injected SQL for node "test.dbt_centro_psicologico.not_null_dim_tiempo_tiempo_key.ee571d1c6d"
[0m10:40:01.085605 [info ] [Thread-4 (]: 4 of 24 PASS not_null_dim_servicio_servicio_key ................................ [[32mPASS[0m in 0.14s]
[0m10:40:01.093865 [debug] [Thread-2 (]: Writing injected SQL for node "test.dbt_centro_psicologico.not_null_fact_facturacion_facturacion_key.9ac6b5a3ef"
[0m10:40:01.097541 [debug] [Thread-3 (]: Writing injected SQL for node "test.dbt_centro_psicologico.not_null_fact_sesion_sesion_key.fa2dfaa03a"
[0m10:40:01.098563 [debug] [Thread-4 (]: Finished running node test.dbt_centro_psicologico.not_null_dim_servicio_servicio_key.502915faa6
[0m10:40:01.099572 [debug] [Thread-1 (]: Began executing node test.dbt_centro_psicologico.not_null_dim_tiempo_tiempo_key.ee571d1c6d
[0m10:40:01.099572 [debug] [Thread-2 (]: Began executing node test.dbt_centro_psicologico.not_null_fact_facturacion_facturacion_key.9ac6b5a3ef
[0m10:40:01.100886 [debug] [Thread-4 (]: Began running node test.dbt_centro_psicologico.relationships_fact_facturacion_paciente_key__paciente_key__ref_dim_paciente_.dc95616519
[0m10:40:01.103779 [debug] [Thread-1 (]: Writing runtime sql for node "test.dbt_centro_psicologico.not_null_dim_tiempo_tiempo_key.ee571d1c6d"
[0m10:40:01.103779 [debug] [Thread-3 (]: Began executing node test.dbt_centro_psicologico.not_null_fact_sesion_sesion_key.fa2dfaa03a
[0m10:40:01.105781 [debug] [Thread-2 (]: Writing runtime sql for node "test.dbt_centro_psicologico.not_null_fact_facturacion_facturacion_key.9ac6b5a3ef"
[0m10:40:01.105781 [info ] [Thread-4 (]: 8 of 24 START test relationships_fact_facturacion_paciente_key__paciente_key__ref_dim_paciente_  [RUN]
[0m10:40:01.109612 [debug] [Thread-3 (]: Writing runtime sql for node "test.dbt_centro_psicologico.not_null_fact_sesion_sesion_key.fa2dfaa03a"
[0m10:40:01.109612 [debug] [Thread-1 (]: Using postgres connection "test.dbt_centro_psicologico.not_null_dim_tiempo_tiempo_key.ee571d1c6d"
[0m10:40:01.110614 [debug] [Thread-4 (]: Re-using an available connection from the pool (formerly test.dbt_centro_psicologico.not_null_dim_servicio_servicio_key.502915faa6, now test.dbt_centro_psicologico.relationships_fact_facturacion_paciente_key__paciente_key__ref_dim_paciente_.dc95616519)
[0m10:40:01.110614 [debug] [Thread-2 (]: Using postgres connection "test.dbt_centro_psicologico.not_null_fact_facturacion_facturacion_key.9ac6b5a3ef"
[0m10:40:01.111993 [debug] [Thread-1 (]: On test.dbt_centro_psicologico.not_null_dim_tiempo_tiempo_key.ee571d1c6d: /* {"app": "dbt", "dbt_version": "1.11.9", "profile_name": "dbt_centro_psicologico", "target_name": "dev", "node_id": "test.dbt_centro_psicologico.not_null_dim_tiempo_tiempo_key.ee571d1c6d"} */

    
    select
      count(*) as failures,
      count(*) != 0 as should_warn,
      count(*) != 0 as should_error
    from (
      
    
  
    
    



select tiempo_key
from "dm_centro_psicologico"."marts"."dim_tiempo"
where tiempo_key is null



  
  
      
    ) dbt_internal_test
[0m10:40:01.111993 [debug] [Thread-4 (]: Began compiling node test.dbt_centro_psicologico.relationships_fact_facturacion_paciente_key__paciente_key__ref_dim_paciente_.dc95616519
[0m10:40:01.113000 [debug] [Thread-3 (]: Using postgres connection "test.dbt_centro_psicologico.not_null_fact_sesion_sesion_key.fa2dfaa03a"
[0m10:40:01.113000 [debug] [Thread-2 (]: On test.dbt_centro_psicologico.not_null_fact_facturacion_facturacion_key.9ac6b5a3ef: /* {"app": "dbt", "dbt_version": "1.11.9", "profile_name": "dbt_centro_psicologico", "target_name": "dev", "node_id": "test.dbt_centro_psicologico.not_null_fact_facturacion_facturacion_key.9ac6b5a3ef"} */

    
    select
      count(*) as failures,
      count(*) != 0 as should_warn,
      count(*) != 0 as should_error
    from (
      
    
  
    
    



select facturacion_key
from "dm_centro_psicologico"."marts"."fact_facturacion"
where facturacion_key is null



  
  
      
    ) dbt_internal_test
[0m10:40:01.114001 [debug] [Thread-1 (]: Opening a new connection, currently in state closed
[0m10:40:01.119521 [debug] [Thread-4 (]: Writing injected SQL for node "test.dbt_centro_psicologico.relationships_fact_facturacion_paciente_key__paciente_key__ref_dim_paciente_.dc95616519"
[0m10:40:01.120515 [debug] [Thread-3 (]: On test.dbt_centro_psicologico.not_null_fact_sesion_sesion_key.fa2dfaa03a: /* {"app": "dbt", "dbt_version": "1.11.9", "profile_name": "dbt_centro_psicologico", "target_name": "dev", "node_id": "test.dbt_centro_psicologico.not_null_fact_sesion_sesion_key.fa2dfaa03a"} */

    
    select
      count(*) as failures,
      count(*) != 0 as should_warn,
      count(*) != 0 as should_error
    from (
      
    
  
    
    



select sesion_key
from "dm_centro_psicologico"."marts"."fact_sesion"
where sesion_key is null



  
  
      
    ) dbt_internal_test
[0m10:40:01.120515 [debug] [Thread-2 (]: Opening a new connection, currently in state closed
[0m10:40:01.122518 [debug] [Thread-3 (]: Opening a new connection, currently in state closed
[0m10:40:01.122518 [debug] [Thread-4 (]: Began executing node test.dbt_centro_psicologico.relationships_fact_facturacion_paciente_key__paciente_key__ref_dim_paciente_.dc95616519
[0m10:40:01.126118 [debug] [Thread-4 (]: Writing runtime sql for node "test.dbt_centro_psicologico.relationships_fact_facturacion_paciente_key__paciente_key__ref_dim_paciente_.dc95616519"
[0m10:40:01.128505 [debug] [Thread-4 (]: Using postgres connection "test.dbt_centro_psicologico.relationships_fact_facturacion_paciente_key__paciente_key__ref_dim_paciente_.dc95616519"
[0m10:40:01.129507 [debug] [Thread-4 (]: On test.dbt_centro_psicologico.relationships_fact_facturacion_paciente_key__paciente_key__ref_dim_paciente_.dc95616519: /* {"app": "dbt", "dbt_version": "1.11.9", "profile_name": "dbt_centro_psicologico", "target_name": "dev", "node_id": "test.dbt_centro_psicologico.relationships_fact_facturacion_paciente_key__paciente_key__ref_dim_paciente_.dc95616519"} */

    
    select
      count(*) as failures,
      count(*) != 0 as should_warn,
      count(*) != 0 as should_error
    from (
      
    
  
    
    

with child as (
    select paciente_key as from_field
    from "dm_centro_psicologico"."marts"."fact_facturacion"
    where paciente_key is not null
),

parent as (
    select paciente_key as to_field
    from "dm_centro_psicologico"."marts"."dim_paciente"
)

select
    from_field

from child
left join parent
    on child.from_field = parent.to_field

where parent.to_field is null



  
  
      
    ) dbt_internal_test
[0m10:40:01.130515 [debug] [Thread-4 (]: Opening a new connection, currently in state closed
[0m10:40:01.139017 [debug] [Thread-1 (]: SQL status: SELECT 1 in 0.025 seconds
[0m10:40:01.140385 [debug] [Thread-1 (]: On test.dbt_centro_psicologico.not_null_dim_tiempo_tiempo_key.ee571d1c6d: ROLLBACK
[0m10:40:01.141993 [debug] [Thread-1 (]: On test.dbt_centro_psicologico.not_null_dim_tiempo_tiempo_key.ee571d1c6d: Close
[0m10:40:01.141993 [debug] [Thread-3 (]: SQL status: SELECT 1 in 0.020 seconds
[0m10:40:01.143374 [info ] [Thread-1 (]: 5 of 24 PASS not_null_dim_tiempo_tiempo_key .................................... [[32mPASS[0m in 0.06s]
[0m10:40:01.144689 [debug] [Thread-3 (]: On test.dbt_centro_psicologico.not_null_fact_sesion_sesion_key.fa2dfaa03a: ROLLBACK
[0m10:40:01.146217 [debug] [Thread-1 (]: Finished running node test.dbt_centro_psicologico.not_null_dim_tiempo_tiempo_key.ee571d1c6d
[0m10:40:01.147223 [debug] [Thread-1 (]: Began running node test.dbt_centro_psicologico.relationships_fact_facturacion_psicologo_key__psicologo_key__ref_dim_psicologo_.9e05293db7
[0m10:40:01.147223 [debug] [Thread-3 (]: On test.dbt_centro_psicologico.not_null_fact_sesion_sesion_key.fa2dfaa03a: Close
[0m10:40:01.147223 [info ] [Thread-1 (]: 9 of 24 START test relationships_fact_facturacion_psicologo_key__psicologo_key__ref_dim_psicologo_  [RUN]
[0m10:40:01.148501 [info ] [Thread-3 (]: 7 of 24 PASS not_null_fact_sesion_sesion_key ................................... [[32mPASS[0m in 0.07s]
[0m10:40:01.149789 [debug] [Thread-1 (]: Re-using an available connection from the pool (formerly test.dbt_centro_psicologico.not_null_dim_tiempo_tiempo_key.ee571d1c6d, now test.dbt_centro_psicologico.relationships_fact_facturacion_psicologo_key__psicologo_key__ref_dim_psicologo_.9e05293db7)
[0m10:40:01.149789 [debug] [Thread-3 (]: Finished running node test.dbt_centro_psicologico.not_null_fact_sesion_sesion_key.fa2dfaa03a
[0m10:40:01.150898 [debug] [Thread-1 (]: Began compiling node test.dbt_centro_psicologico.relationships_fact_facturacion_psicologo_key__psicologo_key__ref_dim_psicologo_.9e05293db7
[0m10:40:01.152062 [debug] [Thread-3 (]: Began running node test.dbt_centro_psicologico.relationships_fact_facturacion_sede_key__sede_key__ref_dim_sede_.b33b2def49
[0m10:40:01.152062 [debug] [Thread-2 (]: SQL status: SELECT 1 in 0.031 seconds
[0m10:40:01.157345 [debug] [Thread-1 (]: Writing injected SQL for node "test.dbt_centro_psicologico.relationships_fact_facturacion_psicologo_key__psicologo_key__ref_dim_psicologo_.9e05293db7"
[0m10:40:01.157345 [info ] [Thread-3 (]: 10 of 24 START test relationships_fact_facturacion_sede_key__sede_key__ref_dim_sede_  [RUN]
[0m10:40:01.158685 [debug] [Thread-2 (]: On test.dbt_centro_psicologico.not_null_fact_facturacion_facturacion_key.9ac6b5a3ef: ROLLBACK
[0m10:40:01.160185 [debug] [Thread-3 (]: Re-using an available connection from the pool (formerly test.dbt_centro_psicologico.not_null_fact_sesion_sesion_key.fa2dfaa03a, now test.dbt_centro_psicologico.relationships_fact_facturacion_sede_key__sede_key__ref_dim_sede_.b33b2def49)
[0m10:40:01.160185 [debug] [Thread-1 (]: Began executing node test.dbt_centro_psicologico.relationships_fact_facturacion_psicologo_key__psicologo_key__ref_dim_psicologo_.9e05293db7
[0m10:40:01.161347 [debug] [Thread-3 (]: Began compiling node test.dbt_centro_psicologico.relationships_fact_facturacion_sede_key__sede_key__ref_dim_sede_.b33b2def49
[0m10:40:01.164785 [debug] [Thread-1 (]: Writing runtime sql for node "test.dbt_centro_psicologico.relationships_fact_facturacion_psicologo_key__psicologo_key__ref_dim_psicologo_.9e05293db7"
[0m10:40:01.164785 [debug] [Thread-2 (]: On test.dbt_centro_psicologico.not_null_fact_facturacion_facturacion_key.9ac6b5a3ef: Close
[0m10:40:01.168828 [debug] [Thread-3 (]: Writing injected SQL for node "test.dbt_centro_psicologico.relationships_fact_facturacion_sede_key__sede_key__ref_dim_sede_.b33b2def49"
[0m10:40:01.168828 [debug] [Thread-4 (]: SQL status: SELECT 1 in 0.039 seconds
[0m10:40:01.171339 [debug] [Thread-1 (]: Using postgres connection "test.dbt_centro_psicologico.relationships_fact_facturacion_psicologo_key__psicologo_key__ref_dim_psicologo_.9e05293db7"
[0m10:40:01.173345 [info ] [Thread-2 (]: 6 of 24 PASS not_null_fact_facturacion_facturacion_key ......................... [[32mPASS[0m in 0.09s]
[0m10:40:01.175339 [debug] [Thread-4 (]: On test.dbt_centro_psicologico.relationships_fact_facturacion_paciente_key__paciente_key__ref_dim_paciente_.dc95616519: ROLLBACK
[0m10:40:01.176340 [debug] [Thread-1 (]: On test.dbt_centro_psicologico.relationships_fact_facturacion_psicologo_key__psicologo_key__ref_dim_psicologo_.9e05293db7: /* {"app": "dbt", "dbt_version": "1.11.9", "profile_name": "dbt_centro_psicologico", "target_name": "dev", "node_id": "test.dbt_centro_psicologico.relationships_fact_facturacion_psicologo_key__psicologo_key__ref_dim_psicologo_.9e05293db7"} */

    
    select
      count(*) as failures,
      count(*) != 0 as should_warn,
      count(*) != 0 as should_error
    from (
      
    
  
    
    

with child as (
    select psicologo_key as from_field
    from "dm_centro_psicologico"."marts"."fact_facturacion"
    where psicologo_key is not null
),

parent as (
    select psicologo_key as to_field
    from "dm_centro_psicologico"."marts"."dim_psicologo"
)

select
    from_field

from child
left join parent
    on child.from_field = parent.to_field

where parent.to_field is null



  
  
      
    ) dbt_internal_test
[0m10:40:01.177343 [debug] [Thread-3 (]: Began executing node test.dbt_centro_psicologico.relationships_fact_facturacion_sede_key__sede_key__ref_dim_sede_.b33b2def49
[0m10:40:01.177343 [debug] [Thread-2 (]: Finished running node test.dbt_centro_psicologico.not_null_fact_facturacion_facturacion_key.9ac6b5a3ef
[0m10:40:01.178780 [debug] [Thread-1 (]: Opening a new connection, currently in state closed
[0m10:40:01.179102 [debug] [Thread-4 (]: On test.dbt_centro_psicologico.relationships_fact_facturacion_paciente_key__paciente_key__ref_dim_paciente_.dc95616519: Close
[0m10:40:01.180374 [debug] [Thread-3 (]: Writing runtime sql for node "test.dbt_centro_psicologico.relationships_fact_facturacion_sede_key__sede_key__ref_dim_sede_.b33b2def49"
[0m10:40:01.181798 [debug] [Thread-2 (]: Began running node test.dbt_centro_psicologico.relationships_fact_facturacion_servicio_key__servicio_key__ref_dim_servicio_.206026af16
[0m10:40:01.181798 [info ] [Thread-4 (]: 8 of 24 PASS relationships_fact_facturacion_paciente_key__paciente_key__ref_dim_paciente_  [[32mPASS[0m in 0.07s]
[0m10:40:01.184300 [info ] [Thread-2 (]: 11 of 24 START test relationships_fact_facturacion_servicio_key__servicio_key__ref_dim_servicio_  [RUN]
[0m10:40:01.184300 [debug] [Thread-3 (]: Using postgres connection "test.dbt_centro_psicologico.relationships_fact_facturacion_sede_key__sede_key__ref_dim_sede_.b33b2def49"
[0m10:40:01.185305 [debug] [Thread-4 (]: Finished running node test.dbt_centro_psicologico.relationships_fact_facturacion_paciente_key__paciente_key__ref_dim_paciente_.dc95616519
[0m10:40:01.185305 [debug] [Thread-2 (]: Re-using an available connection from the pool (formerly test.dbt_centro_psicologico.not_null_fact_facturacion_facturacion_key.9ac6b5a3ef, now test.dbt_centro_psicologico.relationships_fact_facturacion_servicio_key__servicio_key__ref_dim_servicio_.206026af16)
[0m10:40:01.186814 [debug] [Thread-3 (]: On test.dbt_centro_psicologico.relationships_fact_facturacion_sede_key__sede_key__ref_dim_sede_.b33b2def49: /* {"app": "dbt", "dbt_version": "1.11.9", "profile_name": "dbt_centro_psicologico", "target_name": "dev", "node_id": "test.dbt_centro_psicologico.relationships_fact_facturacion_sede_key__sede_key__ref_dim_sede_.b33b2def49"} */

    
    select
      count(*) as failures,
      count(*) != 0 as should_warn,
      count(*) != 0 as should_error
    from (
      
    
  
    
    

with child as (
    select sede_key as from_field
    from "dm_centro_psicologico"."marts"."fact_facturacion"
    where sede_key is not null
),

parent as (
    select sede_key as to_field
    from "dm_centro_psicologico"."marts"."dim_sede"
)

select
    from_field

from child
left join parent
    on child.from_field = parent.to_field

where parent.to_field is null



  
  
      
    ) dbt_internal_test
[0m10:40:01.187337 [debug] [Thread-4 (]: Began running node test.dbt_centro_psicologico.relationships_fact_facturacion_tiempo_key__tiempo_key__ref_dim_tiempo_.218028a1f7
[0m10:40:01.187337 [debug] [Thread-2 (]: Began compiling node test.dbt_centro_psicologico.relationships_fact_facturacion_servicio_key__servicio_key__ref_dim_servicio_.206026af16
[0m10:40:01.188344 [debug] [Thread-3 (]: Opening a new connection, currently in state closed
[0m10:40:01.188344 [info ] [Thread-4 (]: 12 of 24 START test relationships_fact_facturacion_tiempo_key__tiempo_key__ref_dim_tiempo_  [RUN]
[0m10:40:01.194753 [debug] [Thread-2 (]: Writing injected SQL for node "test.dbt_centro_psicologico.relationships_fact_facturacion_servicio_key__servicio_key__ref_dim_servicio_.206026af16"
[0m10:40:01.195762 [debug] [Thread-4 (]: Re-using an available connection from the pool (formerly test.dbt_centro_psicologico.relationships_fact_facturacion_paciente_key__paciente_key__ref_dim_paciente_.dc95616519, now test.dbt_centro_psicologico.relationships_fact_facturacion_tiempo_key__tiempo_key__ref_dim_tiempo_.218028a1f7)
[0m10:40:01.197268 [debug] [Thread-4 (]: Began compiling node test.dbt_centro_psicologico.relationships_fact_facturacion_tiempo_key__tiempo_key__ref_dim_tiempo_.218028a1f7
[0m10:40:01.204186 [debug] [Thread-4 (]: Writing injected SQL for node "test.dbt_centro_psicologico.relationships_fact_facturacion_tiempo_key__tiempo_key__ref_dim_tiempo_.218028a1f7"
[0m10:40:01.204186 [debug] [Thread-2 (]: Began executing node test.dbt_centro_psicologico.relationships_fact_facturacion_servicio_key__servicio_key__ref_dim_servicio_.206026af16
[0m10:40:01.205187 [debug] [Thread-1 (]: SQL status: SELECT 1 in 0.026 seconds
[0m10:40:01.207475 [debug] [Thread-2 (]: Writing runtime sql for node "test.dbt_centro_psicologico.relationships_fact_facturacion_servicio_key__servicio_key__ref_dim_servicio_.206026af16"
[0m10:40:01.208552 [debug] [Thread-1 (]: On test.dbt_centro_psicologico.relationships_fact_facturacion_psicologo_key__psicologo_key__ref_dim_psicologo_.9e05293db7: ROLLBACK
[0m10:40:01.209550 [debug] [Thread-4 (]: Began executing node test.dbt_centro_psicologico.relationships_fact_facturacion_tiempo_key__tiempo_key__ref_dim_tiempo_.218028a1f7
[0m10:40:01.211948 [debug] [Thread-4 (]: Writing runtime sql for node "test.dbt_centro_psicologico.relationships_fact_facturacion_tiempo_key__tiempo_key__ref_dim_tiempo_.218028a1f7"
[0m10:40:01.212973 [debug] [Thread-1 (]: On test.dbt_centro_psicologico.relationships_fact_facturacion_psicologo_key__psicologo_key__ref_dim_psicologo_.9e05293db7: Close
[0m10:40:01.212973 [debug] [Thread-3 (]: SQL status: SELECT 1 in 0.025 seconds
[0m10:40:01.213972 [debug] [Thread-2 (]: Using postgres connection "test.dbt_centro_psicologico.relationships_fact_facturacion_servicio_key__servicio_key__ref_dim_servicio_.206026af16"
[0m10:40:01.214995 [debug] [Thread-4 (]: Using postgres connection "test.dbt_centro_psicologico.relationships_fact_facturacion_tiempo_key__tiempo_key__ref_dim_tiempo_.218028a1f7"
[0m10:40:01.214995 [info ] [Thread-1 (]: 9 of 24 PASS relationships_fact_facturacion_psicologo_key__psicologo_key__ref_dim_psicologo_  [[32mPASS[0m in 0.06s]
[0m10:40:01.217203 [debug] [Thread-3 (]: On test.dbt_centro_psicologico.relationships_fact_facturacion_sede_key__sede_key__ref_dim_sede_.b33b2def49: ROLLBACK
[0m10:40:01.218232 [debug] [Thread-2 (]: On test.dbt_centro_psicologico.relationships_fact_facturacion_servicio_key__servicio_key__ref_dim_servicio_.206026af16: /* {"app": "dbt", "dbt_version": "1.11.9", "profile_name": "dbt_centro_psicologico", "target_name": "dev", "node_id": "test.dbt_centro_psicologico.relationships_fact_facturacion_servicio_key__servicio_key__ref_dim_servicio_.206026af16"} */

    
    select
      count(*) as failures,
      count(*) != 0 as should_warn,
      count(*) != 0 as should_error
    from (
      
    
  
    
    

with child as (
    select servicio_key as from_field
    from "dm_centro_psicologico"."marts"."fact_facturacion"
    where servicio_key is not null
),

parent as (
    select servicio_key as to_field
    from "dm_centro_psicologico"."marts"."dim_servicio"
)

select
    from_field

from child
left join parent
    on child.from_field = parent.to_field

where parent.to_field is null



  
  
      
    ) dbt_internal_test
[0m10:40:01.219273 [debug] [Thread-4 (]: On test.dbt_centro_psicologico.relationships_fact_facturacion_tiempo_key__tiempo_key__ref_dim_tiempo_.218028a1f7: /* {"app": "dbt", "dbt_version": "1.11.9", "profile_name": "dbt_centro_psicologico", "target_name": "dev", "node_id": "test.dbt_centro_psicologico.relationships_fact_facturacion_tiempo_key__tiempo_key__ref_dim_tiempo_.218028a1f7"} */

    
    select
      count(*) as failures,
      count(*) != 0 as should_warn,
      count(*) != 0 as should_error
    from (
      
    
  
    
    

with child as (
    select tiempo_key as from_field
    from "dm_centro_psicologico"."marts"."fact_facturacion"
    where tiempo_key is not null
),

parent as (
    select tiempo_key as to_field
    from "dm_centro_psicologico"."marts"."dim_tiempo"
)

select
    from_field

from child
left join parent
    on child.from_field = parent.to_field

where parent.to_field is null



  
  
      
    ) dbt_internal_test
[0m10:40:01.220269 [debug] [Thread-1 (]: Finished running node test.dbt_centro_psicologico.relationships_fact_facturacion_psicologo_key__psicologo_key__ref_dim_psicologo_.9e05293db7
[0m10:40:01.221270 [debug] [Thread-2 (]: Opening a new connection, currently in state closed
[0m10:40:01.221270 [debug] [Thread-3 (]: On test.dbt_centro_psicologico.relationships_fact_facturacion_sede_key__sede_key__ref_dim_sede_.b33b2def49: Close
[0m10:40:01.222270 [debug] [Thread-4 (]: Opening a new connection, currently in state closed
[0m10:40:01.222270 [debug] [Thread-1 (]: Began running node test.dbt_centro_psicologico.relationships_fact_sesion_paciente_key__paciente_key__ref_dim_paciente_.b47bc82ee9
[0m10:40:01.224270 [info ] [Thread-3 (]: 10 of 24 PASS relationships_fact_facturacion_sede_key__sede_key__ref_dim_sede_ . [[32mPASS[0m in 0.06s]
[0m10:40:01.226261 [info ] [Thread-1 (]: 13 of 24 START test relationships_fact_sesion_paciente_key__paciente_key__ref_dim_paciente_  [RUN]
[0m10:40:01.228279 [debug] [Thread-3 (]: Finished running node test.dbt_centro_psicologico.relationships_fact_facturacion_sede_key__sede_key__ref_dim_sede_.b33b2def49
[0m10:40:01.229304 [debug] [Thread-1 (]: Re-using an available connection from the pool (formerly test.dbt_centro_psicologico.relationships_fact_facturacion_psicologo_key__psicologo_key__ref_dim_psicologo_.9e05293db7, now test.dbt_centro_psicologico.relationships_fact_sesion_paciente_key__paciente_key__ref_dim_paciente_.b47bc82ee9)
[0m10:40:01.229304 [debug] [Thread-3 (]: Began running node test.dbt_centro_psicologico.relationships_fact_sesion_psicologo_key__psicologo_key__ref_dim_psicologo_.2319dbd115
[0m10:40:01.230616 [debug] [Thread-1 (]: Began compiling node test.dbt_centro_psicologico.relationships_fact_sesion_paciente_key__paciente_key__ref_dim_paciente_.b47bc82ee9
[0m10:40:01.231625 [info ] [Thread-3 (]: 14 of 24 START test relationships_fact_sesion_psicologo_key__psicologo_key__ref_dim_psicologo_  [RUN]
[0m10:40:01.235716 [debug] [Thread-1 (]: Writing injected SQL for node "test.dbt_centro_psicologico.relationships_fact_sesion_paciente_key__paciente_key__ref_dim_paciente_.b47bc82ee9"
[0m10:40:01.237334 [debug] [Thread-3 (]: Re-using an available connection from the pool (formerly test.dbt_centro_psicologico.relationships_fact_facturacion_sede_key__sede_key__ref_dim_sede_.b33b2def49, now test.dbt_centro_psicologico.relationships_fact_sesion_psicologo_key__psicologo_key__ref_dim_psicologo_.2319dbd115)
[0m10:40:01.238142 [debug] [Thread-3 (]: Began compiling node test.dbt_centro_psicologico.relationships_fact_sesion_psicologo_key__psicologo_key__ref_dim_psicologo_.2319dbd115
[0m10:40:01.243866 [debug] [Thread-3 (]: Writing injected SQL for node "test.dbt_centro_psicologico.relationships_fact_sesion_psicologo_key__psicologo_key__ref_dim_psicologo_.2319dbd115"
[0m10:40:01.243866 [debug] [Thread-1 (]: Began executing node test.dbt_centro_psicologico.relationships_fact_sesion_paciente_key__paciente_key__ref_dim_paciente_.b47bc82ee9
[0m10:40:01.243866 [debug] [Thread-2 (]: SQL status: SELECT 1 in 0.023 seconds
[0m10:40:01.247622 [debug] [Thread-1 (]: Writing runtime sql for node "test.dbt_centro_psicologico.relationships_fact_sesion_paciente_key__paciente_key__ref_dim_paciente_.b47bc82ee9"
[0m10:40:01.249114 [debug] [Thread-4 (]: SQL status: SELECT 1 in 0.027 seconds
[0m10:40:01.250214 [debug] [Thread-2 (]: On test.dbt_centro_psicologico.relationships_fact_facturacion_servicio_key__servicio_key__ref_dim_servicio_.206026af16: ROLLBACK
[0m10:40:01.250214 [debug] [Thread-3 (]: Began executing node test.dbt_centro_psicologico.relationships_fact_sesion_psicologo_key__psicologo_key__ref_dim_psicologo_.2319dbd115
[0m10:40:01.252389 [debug] [Thread-4 (]: On test.dbt_centro_psicologico.relationships_fact_facturacion_tiempo_key__tiempo_key__ref_dim_tiempo_.218028a1f7: ROLLBACK
[0m10:40:01.253397 [debug] [Thread-1 (]: Using postgres connection "test.dbt_centro_psicologico.relationships_fact_sesion_paciente_key__paciente_key__ref_dim_paciente_.b47bc82ee9"
[0m10:40:01.258613 [debug] [Thread-3 (]: Writing runtime sql for node "test.dbt_centro_psicologico.relationships_fact_sesion_psicologo_key__psicologo_key__ref_dim_psicologo_.2319dbd115"
[0m10:40:01.258613 [debug] [Thread-2 (]: On test.dbt_centro_psicologico.relationships_fact_facturacion_servicio_key__servicio_key__ref_dim_servicio_.206026af16: Close
[0m10:40:01.259608 [debug] [Thread-1 (]: On test.dbt_centro_psicologico.relationships_fact_sesion_paciente_key__paciente_key__ref_dim_paciente_.b47bc82ee9: /* {"app": "dbt", "dbt_version": "1.11.9", "profile_name": "dbt_centro_psicologico", "target_name": "dev", "node_id": "test.dbt_centro_psicologico.relationships_fact_sesion_paciente_key__paciente_key__ref_dim_paciente_.b47bc82ee9"} */

    
    select
      count(*) as failures,
      count(*) != 0 as should_warn,
      count(*) != 0 as should_error
    from (
      
    
  
    
    

with child as (
    select paciente_key as from_field
    from "dm_centro_psicologico"."marts"."fact_sesion"
    where paciente_key is not null
),

parent as (
    select paciente_key as to_field
    from "dm_centro_psicologico"."marts"."dim_paciente"
)

select
    from_field

from child
left join parent
    on child.from_field = parent.to_field

where parent.to_field is null



  
  
      
    ) dbt_internal_test
[0m10:40:01.259608 [debug] [Thread-4 (]: On test.dbt_centro_psicologico.relationships_fact_facturacion_tiempo_key__tiempo_key__ref_dim_tiempo_.218028a1f7: Close
[0m10:40:01.260671 [info ] [Thread-2 (]: 11 of 24 PASS relationships_fact_facturacion_servicio_key__servicio_key__ref_dim_servicio_  [[32mPASS[0m in 0.08s]
[0m10:40:01.261802 [debug] [Thread-1 (]: Opening a new connection, currently in state closed
[0m10:40:01.261802 [debug] [Thread-3 (]: Using postgres connection "test.dbt_centro_psicologico.relationships_fact_sesion_psicologo_key__psicologo_key__ref_dim_psicologo_.2319dbd115"
[0m10:40:01.264315 [debug] [Thread-2 (]: Finished running node test.dbt_centro_psicologico.relationships_fact_facturacion_servicio_key__servicio_key__ref_dim_servicio_.206026af16
[0m10:40:01.262811 [info ] [Thread-4 (]: 12 of 24 PASS relationships_fact_facturacion_tiempo_key__tiempo_key__ref_dim_tiempo_  [[32mPASS[0m in 0.07s]
[0m10:40:01.264922 [debug] [Thread-3 (]: On test.dbt_centro_psicologico.relationships_fact_sesion_psicologo_key__psicologo_key__ref_dim_psicologo_.2319dbd115: /* {"app": "dbt", "dbt_version": "1.11.9", "profile_name": "dbt_centro_psicologico", "target_name": "dev", "node_id": "test.dbt_centro_psicologico.relationships_fact_sesion_psicologo_key__psicologo_key__ref_dim_psicologo_.2319dbd115"} */

    
    select
      count(*) as failures,
      count(*) != 0 as should_warn,
      count(*) != 0 as should_error
    from (
      
    
  
    
    

with child as (
    select psicologo_key as from_field
    from "dm_centro_psicologico"."marts"."fact_sesion"
    where psicologo_key is not null
),

parent as (
    select psicologo_key as to_field
    from "dm_centro_psicologico"."marts"."dim_psicologo"
)

select
    from_field

from child
left join parent
    on child.from_field = parent.to_field

where parent.to_field is null



  
  
      
    ) dbt_internal_test
[0m10:40:01.265933 [debug] [Thread-2 (]: Began running node test.dbt_centro_psicologico.relationships_fact_sesion_sede_key__sede_key__ref_dim_sede_.34cf0b176f
[0m10:40:01.265933 [debug] [Thread-4 (]: Finished running node test.dbt_centro_psicologico.relationships_fact_facturacion_tiempo_key__tiempo_key__ref_dim_tiempo_.218028a1f7
[0m10:40:01.267442 [debug] [Thread-3 (]: Opening a new connection, currently in state closed
[0m10:40:01.268479 [info ] [Thread-2 (]: 15 of 24 START test relationships_fact_sesion_sede_key__sede_key__ref_dim_sede_  [RUN]
[0m10:40:01.268479 [debug] [Thread-4 (]: Began running node test.dbt_centro_psicologico.relationships_fact_sesion_servicio_key__servicio_key__ref_dim_servicio_.1b6e3bddc3
[0m10:40:01.269492 [debug] [Thread-2 (]: Re-using an available connection from the pool (formerly test.dbt_centro_psicologico.relationships_fact_facturacion_servicio_key__servicio_key__ref_dim_servicio_.206026af16, now test.dbt_centro_psicologico.relationships_fact_sesion_sede_key__sede_key__ref_dim_sede_.34cf0b176f)
[0m10:40:01.270486 [info ] [Thread-4 (]: 16 of 24 START test relationships_fact_sesion_servicio_key__servicio_key__ref_dim_servicio_  [RUN]
[0m10:40:01.271486 [debug] [Thread-2 (]: Began compiling node test.dbt_centro_psicologico.relationships_fact_sesion_sede_key__sede_key__ref_dim_sede_.34cf0b176f
[0m10:40:01.271486 [debug] [Thread-4 (]: Re-using an available connection from the pool (formerly test.dbt_centro_psicologico.relationships_fact_facturacion_tiempo_key__tiempo_key__ref_dim_tiempo_.218028a1f7, now test.dbt_centro_psicologico.relationships_fact_sesion_servicio_key__servicio_key__ref_dim_servicio_.1b6e3bddc3)
[0m10:40:01.276634 [debug] [Thread-2 (]: Writing injected SQL for node "test.dbt_centro_psicologico.relationships_fact_sesion_sede_key__sede_key__ref_dim_sede_.34cf0b176f"
[0m10:40:01.277779 [debug] [Thread-4 (]: Began compiling node test.dbt_centro_psicologico.relationships_fact_sesion_servicio_key__servicio_key__ref_dim_servicio_.1b6e3bddc3
[0m10:40:01.282445 [debug] [Thread-4 (]: Writing injected SQL for node "test.dbt_centro_psicologico.relationships_fact_sesion_servicio_key__servicio_key__ref_dim_servicio_.1b6e3bddc3"
[0m10:40:01.283655 [debug] [Thread-2 (]: Began executing node test.dbt_centro_psicologico.relationships_fact_sesion_sede_key__sede_key__ref_dim_sede_.34cf0b176f
[0m10:40:01.287043 [debug] [Thread-2 (]: Writing runtime sql for node "test.dbt_centro_psicologico.relationships_fact_sesion_sede_key__sede_key__ref_dim_sede_.34cf0b176f"
[0m10:40:01.287043 [debug] [Thread-4 (]: Began executing node test.dbt_centro_psicologico.relationships_fact_sesion_servicio_key__servicio_key__ref_dim_servicio_.1b6e3bddc3
[0m10:40:01.287548 [debug] [Thread-3 (]: SQL status: SELECT 1 in 0.021 seconds
[0m10:40:01.290645 [debug] [Thread-4 (]: Writing runtime sql for node "test.dbt_centro_psicologico.relationships_fact_sesion_servicio_key__servicio_key__ref_dim_servicio_.1b6e3bddc3"
[0m10:40:01.291778 [debug] [Thread-1 (]: SQL status: SELECT 1 in 0.030 seconds
[0m10:40:01.293142 [debug] [Thread-3 (]: On test.dbt_centro_psicologico.relationships_fact_sesion_psicologo_key__psicologo_key__ref_dim_psicologo_.2319dbd115: ROLLBACK
[0m10:40:01.293142 [debug] [Thread-2 (]: Using postgres connection "test.dbt_centro_psicologico.relationships_fact_sesion_sede_key__sede_key__ref_dim_sede_.34cf0b176f"
[0m10:40:01.295355 [debug] [Thread-1 (]: On test.dbt_centro_psicologico.relationships_fact_sesion_paciente_key__paciente_key__ref_dim_paciente_.b47bc82ee9: ROLLBACK
[0m10:40:01.296366 [debug] [Thread-4 (]: Using postgres connection "test.dbt_centro_psicologico.relationships_fact_sesion_servicio_key__servicio_key__ref_dim_servicio_.1b6e3bddc3"
[0m10:40:01.296366 [debug] [Thread-2 (]: On test.dbt_centro_psicologico.relationships_fact_sesion_sede_key__sede_key__ref_dim_sede_.34cf0b176f: /* {"app": "dbt", "dbt_version": "1.11.9", "profile_name": "dbt_centro_psicologico", "target_name": "dev", "node_id": "test.dbt_centro_psicologico.relationships_fact_sesion_sede_key__sede_key__ref_dim_sede_.34cf0b176f"} */

    
    select
      count(*) as failures,
      count(*) != 0 as should_warn,
      count(*) != 0 as should_error
    from (
      
    
  
    
    

with child as (
    select sede_key as from_field
    from "dm_centro_psicologico"."marts"."fact_sesion"
    where sede_key is not null
),

parent as (
    select sede_key as to_field
    from "dm_centro_psicologico"."marts"."dim_sede"
)

select
    from_field

from child
left join parent
    on child.from_field = parent.to_field

where parent.to_field is null



  
  
      
    ) dbt_internal_test
[0m10:40:01.297370 [debug] [Thread-3 (]: On test.dbt_centro_psicologico.relationships_fact_sesion_psicologo_key__psicologo_key__ref_dim_psicologo_.2319dbd115: Close
[0m10:40:01.297370 [debug] [Thread-4 (]: On test.dbt_centro_psicologico.relationships_fact_sesion_servicio_key__servicio_key__ref_dim_servicio_.1b6e3bddc3: /* {"app": "dbt", "dbt_version": "1.11.9", "profile_name": "dbt_centro_psicologico", "target_name": "dev", "node_id": "test.dbt_centro_psicologico.relationships_fact_sesion_servicio_key__servicio_key__ref_dim_servicio_.1b6e3bddc3"} */

    
    select
      count(*) as failures,
      count(*) != 0 as should_warn,
      count(*) != 0 as should_error
    from (
      
    
  
    
    

with child as (
    select servicio_key as from_field
    from "dm_centro_psicologico"."marts"."fact_sesion"
    where servicio_key is not null
),

parent as (
    select servicio_key as to_field
    from "dm_centro_psicologico"."marts"."dim_servicio"
)

select
    from_field

from child
left join parent
    on child.from_field = parent.to_field

where parent.to_field is null



  
  
      
    ) dbt_internal_test
[0m10:40:01.298627 [debug] [Thread-1 (]: On test.dbt_centro_psicologico.relationships_fact_sesion_paciente_key__paciente_key__ref_dim_paciente_.b47bc82ee9: Close
[0m10:40:01.298627 [debug] [Thread-2 (]: Opening a new connection, currently in state closed
[0m10:40:01.300249 [info ] [Thread-3 (]: 14 of 24 PASS relationships_fact_sesion_psicologo_key__psicologo_key__ref_dim_psicologo_  [[32mPASS[0m in 0.06s]
[0m10:40:01.300249 [debug] [Thread-4 (]: Opening a new connection, currently in state closed
[0m10:40:01.301257 [info ] [Thread-1 (]: 13 of 24 PASS relationships_fact_sesion_paciente_key__paciente_key__ref_dim_paciente_  [[32mPASS[0m in 0.07s]
[0m10:40:01.302263 [debug] [Thread-3 (]: Finished running node test.dbt_centro_psicologico.relationships_fact_sesion_psicologo_key__psicologo_key__ref_dim_psicologo_.2319dbd115
[0m10:40:01.304262 [debug] [Thread-1 (]: Finished running node test.dbt_centro_psicologico.relationships_fact_sesion_paciente_key__paciente_key__ref_dim_paciente_.b47bc82ee9
[0m10:40:01.305262 [debug] [Thread-3 (]: Began running node test.dbt_centro_psicologico.relationships_fact_sesion_tiempo_key__tiempo_key__ref_dim_tiempo_.c714fd3a3e
[0m10:40:01.305262 [debug] [Thread-1 (]: Began running node test.dbt_centro_psicologico.unique_dim_paciente_paciente_key.abedf90788
[0m10:40:01.306493 [info ] [Thread-3 (]: 17 of 24 START test relationships_fact_sesion_tiempo_key__tiempo_key__ref_dim_tiempo_  [RUN]
[0m10:40:01.306493 [info ] [Thread-1 (]: 18 of 24 START test unique_dim_paciente_paciente_key ........................... [RUN]
[0m10:40:01.307502 [debug] [Thread-3 (]: Re-using an available connection from the pool (formerly test.dbt_centro_psicologico.relationships_fact_sesion_psicologo_key__psicologo_key__ref_dim_psicologo_.2319dbd115, now test.dbt_centro_psicologico.relationships_fact_sesion_tiempo_key__tiempo_key__ref_dim_tiempo_.c714fd3a3e)
[0m10:40:01.307502 [debug] [Thread-1 (]: Re-using an available connection from the pool (formerly test.dbt_centro_psicologico.relationships_fact_sesion_paciente_key__paciente_key__ref_dim_paciente_.b47bc82ee9, now test.dbt_centro_psicologico.unique_dim_paciente_paciente_key.abedf90788)
[0m10:40:01.308682 [debug] [Thread-3 (]: Began compiling node test.dbt_centro_psicologico.relationships_fact_sesion_tiempo_key__tiempo_key__ref_dim_tiempo_.c714fd3a3e
[0m10:40:01.309692 [debug] [Thread-1 (]: Began compiling node test.dbt_centro_psicologico.unique_dim_paciente_paciente_key.abedf90788
[0m10:40:01.314125 [debug] [Thread-3 (]: Writing injected SQL for node "test.dbt_centro_psicologico.relationships_fact_sesion_tiempo_key__tiempo_key__ref_dim_tiempo_.c714fd3a3e"
[0m10:40:01.321410 [debug] [Thread-1 (]: Writing injected SQL for node "test.dbt_centro_psicologico.unique_dim_paciente_paciente_key.abedf90788"
[0m10:40:01.321410 [debug] [Thread-4 (]: SQL status: SELECT 1 in 0.021 seconds
[0m10:40:01.321410 [debug] [Thread-2 (]: SQL status: SELECT 1 in 0.023 seconds
[0m10:40:01.322866 [debug] [Thread-3 (]: Began executing node test.dbt_centro_psicologico.relationships_fact_sesion_tiempo_key__tiempo_key__ref_dim_tiempo_.c714fd3a3e
[0m10:40:01.323885 [debug] [Thread-4 (]: On test.dbt_centro_psicologico.relationships_fact_sesion_servicio_key__servicio_key__ref_dim_servicio_.1b6e3bddc3: ROLLBACK
[0m10:40:01.325883 [debug] [Thread-2 (]: On test.dbt_centro_psicologico.relationships_fact_sesion_sede_key__sede_key__ref_dim_sede_.34cf0b176f: ROLLBACK
[0m10:40:01.325883 [debug] [Thread-1 (]: Began executing node test.dbt_centro_psicologico.unique_dim_paciente_paciente_key.abedf90788
[0m10:40:01.328541 [debug] [Thread-3 (]: Writing runtime sql for node "test.dbt_centro_psicologico.relationships_fact_sesion_tiempo_key__tiempo_key__ref_dim_tiempo_.c714fd3a3e"
[0m10:40:01.331373 [debug] [Thread-1 (]: Writing runtime sql for node "test.dbt_centro_psicologico.unique_dim_paciente_paciente_key.abedf90788"
[0m10:40:01.331373 [debug] [Thread-4 (]: On test.dbt_centro_psicologico.relationships_fact_sesion_servicio_key__servicio_key__ref_dim_servicio_.1b6e3bddc3: Close
[0m10:40:01.331373 [debug] [Thread-2 (]: On test.dbt_centro_psicologico.relationships_fact_sesion_sede_key__sede_key__ref_dim_sede_.34cf0b176f: Close
[0m10:40:01.332381 [info ] [Thread-4 (]: 16 of 24 PASS relationships_fact_sesion_servicio_key__servicio_key__ref_dim_servicio_  [[32mPASS[0m in 0.06s]
[0m10:40:01.333850 [debug] [Thread-3 (]: Using postgres connection "test.dbt_centro_psicologico.relationships_fact_sesion_tiempo_key__tiempo_key__ref_dim_tiempo_.c714fd3a3e"
[0m10:40:01.335335 [debug] [Thread-4 (]: Finished running node test.dbt_centro_psicologico.relationships_fact_sesion_servicio_key__servicio_key__ref_dim_servicio_.1b6e3bddc3
[0m10:40:01.333850 [info ] [Thread-2 (]: 15 of 24 PASS relationships_fact_sesion_sede_key__sede_key__ref_dim_sede_ ...... [[32mPASS[0m in 0.06s]
[0m10:40:01.335335 [debug] [Thread-1 (]: Using postgres connection "test.dbt_centro_psicologico.unique_dim_paciente_paciente_key.abedf90788"
[0m10:40:01.336355 [debug] [Thread-3 (]: On test.dbt_centro_psicologico.relationships_fact_sesion_tiempo_key__tiempo_key__ref_dim_tiempo_.c714fd3a3e: /* {"app": "dbt", "dbt_version": "1.11.9", "profile_name": "dbt_centro_psicologico", "target_name": "dev", "node_id": "test.dbt_centro_psicologico.relationships_fact_sesion_tiempo_key__tiempo_key__ref_dim_tiempo_.c714fd3a3e"} */

    
    select
      count(*) as failures,
      count(*) != 0 as should_warn,
      count(*) != 0 as should_error
    from (
      
    
  
    
    

with child as (
    select tiempo_key as from_field
    from "dm_centro_psicologico"."marts"."fact_sesion"
    where tiempo_key is not null
),

parent as (
    select tiempo_key as to_field
    from "dm_centro_psicologico"."marts"."dim_tiempo"
)

select
    from_field

from child
left join parent
    on child.from_field = parent.to_field

where parent.to_field is null



  
  
      
    ) dbt_internal_test
[0m10:40:01.337357 [debug] [Thread-4 (]: Began running node test.dbt_centro_psicologico.unique_dim_psicologo_psicologo_key.4bbb1010ea
[0m10:40:01.337357 [debug] [Thread-2 (]: Finished running node test.dbt_centro_psicologico.relationships_fact_sesion_sede_key__sede_key__ref_dim_sede_.34cf0b176f
[0m10:40:01.338490 [debug] [Thread-1 (]: On test.dbt_centro_psicologico.unique_dim_paciente_paciente_key.abedf90788: /* {"app": "dbt", "dbt_version": "1.11.9", "profile_name": "dbt_centro_psicologico", "target_name": "dev", "node_id": "test.dbt_centro_psicologico.unique_dim_paciente_paciente_key.abedf90788"} */

    
    select
      count(*) as failures,
      count(*) != 0 as should_warn,
      count(*) != 0 as should_error
    from (
      
    
  
    
    

select
    paciente_key as unique_field,
    count(*) as n_records

from "dm_centro_psicologico"."marts"."dim_paciente"
where paciente_key is not null
group by paciente_key
having count(*) > 1



  
  
      
    ) dbt_internal_test
[0m10:40:01.338490 [debug] [Thread-3 (]: Opening a new connection, currently in state closed
[0m10:40:01.338490 [info ] [Thread-4 (]: 19 of 24 START test unique_dim_psicologo_psicologo_key ......................... [RUN]
[0m10:40:01.339914 [debug] [Thread-2 (]: Began running node test.dbt_centro_psicologico.unique_dim_sede_sede_key.d764bd7606
[0m10:40:01.339914 [debug] [Thread-1 (]: Opening a new connection, currently in state closed
[0m10:40:01.341237 [debug] [Thread-4 (]: Re-using an available connection from the pool (formerly test.dbt_centro_psicologico.relationships_fact_sesion_servicio_key__servicio_key__ref_dim_servicio_.1b6e3bddc3, now test.dbt_centro_psicologico.unique_dim_psicologo_psicologo_key.4bbb1010ea)
[0m10:40:01.341237 [info ] [Thread-2 (]: 20 of 24 START test unique_dim_sede_sede_key ................................... [RUN]
[0m10:40:01.343332 [debug] [Thread-4 (]: Began compiling node test.dbt_centro_psicologico.unique_dim_psicologo_psicologo_key.4bbb1010ea
[0m10:40:01.343332 [debug] [Thread-2 (]: Re-using an available connection from the pool (formerly test.dbt_centro_psicologico.relationships_fact_sesion_sede_key__sede_key__ref_dim_sede_.34cf0b176f, now test.dbt_centro_psicologico.unique_dim_sede_sede_key.d764bd7606)
[0m10:40:01.347351 [debug] [Thread-4 (]: Writing injected SQL for node "test.dbt_centro_psicologico.unique_dim_psicologo_psicologo_key.4bbb1010ea"
[0m10:40:01.348832 [debug] [Thread-2 (]: Began compiling node test.dbt_centro_psicologico.unique_dim_sede_sede_key.d764bd7606
[0m10:40:01.352082 [debug] [Thread-2 (]: Writing injected SQL for node "test.dbt_centro_psicologico.unique_dim_sede_sede_key.d764bd7606"
[0m10:40:01.353082 [debug] [Thread-4 (]: Began executing node test.dbt_centro_psicologico.unique_dim_psicologo_psicologo_key.4bbb1010ea
[0m10:40:01.357291 [debug] [Thread-4 (]: Writing runtime sql for node "test.dbt_centro_psicologico.unique_dim_psicologo_psicologo_key.4bbb1010ea"
[0m10:40:01.357606 [debug] [Thread-2 (]: Began executing node test.dbt_centro_psicologico.unique_dim_sede_sede_key.d764bd7606
[0m10:40:01.361003 [debug] [Thread-2 (]: Writing runtime sql for node "test.dbt_centro_psicologico.unique_dim_sede_sede_key.d764bd7606"
[0m10:40:01.361003 [debug] [Thread-1 (]: SQL status: SELECT 1 in 0.021 seconds
[0m10:40:01.362004 [debug] [Thread-4 (]: Using postgres connection "test.dbt_centro_psicologico.unique_dim_psicologo_psicologo_key.4bbb1010ea"
[0m10:40:01.363003 [debug] [Thread-1 (]: On test.dbt_centro_psicologico.unique_dim_paciente_paciente_key.abedf90788: ROLLBACK
[0m10:40:01.364069 [debug] [Thread-2 (]: Using postgres connection "test.dbt_centro_psicologico.unique_dim_sede_sede_key.d764bd7606"
[0m10:40:01.364069 [debug] [Thread-4 (]: On test.dbt_centro_psicologico.unique_dim_psicologo_psicologo_key.4bbb1010ea: /* {"app": "dbt", "dbt_version": "1.11.9", "profile_name": "dbt_centro_psicologico", "target_name": "dev", "node_id": "test.dbt_centro_psicologico.unique_dim_psicologo_psicologo_key.4bbb1010ea"} */

    
    select
      count(*) as failures,
      count(*) != 0 as should_warn,
      count(*) != 0 as should_error
    from (
      
    
  
    
    

select
    psicologo_key as unique_field,
    count(*) as n_records

from "dm_centro_psicologico"."marts"."dim_psicologo"
where psicologo_key is not null
group by psicologo_key
having count(*) > 1



  
  
      
    ) dbt_internal_test
[0m10:40:01.365078 [debug] [Thread-2 (]: On test.dbt_centro_psicologico.unique_dim_sede_sede_key.d764bd7606: /* {"app": "dbt", "dbt_version": "1.11.9", "profile_name": "dbt_centro_psicologico", "target_name": "dev", "node_id": "test.dbt_centro_psicologico.unique_dim_sede_sede_key.d764bd7606"} */

    
    select
      count(*) as failures,
      count(*) != 0 as should_warn,
      count(*) != 0 as should_error
    from (
      
    
  
    
    

select
    sede_key as unique_field,
    count(*) as n_records

from "dm_centro_psicologico"."marts"."dim_sede"
where sede_key is not null
group by sede_key
having count(*) > 1



  
  
      
    ) dbt_internal_test
[0m10:40:01.365078 [debug] [Thread-1 (]: On test.dbt_centro_psicologico.unique_dim_paciente_paciente_key.abedf90788: Close
[0m10:40:01.366520 [debug] [Thread-4 (]: Opening a new connection, currently in state closed
[0m10:40:01.366520 [debug] [Thread-2 (]: Opening a new connection, currently in state closed
[0m10:40:01.367528 [debug] [Thread-3 (]: SQL status: SELECT 1 in 0.029 seconds
[0m10:40:01.367528 [info ] [Thread-1 (]: 18 of 24 PASS unique_dim_paciente_paciente_key ................................. [[32mPASS[0m in 0.06s]
[0m10:40:01.370297 [debug] [Thread-3 (]: On test.dbt_centro_psicologico.relationships_fact_sesion_tiempo_key__tiempo_key__ref_dim_tiempo_.c714fd3a3e: ROLLBACK
[0m10:40:01.371539 [debug] [Thread-1 (]: Finished running node test.dbt_centro_psicologico.unique_dim_paciente_paciente_key.abedf90788
[0m10:40:01.372542 [debug] [Thread-1 (]: Began running node test.dbt_centro_psicologico.unique_dim_servicio_servicio_key.40154c6bb2
[0m10:40:01.373539 [debug] [Thread-3 (]: On test.dbt_centro_psicologico.relationships_fact_sesion_tiempo_key__tiempo_key__ref_dim_tiempo_.c714fd3a3e: Close
[0m10:40:01.374542 [info ] [Thread-1 (]: 21 of 24 START test unique_dim_servicio_servicio_key ........................... [RUN]
[0m10:40:01.375540 [info ] [Thread-3 (]: 17 of 24 PASS relationships_fact_sesion_tiempo_key__tiempo_key__ref_dim_tiempo_  [[32mPASS[0m in 0.07s]
[0m10:40:01.376540 [debug] [Thread-1 (]: Re-using an available connection from the pool (formerly test.dbt_centro_psicologico.unique_dim_paciente_paciente_key.abedf90788, now test.dbt_centro_psicologico.unique_dim_servicio_servicio_key.40154c6bb2)
[0m10:40:01.376540 [debug] [Thread-3 (]: Finished running node test.dbt_centro_psicologico.relationships_fact_sesion_tiempo_key__tiempo_key__ref_dim_tiempo_.c714fd3a3e
[0m10:40:01.377699 [debug] [Thread-1 (]: Began compiling node test.dbt_centro_psicologico.unique_dim_servicio_servicio_key.40154c6bb2
[0m10:40:01.377699 [debug] [Thread-3 (]: Began running node test.dbt_centro_psicologico.unique_dim_tiempo_tiempo_key.d97a77626d
[0m10:40:01.381710 [debug] [Thread-1 (]: Writing injected SQL for node "test.dbt_centro_psicologico.unique_dim_servicio_servicio_key.40154c6bb2"
[0m10:40:01.381710 [info ] [Thread-3 (]: 22 of 24 START test unique_dim_tiempo_tiempo_key ............................... [RUN]
[0m10:40:01.383207 [debug] [Thread-3 (]: Re-using an available connection from the pool (formerly test.dbt_centro_psicologico.relationships_fact_sesion_tiempo_key__tiempo_key__ref_dim_tiempo_.c714fd3a3e, now test.dbt_centro_psicologico.unique_dim_tiempo_tiempo_key.d97a77626d)
[0m10:40:01.384214 [debug] [Thread-3 (]: Began compiling node test.dbt_centro_psicologico.unique_dim_tiempo_tiempo_key.d97a77626d
[0m10:40:01.389834 [debug] [Thread-3 (]: Writing injected SQL for node "test.dbt_centro_psicologico.unique_dim_tiempo_tiempo_key.d97a77626d"
[0m10:40:01.390844 [debug] [Thread-1 (]: Began executing node test.dbt_centro_psicologico.unique_dim_servicio_servicio_key.40154c6bb2
[0m10:40:01.390844 [debug] [Thread-4 (]: SQL status: SELECT 1 in 0.025 seconds
[0m10:40:01.394138 [debug] [Thread-1 (]: Writing runtime sql for node "test.dbt_centro_psicologico.unique_dim_servicio_servicio_key.40154c6bb2"
[0m10:40:01.396148 [debug] [Thread-4 (]: On test.dbt_centro_psicologico.unique_dim_psicologo_psicologo_key.4bbb1010ea: ROLLBACK
[0m10:40:01.396148 [debug] [Thread-3 (]: Began executing node test.dbt_centro_psicologico.unique_dim_tiempo_tiempo_key.d97a77626d
[0m10:40:01.399927 [debug] [Thread-3 (]: Writing runtime sql for node "test.dbt_centro_psicologico.unique_dim_tiempo_tiempo_key.d97a77626d"
[0m10:40:01.399927 [debug] [Thread-4 (]: On test.dbt_centro_psicologico.unique_dim_psicologo_psicologo_key.4bbb1010ea: Close
[0m10:40:01.399927 [debug] [Thread-2 (]: SQL status: SELECT 1 in 0.034 seconds
[0m10:40:01.401295 [debug] [Thread-1 (]: Using postgres connection "test.dbt_centro_psicologico.unique_dim_servicio_servicio_key.40154c6bb2"
[0m10:40:01.402666 [debug] [Thread-2 (]: On test.dbt_centro_psicologico.unique_dim_sede_sede_key.d764bd7606: ROLLBACK
[0m10:40:01.401295 [info ] [Thread-4 (]: 19 of 24 PASS unique_dim_psicologo_psicologo_key ............................... [[32mPASS[0m in 0.06s]
[0m10:40:01.403674 [debug] [Thread-3 (]: Using postgres connection "test.dbt_centro_psicologico.unique_dim_tiempo_tiempo_key.d97a77626d"
[0m10:40:01.403674 [debug] [Thread-1 (]: On test.dbt_centro_psicologico.unique_dim_servicio_servicio_key.40154c6bb2: /* {"app": "dbt", "dbt_version": "1.11.9", "profile_name": "dbt_centro_psicologico", "target_name": "dev", "node_id": "test.dbt_centro_psicologico.unique_dim_servicio_servicio_key.40154c6bb2"} */

    
    select
      count(*) as failures,
      count(*) != 0 as should_warn,
      count(*) != 0 as should_error
    from (
      
    
  
    
    

select
    servicio_key as unique_field,
    count(*) as n_records

from "dm_centro_psicologico"."marts"."dim_servicio"
where servicio_key is not null
group by servicio_key
having count(*) > 1



  
  
      
    ) dbt_internal_test
[0m10:40:01.404678 [debug] [Thread-4 (]: Finished running node test.dbt_centro_psicologico.unique_dim_psicologo_psicologo_key.4bbb1010ea
[0m10:40:01.405675 [debug] [Thread-2 (]: On test.dbt_centro_psicologico.unique_dim_sede_sede_key.d764bd7606: Close
[0m10:40:01.405675 [debug] [Thread-3 (]: On test.dbt_centro_psicologico.unique_dim_tiempo_tiempo_key.d97a77626d: /* {"app": "dbt", "dbt_version": "1.11.9", "profile_name": "dbt_centro_psicologico", "target_name": "dev", "node_id": "test.dbt_centro_psicologico.unique_dim_tiempo_tiempo_key.d97a77626d"} */

    
    select
      count(*) as failures,
      count(*) != 0 as should_warn,
      count(*) != 0 as should_error
    from (
      
    
  
    
    

select
    tiempo_key as unique_field,
    count(*) as n_records

from "dm_centro_psicologico"."marts"."dim_tiempo"
where tiempo_key is not null
group by tiempo_key
having count(*) > 1



  
  
      
    ) dbt_internal_test
[0m10:40:01.406709 [debug] [Thread-1 (]: Opening a new connection, currently in state closed
[0m10:40:01.407215 [debug] [Thread-4 (]: Began running node test.dbt_centro_psicologico.unique_fact_facturacion_facturacion_key.29e1427d66
[0m10:40:01.408221 [info ] [Thread-2 (]: 20 of 24 PASS unique_dim_sede_sede_key ......................................... [[32mPASS[0m in 0.06s]
[0m10:40:01.408221 [debug] [Thread-3 (]: Opening a new connection, currently in state closed
[0m10:40:01.409225 [info ] [Thread-4 (]: 23 of 24 START test unique_fact_facturacion_facturacion_key .................... [RUN]
[0m10:40:01.410616 [debug] [Thread-2 (]: Finished running node test.dbt_centro_psicologico.unique_dim_sede_sede_key.d764bd7606
[0m10:40:01.410616 [debug] [Thread-4 (]: Re-using an available connection from the pool (formerly test.dbt_centro_psicologico.unique_dim_psicologo_psicologo_key.4bbb1010ea, now test.dbt_centro_psicologico.unique_fact_facturacion_facturacion_key.29e1427d66)
[0m10:40:01.411625 [debug] [Thread-2 (]: Began running node test.dbt_centro_psicologico.unique_fact_sesion_sesion_key.4b16b12b97
[0m10:40:01.411625 [debug] [Thread-4 (]: Began compiling node test.dbt_centro_psicologico.unique_fact_facturacion_facturacion_key.29e1427d66
[0m10:40:01.413123 [info ] [Thread-2 (]: 24 of 24 START test unique_fact_sesion_sesion_key .............................. [RUN]
[0m10:40:01.417373 [debug] [Thread-4 (]: Writing injected SQL for node "test.dbt_centro_psicologico.unique_fact_facturacion_facturacion_key.29e1427d66"
[0m10:40:01.418574 [debug] [Thread-2 (]: Re-using an available connection from the pool (formerly test.dbt_centro_psicologico.unique_dim_sede_sede_key.d764bd7606, now test.dbt_centro_psicologico.unique_fact_sesion_sesion_key.4b16b12b97)
[0m10:40:01.419585 [debug] [Thread-2 (]: Began compiling node test.dbt_centro_psicologico.unique_fact_sesion_sesion_key.4b16b12b97
[0m10:40:01.423499 [debug] [Thread-2 (]: Writing injected SQL for node "test.dbt_centro_psicologico.unique_fact_sesion_sesion_key.4b16b12b97"
[0m10:40:01.424501 [debug] [Thread-4 (]: Began executing node test.dbt_centro_psicologico.unique_fact_facturacion_facturacion_key.29e1427d66
[0m10:40:01.427827 [debug] [Thread-4 (]: Writing runtime sql for node "test.dbt_centro_psicologico.unique_fact_facturacion_facturacion_key.29e1427d66"
[0m10:40:01.427827 [debug] [Thread-1 (]: SQL status: SELECT 1 in 0.022 seconds
[0m10:40:01.428957 [debug] [Thread-3 (]: SQL status: SELECT 1 in 0.020 seconds
[0m10:40:01.428957 [debug] [Thread-2 (]: Began executing node test.dbt_centro_psicologico.unique_fact_sesion_sesion_key.4b16b12b97
[0m10:40:01.428957 [debug] [Thread-1 (]: On test.dbt_centro_psicologico.unique_dim_servicio_servicio_key.40154c6bb2: ROLLBACK
[0m10:40:01.428957 [debug] [Thread-4 (]: Using postgres connection "test.dbt_centro_psicologico.unique_fact_facturacion_facturacion_key.29e1427d66"
[0m10:40:01.428957 [debug] [Thread-3 (]: On test.dbt_centro_psicologico.unique_dim_tiempo_tiempo_key.d97a77626d: ROLLBACK
[0m10:40:01.428957 [debug] [Thread-2 (]: Writing runtime sql for node "test.dbt_centro_psicologico.unique_fact_sesion_sesion_key.4b16b12b97"
[0m10:40:01.437621 [debug] [Thread-4 (]: On test.dbt_centro_psicologico.unique_fact_facturacion_facturacion_key.29e1427d66: /* {"app": "dbt", "dbt_version": "1.11.9", "profile_name": "dbt_centro_psicologico", "target_name": "dev", "node_id": "test.dbt_centro_psicologico.unique_fact_facturacion_facturacion_key.29e1427d66"} */

    
    select
      count(*) as failures,
      count(*) != 0 as should_warn,
      count(*) != 0 as should_error
    from (
      
    
  
    
    

select
    facturacion_key as unique_field,
    count(*) as n_records

from "dm_centro_psicologico"."marts"."fact_facturacion"
where facturacion_key is not null
group by facturacion_key
having count(*) > 1



  
  
      
    ) dbt_internal_test
[0m10:40:01.438813 [debug] [Thread-1 (]: On test.dbt_centro_psicologico.unique_dim_servicio_servicio_key.40154c6bb2: Close
[0m10:40:01.438813 [debug] [Thread-3 (]: On test.dbt_centro_psicologico.unique_dim_tiempo_tiempo_key.d97a77626d: Close
[0m10:40:01.438813 [debug] [Thread-4 (]: Opening a new connection, currently in state closed
[0m10:40:01.439987 [debug] [Thread-2 (]: Using postgres connection "test.dbt_centro_psicologico.unique_fact_sesion_sesion_key.4b16b12b97"
[0m10:40:01.441000 [info ] [Thread-1 (]: 21 of 24 PASS unique_dim_servicio_servicio_key ................................. [[32mPASS[0m in 0.06s]
[0m10:40:01.442000 [info ] [Thread-3 (]: 22 of 24 PASS unique_dim_tiempo_tiempo_key ..................................... [[32mPASS[0m in 0.06s]
[0m10:40:01.443108 [debug] [Thread-2 (]: On test.dbt_centro_psicologico.unique_fact_sesion_sesion_key.4b16b12b97: /* {"app": "dbt", "dbt_version": "1.11.9", "profile_name": "dbt_centro_psicologico", "target_name": "dev", "node_id": "test.dbt_centro_psicologico.unique_fact_sesion_sesion_key.4b16b12b97"} */

    
    select
      count(*) as failures,
      count(*) != 0 as should_warn,
      count(*) != 0 as should_error
    from (
      
    
  
    
    

select
    sesion_key as unique_field,
    count(*) as n_records

from "dm_centro_psicologico"."marts"."fact_sesion"
where sesion_key is not null
group by sesion_key
having count(*) > 1



  
  
      
    ) dbt_internal_test
[0m10:40:01.443108 [debug] [Thread-1 (]: Finished running node test.dbt_centro_psicologico.unique_dim_servicio_servicio_key.40154c6bb2
[0m10:40:01.444281 [debug] [Thread-3 (]: Finished running node test.dbt_centro_psicologico.unique_dim_tiempo_tiempo_key.d97a77626d
[0m10:40:01.445338 [debug] [Thread-2 (]: Opening a new connection, currently in state closed
[0m10:40:01.457732 [debug] [Thread-4 (]: SQL status: SELECT 1 in 0.019 seconds
[0m10:40:01.459119 [debug] [Thread-4 (]: On test.dbt_centro_psicologico.unique_fact_facturacion_facturacion_key.29e1427d66: ROLLBACK
[0m10:40:01.460117 [debug] [Thread-4 (]: On test.dbt_centro_psicologico.unique_fact_facturacion_facturacion_key.29e1427d66: Close
[0m10:40:01.461121 [info ] [Thread-4 (]: 23 of 24 PASS unique_fact_facturacion_facturacion_key .......................... [[32mPASS[0m in 0.05s]
[0m10:40:01.462412 [debug] [Thread-4 (]: Finished running node test.dbt_centro_psicologico.unique_fact_facturacion_facturacion_key.29e1427d66
[0m10:40:01.479035 [debug] [Thread-2 (]: SQL status: SELECT 1 in 0.034 seconds
[0m10:40:01.480241 [debug] [Thread-2 (]: On test.dbt_centro_psicologico.unique_fact_sesion_sesion_key.4b16b12b97: ROLLBACK
[0m10:40:01.481379 [debug] [Thread-2 (]: On test.dbt_centro_psicologico.unique_fact_sesion_sesion_key.4b16b12b97: Close
[0m10:40:01.482390 [info ] [Thread-2 (]: 24 of 24 PASS unique_fact_sesion_sesion_key .................................... [[32mPASS[0m in 0.07s]
[0m10:40:01.483424 [debug] [Thread-2 (]: Finished running node test.dbt_centro_psicologico.unique_fact_sesion_sesion_key.4b16b12b97
[0m10:40:01.484434 [debug] [MainThread]: On master: COMMIT
[0m10:40:01.485777 [debug] [MainThread]: Using postgres connection "master"
[0m10:40:01.485777 [debug] [MainThread]: On master: COMMIT
[0m10:40:01.485777 [debug] [MainThread]: Opening a new connection, currently in state closed
[0m10:40:01.500291 [debug] [MainThread]: SQL status: COMMIT in 0.014 seconds
[0m10:40:01.501289 [debug] [MainThread]: On master: Close
[0m10:40:01.502701 [debug] [MainThread]: Connection 'master' was properly closed.
[0m10:40:01.503709 [debug] [MainThread]: Connection 'list_dm_centro_psicologico_staging' was properly closed.
[0m10:40:01.504791 [debug] [MainThread]: Connection 'list_dm_centro_psicologico_marts' was properly closed.
[0m10:40:01.505930 [debug] [MainThread]: Connection 'test.dbt_centro_psicologico.unique_dim_servicio_servicio_key.40154c6bb2' was properly closed.
[0m10:40:01.505930 [debug] [MainThread]: Connection 'test.dbt_centro_psicologico.unique_fact_sesion_sesion_key.4b16b12b97' was properly closed.
[0m10:40:01.507504 [debug] [MainThread]: Connection 'test.dbt_centro_psicologico.unique_dim_tiempo_tiempo_key.d97a77626d' was properly closed.
[0m10:40:01.507504 [debug] [MainThread]: Connection 'test.dbt_centro_psicologico.unique_fact_facturacion_facturacion_key.29e1427d66' was properly closed.
[0m10:40:01.508558 [info ] [MainThread]: 
[0m10:40:01.508558 [info ] [MainThread]: Finished running 24 data tests in 0 hours 0 minutes and 0.73 seconds (0.73s).
[0m10:40:01.511559 [debug] [MainThread]: Command end result
[0m10:40:01.540938 [debug] [MainThread]: Wrote artifact WritableManifest to C:\Users\HP VICTUS\Documents\Inteligencia de Negocios\CentroPsicologico-BI\dbt_centro_psicologico\target\manifest.json
[0m10:40:01.543880 [debug] [MainThread]: Wrote artifact SemanticManifest to C:\Users\HP VICTUS\Documents\Inteligencia de Negocios\CentroPsicologico-BI\dbt_centro_psicologico\target\semantic_manifest.json
[0m10:40:01.549088 [debug] [MainThread]: Wrote artifact RunExecutionResult to C:\Users\HP VICTUS\Documents\Inteligencia de Negocios\CentroPsicologico-BI\dbt_centro_psicologico\target\run_results.json
[0m10:40:01.550256 [info ] [MainThread]: 
[0m10:40:01.550256 [info ] [MainThread]: [32mCompleted successfully[0m
[0m10:40:01.551264 [info ] [MainThread]: 
[0m10:40:01.551264 [info ] [MainThread]: Done. PASS=24 WARN=0 ERROR=0 SKIP=0 NO-OP=0 TOTAL=24
[0m10:40:01.552434 [debug] [MainThread]: Command `dbt test` succeeded at 10:40:01.552434 after 1.52 seconds
[0m10:40:01.553436 [debug] [MainThread]: Sending event: {'category': 'dbt', 'action': 'invocation', 'label': 'end', 'context': [<snowplow_tracker.self_describing_json.SelfDescribingJson object at 0x000001C01674E5D0>, <snowplow_tracker.self_describing_json.SelfDescribingJson object at 0x000001C01E393AD0>, <snowplow_tracker.self_describing_json.SelfDescribingJson object at 0x000001C01E393B10>]}
[0m10:40:01.553436 [debug] [MainThread]: Flushing usage events
[0m10:40:02.537343 [debug] [MainThread]: An error was encountered while trying to flush usage events
