[0m12:38:23.423390 [debug] [MainThread]: Sending event: {'category': 'dbt', 'action': 'invocation', 'label': 'start', 'context': [<snowplow_tracker.self_describing_json.SelfDescribingJson object at 0x7edbdc4fa7d0>, <snowplow_tracker.self_describing_json.SelfDescribingJson object at 0x7edbdc2cad50>, <snowplow_tracker.self_describing_json.SelfDescribingJson object at 0x7edbdc221290>]}


============================== 12:38:23.570638 | 993b7d33-a968-4030-a3d0-d9431051336b ==============================
[0m12:38:23.570638 [info ] [MainThread]: Running with dbt=1.12.0-b1
[0m12:38:23.602308 [debug] [MainThread]: running dbt with arguments {'warn_error': 'None', 'target_path': 'None', 'static_parser': 'True', 'partial_parse': 'True', 'invocation_command': 'dbt run --profiles-dir /dbt --project-dir /dbt', 'debug': 'False', 'quiet': 'False', 'send_anonymous_usage_stats': 'True', 'empty': 'False', 'indirect_selection': 'eager', 'version_check': 'True', 'use_experimental_parser': 'False', 'fail_fast': 'False', 'log_format': 'default', 'introspect': 'True', 'no_print': 'None', 'log_path': '/dbt/logs', 'profiles_dir': '/dbt', 'cache_selected_only': 'False', 'use_colors': 'True', 'log_cache_events': 'False', 'write_json': 'True', 'warn_error_options': 'WarnErrorOptionsV2(error=[], warn=[], silence=[])', 'printer_width': '80'}
[0m12:38:24.122485 [debug] [MainThread]: Sending event: {'category': 'dbt', 'action': 'project_id', 'label': '993b7d33-a968-4030-a3d0-d9431051336b', 'context': [<snowplow_tracker.self_describing_json.SelfDescribingJson object at 0x7edbdc85c950>]}
[0m12:38:24.205801 [debug] [MainThread]: Sending event: {'category': 'dbt', 'action': 'adapter_info', 'label': '993b7d33-a968-4030-a3d0-d9431051336b', 'context': [<snowplow_tracker.self_describing_json.SelfDescribingJson object at 0x7edbdf3d8550>]}
[0m12:38:24.208382 [info ] [MainThread]: Registered adapter: postgres=1.8.2
[0m12:38:24.334138 [debug] [MainThread]: checksum: 1a7660dd75a24e23ad8c25eccbd441ee29cfe6a52c305ba0de52fcc42234c020, vars: {}, profile: centro_psicologico, target: dev, version: 1.12.0b1
[0m12:38:24.339812 [info ] [MainThread]: Unable to do partial parsing because saved manifest not found. Starting full parse.
[0m12:38:24.341364 [debug] [MainThread]: Sending event: {'category': 'dbt', 'action': 'partial_parser', 'label': '993b7d33-a968-4030-a3d0-d9431051336b', 'context': [<snowplow_tracker.self_describing_json.SelfDescribingJson object at 0x7edbdb122990>]}
[0m12:38:26.141632 [debug] [MainThread]: Sending event: {'category': 'dbt', 'action': 'load_project', 'label': '993b7d33-a968-4030-a3d0-d9431051336b', 'context': [<snowplow_tracker.self_describing_json.SelfDescribingJson object at 0x7edbda1bcd90>]}
[0m12:38:26.278840 [debug] [MainThread]: Wrote artifact WritableManifest to /dbt/target/manifest.json
[0m12:38:26.300909 [debug] [MainThread]: Wrote artifact SemanticManifest to /dbt/target/semantic_manifest.json
[0m12:38:26.354461 [debug] [MainThread]: Sending event: {'category': 'dbt', 'action': 'resource_counts', 'label': '993b7d33-a968-4030-a3d0-d9431051336b', 'context': [<snowplow_tracker.self_describing_json.SelfDescribingJson object at 0x7edbd9970810>]}
[0m12:38:26.358317 [info ] [MainThread]: Found 18 models, 9 sources, 474 macros
[0m12:38:26.359909 [debug] [MainThread]: Sending event: {'category': 'dbt', 'action': 'runnable_timing', 'label': '993b7d33-a968-4030-a3d0-d9431051336b', 'context': [<snowplow_tracker.self_describing_json.SelfDescribingJson object at 0x7edbd851a710>]}
[0m12:38:26.363424 [info ] [MainThread]: 
[0m12:38:26.365032 [info ] [MainThread]: Concurrency: 1 threads (target='dev')
[0m12:38:26.366792 [info ] [MainThread]: 
[0m12:38:26.368581 [debug] [MainThread]: Acquiring new postgres connection 'master'
[0m12:38:26.375286 [debug] [ThreadPool]: Acquiring new postgres connection 'list_dm_centro_psicologico'
[0m12:38:26.561352 [debug] [ThreadPool]: Using postgres connection "list_dm_centro_psicologico"
[0m12:38:26.563058 [debug] [ThreadPool]: On list_dm_centro_psicologico: /* {"app": "dbt", "dbt_version": "1.12.0b1", "profile_name": "centro_psicologico", "target_name": "dev", "connection_name": "list_dm_centro_psicologico"} */

    select distinct nspname from pg_namespace
  
[0m12:38:26.564657 [debug] [ThreadPool]: Opening a new connection, currently in state init
[0m12:38:30.943881 [debug] [ThreadPool]: Postgres adapter: Got a retryable error when attempting to open a postgres connection.
1 attempts remaining. Retrying in 0 seconds.
Error:
could not translate host name "postgres" to address: Name or service not known

[0m12:38:34.808900 [debug] [ThreadPool]: Postgres adapter: Error running SQL: /* {"app": "dbt", "dbt_version": "1.12.0b1", "profile_name": "centro_psicologico", "target_name": "dev", "connection_name": "list_dm_centro_psicologico"} */

    select distinct nspname from pg_namespace
  
[0m12:38:34.810924 [debug] [ThreadPool]: Postgres adapter: Rolling back transaction.
[0m12:38:34.816027 [debug] [ThreadPool]: Postgres adapter: Error running SQL: macro list_schemas
[0m12:38:34.818514 [debug] [ThreadPool]: Postgres adapter: Rolling back transaction.
[0m12:38:34.820624 [debug] [ThreadPool]: On list_dm_centro_psicologico: No close available on handle
[0m12:38:34.826653 [debug] [ThreadPool]: Using postgres connection "list_dm_centro_psicologico"
[0m12:38:34.830206 [debug] [ThreadPool]: On list_dm_centro_psicologico: /* {"app": "dbt", "dbt_version": "1.12.0b1", "profile_name": "centro_psicologico", "target_name": "dev", "connection_name": "list_dm_centro_psicologico"} */

    select distinct nspname from pg_namespace
  
[0m12:38:34.832759 [debug] [ThreadPool]: Opening a new connection, currently in state closed
[0m12:38:38.748124 [debug] [ThreadPool]: Postgres adapter: Got a retryable error when attempting to open a postgres connection.
1 attempts remaining. Retrying in 0 seconds.
Error:
could not translate host name "postgres" to address: Name or service not known

[0m12:38:43.627538 [debug] [ThreadPool]: Postgres adapter: Error running SQL: /* {"app": "dbt", "dbt_version": "1.12.0b1", "profile_name": "centro_psicologico", "target_name": "dev", "connection_name": "list_dm_centro_psicologico"} */

    select distinct nspname from pg_namespace
  
[0m12:38:43.629500 [debug] [ThreadPool]: Postgres adapter: Rolling back transaction.
[0m12:38:43.631018 [debug] [ThreadPool]: Postgres adapter: Error running SQL: macro list_schemas
[0m12:38:43.632504 [debug] [ThreadPool]: Postgres adapter: Rolling back transaction.
[0m12:38:43.634312 [debug] [ThreadPool]: On list_dm_centro_psicologico: No close available on handle
[0m12:38:43.636937 [debug] [MainThread]: Connection 'master' was properly closed.
[0m12:38:43.638557 [debug] [MainThread]: Connection 'list_dm_centro_psicologico' was properly closed.
[0m12:38:43.640162 [info ] [MainThread]: 
[0m12:38:43.641847 [info ] [MainThread]: Finished running  in 0 hours 0 minutes and 17.27 seconds (17.27s).
[0m12:38:43.643759 [error] [MainThread]: [[31mERROR[0m]: Encountered an error:
Database Error
  could not translate host name "postgres" to address: Name or service not known
  
[0m12:38:43.648411 [debug] [MainThread]: Resource report: {"command_name": "run", "command_success": false, "command_wall_clock_time": 19.637575, "process_in_blocks": "0", "process_kernel_time": 6.01106, "process_mem_max_rss": "131944", "process_out_blocks": "3312", "process_user_time": 5.799194}
[0m12:38:43.650352 [debug] [MainThread]: Command `dbt run` failed at 12:38:43.650195 after 19.64 seconds
[0m12:38:43.652044 [debug] [MainThread]: Sending event: {'category': 'dbt', 'action': 'invocation', 'label': 'end', 'context': [<snowplow_tracker.self_describing_json.SelfDescribingJson object at 0x7edbdc2e3f50>, <snowplow_tracker.self_describing_json.SelfDescribingJson object at 0x7edbd9d221d0>, <snowplow_tracker.self_describing_json.SelfDescribingJson object at 0x7edbd99ba310>]}
[0m12:38:43.653950 [debug] [MainThread]: Flushing usage events
[0m12:38:44.385112 [debug] [MainThread]: An error was encountered while trying to flush usage events
[0m12:41:38.588206 [debug] [MainThread]: Sending event: {'category': 'dbt', 'action': 'invocation', 'label': 'start', 'context': [<snowplow_tracker.self_describing_json.SelfDescribingJson object at 0x71d76bba5f10>, <snowplow_tracker.self_describing_json.SelfDescribingJson object at 0x71d76bc0ff90>, <snowplow_tracker.self_describing_json.SelfDescribingJson object at 0x71d76bd67a50>]}


============================== 12:41:38.611249 | 506803d5-8a57-4708-aae2-5cc4a53efb22 ==============================
[0m12:41:38.611249 [info ] [MainThread]: Running with dbt=1.12.0-b1
[0m12:41:38.613144 [debug] [MainThread]: running dbt with arguments {'no_print': 'None', 'use_colors': 'True', 'quiet': 'False', 'printer_width': '80', 'invocation_command': 'dbt run --profiles-dir /dbt --project-dir /dbt', 'static_parser': 'True', 'indirect_selection': 'eager', 'log_path': '/dbt/logs', 'warn_error': 'None', 'log_format': 'default', 'write_json': 'True', 'cache_selected_only': 'False', 'send_anonymous_usage_stats': 'True', 'debug': 'False', 'empty': 'False', 'profiles_dir': '/dbt', 'warn_error_options': 'WarnErrorOptionsV2(error=[], warn=[], silence=[])', 'fail_fast': 'False', 'use_experimental_parser': 'False', 'log_cache_events': 'False', 'partial_parse': 'True', 'version_check': 'True', 'target_path': 'None', 'introspect': 'True'}
[0m12:41:38.797584 [debug] [MainThread]: Sending event: {'category': 'dbt', 'action': 'project_id', 'label': '506803d5-8a57-4708-aae2-5cc4a53efb22', 'context': [<snowplow_tracker.self_describing_json.SelfDescribingJson object at 0x71d76bb13290>]}
[0m12:41:38.859841 [debug] [MainThread]: Sending event: {'category': 'dbt', 'action': 'adapter_info', 'label': '506803d5-8a57-4708-aae2-5cc4a53efb22', 'context': [<snowplow_tracker.self_describing_json.SelfDescribingJson object at 0x71d76ec50310>]}
[0m12:41:38.863394 [info ] [MainThread]: Registered adapter: postgres=1.8.2
[0m12:41:38.958730 [debug] [MainThread]: checksum: 1a7660dd75a24e23ad8c25eccbd441ee29cfe6a52c305ba0de52fcc42234c020, vars: {}, profile: centro_psicologico, target: dev, version: 1.12.0b1
[0m12:41:39.303633 [debug] [MainThread]: Partial parsing enabled: 0 files deleted, 0 files added, 0 files changed.
[0m12:41:39.305397 [debug] [MainThread]: Nothing changed, skipping partial parsing.
[0m12:41:39.306950 [debug] [MainThread]: Partial parsing enabled, no changes found, skipping parsing
[0m12:41:39.349672 [debug] [MainThread]: Sending event: {'category': 'dbt', 'action': 'load_project', 'label': '506803d5-8a57-4708-aae2-5cc4a53efb22', 'context': [<snowplow_tracker.self_describing_json.SelfDescribingJson object at 0x71d76ad56ad0>]}
[0m12:41:39.521365 [debug] [MainThread]: Wrote artifact WritableManifest to /dbt/target/manifest.json
[0m12:41:39.535596 [debug] [MainThread]: Wrote artifact SemanticManifest to /dbt/target/semantic_manifest.json
[0m12:41:39.572207 [debug] [MainThread]: Sending event: {'category': 'dbt', 'action': 'resource_counts', 'label': '506803d5-8a57-4708-aae2-5cc4a53efb22', 'context': [<snowplow_tracker.self_describing_json.SelfDescribingJson object at 0x71d76a9dbf50>]}
[0m12:41:39.574188 [info ] [MainThread]: Found 18 models, 9 sources, 474 macros
[0m12:41:39.576133 [debug] [MainThread]: Sending event: {'category': 'dbt', 'action': 'runnable_timing', 'label': '506803d5-8a57-4708-aae2-5cc4a53efb22', 'context': [<snowplow_tracker.self_describing_json.SelfDescribingJson object at 0x71d76a995f90>]}
[0m12:41:39.579839 [info ] [MainThread]: 
[0m12:41:39.581770 [info ] [MainThread]: Concurrency: 1 threads (target='dev')
[0m12:41:39.583847 [info ] [MainThread]: 
[0m12:41:39.586401 [debug] [MainThread]: Acquiring new postgres connection 'master'
[0m12:41:39.593024 [debug] [ThreadPool]: Acquiring new postgres connection 'list_dm_centro_psicologico'
[0m12:41:39.650508 [debug] [ThreadPool]: Using postgres connection "list_dm_centro_psicologico"
[0m12:41:39.652352 [debug] [ThreadPool]: On list_dm_centro_psicologico: /* {"app": "dbt", "dbt_version": "1.12.0b1", "profile_name": "centro_psicologico", "target_name": "dev", "connection_name": "list_dm_centro_psicologico"} */

    select distinct nspname from pg_namespace
  
[0m12:41:39.653697 [debug] [ThreadPool]: Opening a new connection, currently in state init
[0m12:41:39.989709 [debug] [ThreadPool]: SQL status: SELECT 7 in 0.336 seconds
[0m12:41:39.993017 [debug] [ThreadPool]: On list_dm_centro_psicologico: Close
[0m12:41:39.996874 [debug] [ThreadPool]: Using postgres connection "list_dm_centro_psicologico"
[0m12:41:39.998550 [debug] [ThreadPool]: On list_dm_centro_psicologico: /* {"app": "dbt", "dbt_version": "1.12.0b1", "profile_name": "centro_psicologico", "target_name": "dev", "connection_name": "list_dm_centro_psicologico"} */

    select distinct nspname from pg_namespace
  
[0m12:41:40.000175 [debug] [ThreadPool]: Opening a new connection, currently in state closed
[0m12:41:40.012863 [debug] [ThreadPool]: SQL status: SELECT 7 in 0.013 seconds
[0m12:41:40.015455 [debug] [ThreadPool]: On list_dm_centro_psicologico: Close
[0m12:41:40.019368 [debug] [ThreadPool]: Re-using an available connection from the pool (formerly list_dm_centro_psicologico, now list_dm_centro_psicologico_datamart)
[0m12:41:40.026211 [debug] [ThreadPool]: Using postgres connection "list_dm_centro_psicologico_datamart"
[0m12:41:40.027908 [debug] [ThreadPool]: On list_dm_centro_psicologico_datamart: BEGIN
[0m12:41:40.029498 [debug] [ThreadPool]: Opening a new connection, currently in state closed
[0m12:41:40.042167 [debug] [ThreadPool]: SQL status: BEGIN in 0.013 seconds
[0m12:41:40.043928 [debug] [ThreadPool]: Using postgres connection "list_dm_centro_psicologico_datamart"
[0m12:41:40.045868 [debug] [ThreadPool]: On list_dm_centro_psicologico_datamart: /* {"app": "dbt", "dbt_version": "1.12.0b1", "profile_name": "centro_psicologico", "target_name": "dev", "connection_name": "list_dm_centro_psicologico_datamart"} */
select
      'dm_centro_psicologico' as database,
      tablename as name,
      schemaname as schema,
      'table' as type
    from pg_tables
    where schemaname ilike 'datamart'
    union all
    select
      'dm_centro_psicologico' as database,
      viewname as name,
      schemaname as schema,
      'view' as type
    from pg_views
    where schemaname ilike 'datamart'
    union all
    select
      'dm_centro_psicologico' as database,
      matviewname as name,
      schemaname as schema,
      'materialized_view' as type
    from pg_matviews
    where schemaname ilike 'datamart'
  
[0m12:41:40.085879 [debug] [ThreadPool]: SQL status: SELECT 9 in 0.038 seconds
[0m12:41:40.088504 [debug] [ThreadPool]: On list_dm_centro_psicologico_datamart: ROLLBACK
[0m12:41:40.090604 [debug] [ThreadPool]: On list_dm_centro_psicologico_datamart: Close
[0m12:41:40.092686 [debug] [ThreadPool]: Re-using an available connection from the pool (formerly list_dm_centro_psicologico_datamart, now list_dm_centro_psicologico_staging)
[0m12:41:40.096798 [debug] [ThreadPool]: Using postgres connection "list_dm_centro_psicologico_staging"
[0m12:41:40.098457 [debug] [ThreadPool]: On list_dm_centro_psicologico_staging: BEGIN
[0m12:41:40.099929 [debug] [ThreadPool]: Opening a new connection, currently in state closed
[0m12:41:40.111754 [debug] [ThreadPool]: SQL status: BEGIN in 0.012 seconds
[0m12:41:40.113512 [debug] [ThreadPool]: Using postgres connection "list_dm_centro_psicologico_staging"
[0m12:41:40.115101 [debug] [ThreadPool]: On list_dm_centro_psicologico_staging: /* {"app": "dbt", "dbt_version": "1.12.0b1", "profile_name": "centro_psicologico", "target_name": "dev", "connection_name": "list_dm_centro_psicologico_staging"} */
select
      'dm_centro_psicologico' as database,
      tablename as name,
      schemaname as schema,
      'table' as type
    from pg_tables
    where schemaname ilike 'staging'
    union all
    select
      'dm_centro_psicologico' as database,
      viewname as name,
      schemaname as schema,
      'view' as type
    from pg_views
    where schemaname ilike 'staging'
    union all
    select
      'dm_centro_psicologico' as database,
      matviewname as name,
      schemaname as schema,
      'materialized_view' as type
    from pg_matviews
    where schemaname ilike 'staging'
  
[0m12:41:40.119039 [debug] [ThreadPool]: SQL status: SELECT 9 in 0.003 seconds
[0m12:41:40.122875 [debug] [ThreadPool]: On list_dm_centro_psicologico_staging: ROLLBACK
[0m12:41:40.124769 [debug] [ThreadPool]: On list_dm_centro_psicologico_staging: Close
[0m12:41:40.134044 [debug] [MainThread]: Using postgres connection "master"
[0m12:41:40.135842 [debug] [MainThread]: On master: BEGIN
[0m12:41:40.137834 [debug] [MainThread]: Opening a new connection, currently in state init
[0m12:41:40.149530 [debug] [MainThread]: SQL status: BEGIN in 0.012 seconds
[0m12:41:40.151318 [debug] [MainThread]: Using postgres connection "master"
[0m12:41:40.153212 [debug] [MainThread]: On master: /* {"app": "dbt", "dbt_version": "1.12.0b1", "profile_name": "centro_psicologico", "target_name": "dev", "connection_name": "master"} */
with relation as (
        select
            pg_rewrite.ev_class as class,
            pg_rewrite.oid as id
        from pg_rewrite
    ),
    class as (
        select
            oid as id,
            relname as name,
            relnamespace as schema,
            relkind as kind
        from pg_class
    ),
    dependency as (
        select distinct
            pg_depend.objid as id,
            pg_depend.refobjid as ref
        from pg_depend
    ),
    schema as (
        select
            pg_namespace.oid as id,
            pg_namespace.nspname as name
        from pg_namespace
        where nspname != 'information_schema' and nspname not like 'pg\_%'
    ),
    referenced as (
        select
            relation.id AS id,
            referenced_class.name ,
            referenced_class.schema ,
            referenced_class.kind
        from relation
        join class as referenced_class on relation.class=referenced_class.id
        where referenced_class.kind in ('r', 'v', 'm')
    ),
    relationships as (
        select
            referenced.name as referenced_name,
            referenced.schema as referenced_schema_id,
            dependent_class.name as dependent_name,
            dependent_class.schema as dependent_schema_id,
            referenced.kind as kind
        from referenced
        join dependency on referenced.id=dependency.id
        join class as dependent_class on dependency.ref=dependent_class.id
        where
            (referenced.name != dependent_class.name or
             referenced.schema != dependent_class.schema)
    )

    select
        referenced_schema.name as referenced_schema,
        relationships.referenced_name as referenced_name,
        dependent_schema.name as dependent_schema,
        relationships.dependent_name as dependent_name
    from relationships
    join schema as dependent_schema on relationships.dependent_schema_id=dependent_schema.id
    join schema as referenced_schema on relationships.referenced_schema_id=referenced_schema.id
    group by referenced_schema, referenced_name, dependent_schema, dependent_name
    order by referenced_schema, referenced_name, dependent_schema, dependent_name;
[0m12:41:40.189730 [debug] [MainThread]: SQL status: SELECT 9 in 0.035 seconds
[0m12:41:40.192381 [debug] [MainThread]: Sending event: {'category': 'dbt', 'action': 'runnable_timing', 'label': '506803d5-8a57-4708-aae2-5cc4a53efb22', 'context': [<snowplow_tracker.self_describing_json.SelfDescribingJson object at 0x71d76a9b95d0>]}
[0m12:41:40.194078 [debug] [MainThread]: On master: ROLLBACK
[0m12:41:40.196019 [debug] [MainThread]: Using postgres connection "master"
[0m12:41:40.197762 [debug] [MainThread]: On master: BEGIN
[0m12:41:40.199704 [debug] [MainThread]: SQL status: BEGIN in 0.001 seconds
[0m12:41:40.201185 [debug] [MainThread]: On master: COMMIT
[0m12:41:40.202557 [debug] [MainThread]: Using postgres connection "master"
[0m12:41:40.203972 [debug] [MainThread]: On master: COMMIT
[0m12:41:40.205808 [debug] [MainThread]: SQL status: COMMIT in 0.000 seconds
[0m12:41:40.207457 [debug] [MainThread]: On master: Close
[0m12:41:40.220228 [debug] [Thread-1 (]: Began running node model.centro_psicologico.stg_diagnosticos
[0m12:41:40.222232 [info ] [Thread-1 (]: 1 of 18 START sql view model staging.stg_diagnosticos .......................... [RUN]
[0m12:41:40.224289 [debug] [Thread-1 (]: Re-using an available connection from the pool (formerly list_dm_centro_psicologico_staging, now model.centro_psicologico.stg_diagnosticos)
[0m12:41:40.225859 [debug] [Thread-1 (]: Began compiling node model.centro_psicologico.stg_diagnosticos
[0m12:41:40.234070 [debug] [Thread-1 (]: Writing injected SQL for node "model.centro_psicologico.stg_diagnosticos"
[0m12:41:40.305598 [debug] [Thread-1 (]: Began executing node model.centro_psicologico.stg_diagnosticos
[0m12:41:40.336383 [debug] [Thread-1 (]: Writing runtime sql for node "model.centro_psicologico.stg_diagnosticos"
[0m12:41:40.364625 [debug] [Thread-1 (]: Using postgres connection "model.centro_psicologico.stg_diagnosticos"
[0m12:41:40.366000 [debug] [Thread-1 (]: On model.centro_psicologico.stg_diagnosticos: BEGIN
[0m12:41:40.367222 [debug] [Thread-1 (]: Opening a new connection, currently in state closed
[0m12:41:40.378636 [debug] [Thread-1 (]: SQL status: BEGIN in 0.011 seconds
[0m12:41:40.380476 [debug] [Thread-1 (]: Using postgres connection "model.centro_psicologico.stg_diagnosticos"
[0m12:41:40.382092 [debug] [Thread-1 (]: On model.centro_psicologico.stg_diagnosticos: /* {"app": "dbt", "dbt_version": "1.12.0b1", "profile_name": "centro_psicologico", "target_name": "dev", "node_id": "model.centro_psicologico.stg_diagnosticos"} */

  create view "dm_centro_psicologico"."staging"."stg_diagnosticos__dbt_tmp"
    
    
  as (
    select
    diagnostico_id,
    sesion_id,
    codigo_cie10,
    descripcion_cie10,
    diagnostico_clinico
from "dm_centro_psicologico"."raw"."diagnosticos"
where codigo_cie10 is not null
  );
[0m12:41:40.411376 [debug] [Thread-1 (]: SQL status: CREATE VIEW in 0.028 seconds
[0m12:41:40.418258 [debug] [Thread-1 (]: Using postgres connection "model.centro_psicologico.stg_diagnosticos"
[0m12:41:40.420099 [debug] [Thread-1 (]: On model.centro_psicologico.stg_diagnosticos: /* {"app": "dbt", "dbt_version": "1.12.0b1", "profile_name": "centro_psicologico", "target_name": "dev", "node_id": "model.centro_psicologico.stg_diagnosticos"} */
alter table "dm_centro_psicologico"."staging"."stg_diagnosticos" rename to "stg_diagnosticos__dbt_backup"
[0m12:41:40.425176 [debug] [Thread-1 (]: SQL status: ALTER TABLE in 0.003 seconds
[0m12:41:40.429293 [debug] [Thread-1 (]: Using postgres connection "model.centro_psicologico.stg_diagnosticos"
[0m12:41:40.430974 [debug] [Thread-1 (]: On model.centro_psicologico.stg_diagnosticos: /* {"app": "dbt", "dbt_version": "1.12.0b1", "profile_name": "centro_psicologico", "target_name": "dev", "node_id": "model.centro_psicologico.stg_diagnosticos"} */
alter table "dm_centro_psicologico"."staging"."stg_diagnosticos__dbt_tmp" rename to "stg_diagnosticos"
[0m12:41:40.433327 [debug] [Thread-1 (]: SQL status: ALTER TABLE in 0.001 seconds
[0m12:41:40.450009 [debug] [Thread-1 (]: On model.centro_psicologico.stg_diagnosticos: COMMIT
[0m12:41:40.451890 [debug] [Thread-1 (]: Using postgres connection "model.centro_psicologico.stg_diagnosticos"
[0m12:41:40.453511 [debug] [Thread-1 (]: On model.centro_psicologico.stg_diagnosticos: COMMIT
[0m12:41:40.470108 [debug] [Thread-1 (]: SQL status: COMMIT in 0.015 seconds
[0m12:41:40.476988 [debug] [Thread-1 (]: Applying DROP to: "dm_centro_psicologico"."staging"."stg_diagnosticos__dbt_backup"
[0m12:41:40.483121 [debug] [Thread-1 (]: Using postgres connection "model.centro_psicologico.stg_diagnosticos"
[0m12:41:40.484956 [debug] [Thread-1 (]: On model.centro_psicologico.stg_diagnosticos: /* {"app": "dbt", "dbt_version": "1.12.0b1", "profile_name": "centro_psicologico", "target_name": "dev", "node_id": "model.centro_psicologico.stg_diagnosticos"} */
drop view if exists "dm_centro_psicologico"."staging"."stg_diagnosticos__dbt_backup" cascade
[0m12:41:40.498657 [debug] [Thread-1 (]: SQL status: DROP VIEW in 0.012 seconds
[0m12:41:40.502546 [debug] [Thread-1 (]: On model.centro_psicologico.stg_diagnosticos: Close
[0m12:41:40.505601 [debug] [Thread-1 (]: Sending event: {'category': 'dbt', 'action': 'run_model', 'label': '506803d5-8a57-4708-aae2-5cc4a53efb22', 'context': [<snowplow_tracker.self_describing_json.SelfDescribingJson object at 0x71d768515250>]}
[0m12:41:40.507720 [info ] [Thread-1 (]: 1 of 18 OK created sql view model staging.stg_diagnosticos ..................... [[32mCREATE VIEW[0m in 0.28s]
[0m12:41:40.509649 [debug] [Thread-1 (]: Finished running node model.centro_psicologico.stg_diagnosticos
[0m12:41:40.511350 [debug] [Thread-1 (]: Began running node model.centro_psicologico.stg_evaluaciones
[0m12:41:40.513222 [info ] [Thread-1 (]: 2 of 18 START sql view model staging.stg_evaluaciones .......................... [RUN]
[0m12:41:40.515061 [debug] [Thread-1 (]: Re-using an available connection from the pool (formerly model.centro_psicologico.stg_diagnosticos, now model.centro_psicologico.stg_evaluaciones)
[0m12:41:40.516735 [debug] [Thread-1 (]: Began compiling node model.centro_psicologico.stg_evaluaciones
[0m12:41:40.520764 [debug] [Thread-1 (]: Writing injected SQL for node "model.centro_psicologico.stg_evaluaciones"
[0m12:41:40.536341 [debug] [Thread-1 (]: Began executing node model.centro_psicologico.stg_evaluaciones
[0m12:41:40.542634 [debug] [Thread-1 (]: Writing runtime sql for node "model.centro_psicologico.stg_evaluaciones"
[0m12:41:40.558831 [debug] [Thread-1 (]: Using postgres connection "model.centro_psicologico.stg_evaluaciones"
[0m12:41:40.560349 [debug] [Thread-1 (]: On model.centro_psicologico.stg_evaluaciones: BEGIN
[0m12:41:40.561854 [debug] [Thread-1 (]: Opening a new connection, currently in state closed
[0m12:41:40.574381 [debug] [Thread-1 (]: SQL status: BEGIN in 0.012 seconds
[0m12:41:40.580726 [debug] [Thread-1 (]: Using postgres connection "model.centro_psicologico.stg_evaluaciones"
[0m12:41:40.582292 [debug] [Thread-1 (]: On model.centro_psicologico.stg_evaluaciones: /* {"app": "dbt", "dbt_version": "1.12.0b1", "profile_name": "centro_psicologico", "target_name": "dev", "node_id": "model.centro_psicologico.stg_evaluaciones"} */

  create view "dm_centro_psicologico"."staging"."stg_evaluaciones__dbt_tmp"
    
    
  as (
    select
    evaluacion_id,
    sesion_id,
    metodos_aplicados,
    resultados,
    coalesce(puntaje_cdi,  0)       as puntaje_cdi,
    coalesce(puntaje_stai, 0)       as puntaje_stai,
    observaciones,
    fecha_evaluacion::date          as fecha_evaluacion
from "dm_centro_psicologico"."raw"."evaluacion_psicologica"
  );
[0m12:41:40.586417 [debug] [Thread-1 (]: Postgres adapter: Postgres error: cannot cast type integer to date
LINE 15:     fecha_evaluacion::date          as fecha_evaluacion
                             ^

[0m12:41:40.588358 [debug] [Thread-1 (]: On model.centro_psicologico.stg_evaluaciones: ROLLBACK
[0m12:41:40.590596 [debug] [Thread-1 (]: On model.centro_psicologico.stg_evaluaciones: Close
[0m12:41:40.613921 [debug] [Thread-1 (]: Database Error in model stg_evaluaciones (models/staging/stg_evaluaciones.sql)
  cannot cast type integer to date
  LINE 15:     fecha_evaluacion::date          as fecha_evaluacion
                               ^
  compiled code at target/run/centro_psicologico/models/staging/stg_evaluaciones.sql
[0m12:41:40.615863 [debug] [Thread-1 (]: Sending event: {'category': 'dbt', 'action': 'run_model', 'label': '506803d5-8a57-4708-aae2-5cc4a53efb22', 'context': [<snowplow_tracker.self_describing_json.SelfDescribingJson object at 0x71d768555750>]}
[0m12:41:40.617925 [error] [Thread-1 (]: 2 of 18 ERROR creating sql view model staging.stg_evaluaciones ................. [[31mERROR[0m in 0.10s]
[0m12:41:40.619739 [debug] [Thread-1 (]: Finished running node model.centro_psicologico.stg_evaluaciones
[0m12:41:40.621373 [debug] [Thread-1 (]: Began running node model.centro_psicologico.stg_historia_clinica
[0m12:41:40.621888 [debug] [Thread-4 (]: Marking all children of 'model.centro_psicologico.stg_evaluaciones' to be skipped because of status 'error'.  Reason: Database Error in model stg_evaluaciones (models/staging/stg_evaluaciones.sql)
  cannot cast type integer to date
  LINE 15:     fecha_evaluacion::date          as fecha_evaluacion
                               ^
  compiled code at target/run/centro_psicologico/models/staging/stg_evaluaciones.sql.
[0m12:41:40.623234 [info ] [Thread-1 (]: 3 of 18 START sql view model staging.stg_historia_clinica ...................... [RUN]
[0m12:41:40.626677 [debug] [Thread-1 (]: Re-using an available connection from the pool (formerly model.centro_psicologico.stg_evaluaciones, now model.centro_psicologico.stg_historia_clinica)
[0m12:41:40.628214 [debug] [Thread-1 (]: Began compiling node model.centro_psicologico.stg_historia_clinica
[0m12:41:40.634442 [debug] [Thread-1 (]: Writing injected SQL for node "model.centro_psicologico.stg_historia_clinica"
[0m12:41:40.650738 [debug] [Thread-1 (]: Began executing node model.centro_psicologico.stg_historia_clinica
[0m12:41:40.655158 [debug] [Thread-1 (]: Writing runtime sql for node "model.centro_psicologico.stg_historia_clinica"
[0m12:41:40.670949 [debug] [Thread-1 (]: Using postgres connection "model.centro_psicologico.stg_historia_clinica"
[0m12:41:40.672775 [debug] [Thread-1 (]: On model.centro_psicologico.stg_historia_clinica: BEGIN
[0m12:41:40.674516 [debug] [Thread-1 (]: Opening a new connection, currently in state closed
[0m12:41:40.688785 [debug] [Thread-1 (]: SQL status: BEGIN in 0.014 seconds
[0m12:41:40.690358 [debug] [Thread-1 (]: Using postgres connection "model.centro_psicologico.stg_historia_clinica"
[0m12:41:40.691926 [debug] [Thread-1 (]: On model.centro_psicologico.stg_historia_clinica: /* {"app": "dbt", "dbt_version": "1.12.0b1", "profile_name": "centro_psicologico", "target_name": "dev", "node_id": "model.centro_psicologico.stg_historia_clinica"} */

  create view "dm_centro_psicologico"."staging"."stg_historia_clinica__dbt_tmp"
    
    
  as (
    select
    historia_id,
    paciente_id,
    codigo_historia,
    tipo_historial,
    fecha_apertura::date      as fecha_apertura,
    estado_historia
from "dm_centro_psicologico"."raw"."historia_clinica"
  );
[0m12:41:40.694910 [debug] [Thread-1 (]: Postgres adapter: Postgres error: cannot cast type integer to date
LINE 12:     fecha_apertura::date      as fecha_apertura,
                           ^

[0m12:41:40.696580 [debug] [Thread-1 (]: On model.centro_psicologico.stg_historia_clinica: ROLLBACK
[0m12:41:40.698544 [debug] [Thread-1 (]: On model.centro_psicologico.stg_historia_clinica: Close
[0m12:41:40.703362 [debug] [Thread-1 (]: Database Error in model stg_historia_clinica (models/staging/stg_historia_clinica.sql)
  cannot cast type integer to date
  LINE 12:     fecha_apertura::date      as fecha_apertura,
                             ^
  compiled code at target/run/centro_psicologico/models/staging/stg_historia_clinica.sql
[0m12:41:40.705352 [debug] [Thread-1 (]: Sending event: {'category': 'dbt', 'action': 'run_model', 'label': '506803d5-8a57-4708-aae2-5cc4a53efb22', 'context': [<snowplow_tracker.self_describing_json.SelfDescribingJson object at 0x71d76b165010>]}
[0m12:41:40.707750 [error] [Thread-1 (]: 3 of 18 ERROR creating sql view model staging.stg_historia_clinica ............. [[31mERROR[0m in 0.08s]
[0m12:41:40.709856 [debug] [Thread-1 (]: Finished running node model.centro_psicologico.stg_historia_clinica
[0m12:41:40.711753 [debug] [Thread-1 (]: Began running node model.centro_psicologico.stg_pacientes
[0m12:41:40.712457 [debug] [Thread-4 (]: Marking all children of 'model.centro_psicologico.stg_historia_clinica' to be skipped because of status 'error'.  Reason: Database Error in model stg_historia_clinica (models/staging/stg_historia_clinica.sql)
  cannot cast type integer to date
  LINE 12:     fecha_apertura::date      as fecha_apertura,
                             ^
  compiled code at target/run/centro_psicologico/models/staging/stg_historia_clinica.sql.
[0m12:41:40.713598 [info ] [Thread-1 (]: 4 of 18 START sql view model staging.stg_pacientes ............................. [RUN]
[0m12:41:40.716963 [debug] [Thread-1 (]: Re-using an available connection from the pool (formerly model.centro_psicologico.stg_historia_clinica, now model.centro_psicologico.stg_pacientes)
[0m12:41:40.718731 [debug] [Thread-1 (]: Began compiling node model.centro_psicologico.stg_pacientes
[0m12:41:40.722647 [debug] [Thread-1 (]: Writing injected SQL for node "model.centro_psicologico.stg_pacientes"
[0m12:41:40.737646 [debug] [Thread-1 (]: Began executing node model.centro_psicologico.stg_pacientes
[0m12:41:40.742769 [debug] [Thread-1 (]: Writing runtime sql for node "model.centro_psicologico.stg_pacientes"
[0m12:41:40.758410 [debug] [Thread-1 (]: Using postgres connection "model.centro_psicologico.stg_pacientes"
[0m12:41:40.759925 [debug] [Thread-1 (]: On model.centro_psicologico.stg_pacientes: BEGIN
[0m12:41:40.761398 [debug] [Thread-1 (]: Opening a new connection, currently in state closed
[0m12:41:40.773103 [debug] [Thread-1 (]: SQL status: BEGIN in 0.012 seconds
[0m12:41:40.774722 [debug] [Thread-1 (]: Using postgres connection "model.centro_psicologico.stg_pacientes"
[0m12:41:40.776217 [debug] [Thread-1 (]: On model.centro_psicologico.stg_pacientes: /* {"app": "dbt", "dbt_version": "1.12.0b1", "profile_name": "centro_psicologico", "target_name": "dev", "node_id": "model.centro_psicologico.stg_pacientes"} */

  create view "dm_centro_psicologico"."staging"."stg_pacientes__dbt_tmp"
    
    
  as (
    select
    paciente_id,
    nombres,
    apellido_paterno,
    apellido_materno,
    tipo_documento,
    numero_documento,
    fecha_nacimiento::date    as fecha_nacimiento,
    sexo,
    estado_civil,
    grado_instruccion,
    ocupacion,
    celular,
    email,
    direccion,
    fecha_registro::date      as fecha_registro,
    canal_captacion,
    estado_paciente,
    modalidad_preferida,
    sede_id
from "dm_centro_psicologico"."raw"."pacientes"
  );
[0m12:41:40.778487 [debug] [Thread-1 (]: Postgres adapter: Postgres error: cannot cast type integer to date
LINE 14:     fecha_nacimiento::date    as fecha_nacimiento,
                             ^

[0m12:41:40.780320 [debug] [Thread-1 (]: On model.centro_psicologico.stg_pacientes: ROLLBACK
[0m12:41:40.782464 [debug] [Thread-1 (]: On model.centro_psicologico.stg_pacientes: Close
[0m12:41:40.785969 [debug] [Thread-1 (]: Database Error in model stg_pacientes (models/staging/stg_pacientes.sql)
  cannot cast type integer to date
  LINE 14:     fecha_nacimiento::date    as fecha_nacimiento,
                               ^
  compiled code at target/run/centro_psicologico/models/staging/stg_pacientes.sql
[0m12:41:40.788186 [debug] [Thread-1 (]: Sending event: {'category': 'dbt', 'action': 'run_model', 'label': '506803d5-8a57-4708-aae2-5cc4a53efb22', 'context': [<snowplow_tracker.self_describing_json.SelfDescribingJson object at 0x71d76855e890>]}
[0m12:41:40.790429 [error] [Thread-1 (]: 4 of 18 ERROR creating sql view model staging.stg_pacientes .................... [[31mERROR[0m in 0.07s]
[0m12:41:40.792507 [debug] [Thread-1 (]: Finished running node model.centro_psicologico.stg_pacientes
[0m12:41:40.793961 [debug] [Thread-1 (]: Began running node model.centro_psicologico.stg_pagos
[0m12:41:40.794474 [debug] [Thread-4 (]: Marking all children of 'model.centro_psicologico.stg_pacientes' to be skipped because of status 'error'.  Reason: Database Error in model stg_pacientes (models/staging/stg_pacientes.sql)
  cannot cast type integer to date
  LINE 14:     fecha_nacimiento::date    as fecha_nacimiento,
                               ^
  compiled code at target/run/centro_psicologico/models/staging/stg_pacientes.sql.
[0m12:41:40.795753 [info ] [Thread-1 (]: 5 of 18 START sql view model staging.stg_pagos ................................. [RUN]
[0m12:41:40.799252 [debug] [Thread-1 (]: Re-using an available connection from the pool (formerly model.centro_psicologico.stg_pacientes, now model.centro_psicologico.stg_pagos)
[0m12:41:40.800581 [debug] [Thread-1 (]: Began compiling node model.centro_psicologico.stg_pagos
[0m12:41:40.804898 [debug] [Thread-1 (]: Writing injected SQL for node "model.centro_psicologico.stg_pagos"
[0m12:41:40.818451 [debug] [Thread-1 (]: Began executing node model.centro_psicologico.stg_pagos
[0m12:41:40.823205 [debug] [Thread-1 (]: Writing runtime sql for node "model.centro_psicologico.stg_pagos"
[0m12:41:40.844425 [debug] [Thread-1 (]: Using postgres connection "model.centro_psicologico.stg_pagos"
[0m12:41:40.846595 [debug] [Thread-1 (]: On model.centro_psicologico.stg_pagos: BEGIN
[0m12:41:40.848287 [debug] [Thread-1 (]: Opening a new connection, currently in state closed
[0m12:41:40.861987 [debug] [Thread-1 (]: SQL status: BEGIN in 0.014 seconds
[0m12:41:40.863776 [debug] [Thread-1 (]: Using postgres connection "model.centro_psicologico.stg_pagos"
[0m12:41:40.865593 [debug] [Thread-1 (]: On model.centro_psicologico.stg_pagos: /* {"app": "dbt", "dbt_version": "1.12.0b1", "profile_name": "centro_psicologico", "target_name": "dev", "node_id": "model.centro_psicologico.stg_pagos"} */

  create view "dm_centro_psicologico"."staging"."stg_pagos__dbt_tmp"
    
    
  as (
    select
    pago_id,
    sesion_id,
    fecha_pago::date                as fecha_pago,
    coalesce(monto, 0.00)           as monto,
    comprobante,
    metodo_pago,
    estado_pago
from "dm_centro_psicologico"."raw"."pagos"
  );
[0m12:41:40.868168 [debug] [Thread-1 (]: Postgres adapter: Postgres error: cannot cast type integer to date
LINE 10:     fecha_pago::date                as fecha_pago,
                       ^

[0m12:41:40.869809 [debug] [Thread-1 (]: On model.centro_psicologico.stg_pagos: ROLLBACK
[0m12:41:40.871787 [debug] [Thread-1 (]: On model.centro_psicologico.stg_pagos: Close
[0m12:41:40.875382 [debug] [Thread-1 (]: Database Error in model stg_pagos (models/staging/stg_pagos.sql)
  cannot cast type integer to date
  LINE 10:     fecha_pago::date                as fecha_pago,
                         ^
  compiled code at target/run/centro_psicologico/models/staging/stg_pagos.sql
[0m12:41:40.877193 [debug] [Thread-1 (]: Sending event: {'category': 'dbt', 'action': 'run_model', 'label': '506803d5-8a57-4708-aae2-5cc4a53efb22', 'context': [<snowplow_tracker.self_describing_json.SelfDescribingJson object at 0x71d769141410>]}
[0m12:41:40.879442 [error] [Thread-1 (]: 5 of 18 ERROR creating sql view model staging.stg_pagos ........................ [[31mERROR[0m in 0.08s]
[0m12:41:40.882074 [debug] [Thread-1 (]: Finished running node model.centro_psicologico.stg_pagos
[0m12:41:40.883830 [debug] [Thread-1 (]: Began running node model.centro_psicologico.stg_planes
[0m12:41:40.884388 [debug] [Thread-4 (]: Marking all children of 'model.centro_psicologico.stg_pagos' to be skipped because of status 'error'.  Reason: Database Error in model stg_pagos (models/staging/stg_pagos.sql)
  cannot cast type integer to date
  LINE 10:     fecha_pago::date                as fecha_pago,
                         ^
  compiled code at target/run/centro_psicologico/models/staging/stg_pagos.sql.
[0m12:41:40.885778 [info ] [Thread-1 (]: 6 of 18 START sql view model staging.stg_planes ................................ [RUN]
[0m12:41:40.889728 [debug] [Thread-1 (]: Re-using an available connection from the pool (formerly model.centro_psicologico.stg_pagos, now model.centro_psicologico.stg_planes)
[0m12:41:40.891445 [debug] [Thread-1 (]: Began compiling node model.centro_psicologico.stg_planes
[0m12:41:40.895390 [debug] [Thread-1 (]: Writing injected SQL for node "model.centro_psicologico.stg_planes"
[0m12:41:40.910513 [debug] [Thread-1 (]: Began executing node model.centro_psicologico.stg_planes
[0m12:41:40.914820 [debug] [Thread-1 (]: Writing runtime sql for node "model.centro_psicologico.stg_planes"
[0m12:41:40.930767 [debug] [Thread-1 (]: Using postgres connection "model.centro_psicologico.stg_planes"
[0m12:41:40.932399 [debug] [Thread-1 (]: On model.centro_psicologico.stg_planes: BEGIN
[0m12:41:40.933975 [debug] [Thread-1 (]: Opening a new connection, currently in state closed
[0m12:41:40.945741 [debug] [Thread-1 (]: SQL status: BEGIN in 0.012 seconds
[0m12:41:40.947497 [debug] [Thread-1 (]: Using postgres connection "model.centro_psicologico.stg_planes"
[0m12:41:40.948988 [debug] [Thread-1 (]: On model.centro_psicologico.stg_planes: /* {"app": "dbt", "dbt_version": "1.12.0b1", "profile_name": "centro_psicologico", "target_name": "dev", "node_id": "model.centro_psicologico.stg_planes"} */

  create view "dm_centro_psicologico"."staging"."stg_planes__dbt_tmp"
    
    
  as (
    select
    plan_id,
    sesion_id,
    objetivos,
    intervenciones,
    recomendaciones,
    fecha_inicio::date              as fecha_inicio,
    fecha_fin::date                 as fecha_fin,
    estado_plan
from "dm_centro_psicologico"."raw"."plan_intervencion"
  );
[0m12:41:40.951348 [debug] [Thread-1 (]: Postgres adapter: Postgres error: cannot cast type integer to date
LINE 13:     fecha_inicio::date              as fecha_inicio,
                         ^

[0m12:41:40.952974 [debug] [Thread-1 (]: On model.centro_psicologico.stg_planes: ROLLBACK
[0m12:41:40.955234 [debug] [Thread-1 (]: On model.centro_psicologico.stg_planes: Close
[0m12:41:40.958951 [debug] [Thread-1 (]: Database Error in model stg_planes (models/staging/stg_planes.sql)
  cannot cast type integer to date
  LINE 13:     fecha_inicio::date              as fecha_inicio,
                           ^
  compiled code at target/run/centro_psicologico/models/staging/stg_planes.sql
[0m12:41:40.960866 [debug] [Thread-1 (]: Sending event: {'category': 'dbt', 'action': 'run_model', 'label': '506803d5-8a57-4708-aae2-5cc4a53efb22', 'context': [<snowplow_tracker.self_describing_json.SelfDescribingJson object at 0x71d76850a8d0>]}
[0m12:41:40.962602 [error] [Thread-1 (]: 6 of 18 ERROR creating sql view model staging.stg_planes ....................... [[31mERROR[0m in 0.07s]
[0m12:41:40.964893 [debug] [Thread-1 (]: Finished running node model.centro_psicologico.stg_planes
[0m12:41:40.966581 [debug] [Thread-1 (]: Began running node model.centro_psicologico.stg_psicologos
[0m12:41:40.967181 [debug] [Thread-4 (]: Marking all children of 'model.centro_psicologico.stg_planes' to be skipped because of status 'error'.  Reason: Database Error in model stg_planes (models/staging/stg_planes.sql)
  cannot cast type integer to date
  LINE 13:     fecha_inicio::date              as fecha_inicio,
                           ^
  compiled code at target/run/centro_psicologico/models/staging/stg_planes.sql.
[0m12:41:40.968458 [info ] [Thread-1 (]: 7 of 18 START sql view model staging.stg_psicologos ............................ [RUN]
[0m12:41:40.971394 [debug] [Thread-1 (]: Re-using an available connection from the pool (formerly model.centro_psicologico.stg_planes, now model.centro_psicologico.stg_psicologos)
[0m12:41:40.973137 [debug] [Thread-1 (]: Began compiling node model.centro_psicologico.stg_psicologos
[0m12:41:40.978314 [debug] [Thread-1 (]: Writing injected SQL for node "model.centro_psicologico.stg_psicologos"
[0m12:41:40.993823 [debug] [Thread-1 (]: Began executing node model.centro_psicologico.stg_psicologos
[0m12:41:40.998745 [debug] [Thread-1 (]: Writing runtime sql for node "model.centro_psicologico.stg_psicologos"
[0m12:41:41.015172 [debug] [Thread-1 (]: Using postgres connection "model.centro_psicologico.stg_psicologos"
[0m12:41:41.016804 [debug] [Thread-1 (]: On model.centro_psicologico.stg_psicologos: BEGIN
[0m12:41:41.018311 [debug] [Thread-1 (]: Opening a new connection, currently in state closed
[0m12:41:41.030147 [debug] [Thread-1 (]: SQL status: BEGIN in 0.012 seconds
[0m12:41:41.031918 [debug] [Thread-1 (]: Using postgres connection "model.centro_psicologico.stg_psicologos"
[0m12:41:41.033679 [debug] [Thread-1 (]: On model.centro_psicologico.stg_psicologos: /* {"app": "dbt", "dbt_version": "1.12.0b1", "profile_name": "centro_psicologico", "target_name": "dev", "node_id": "model.centro_psicologico.stg_psicologos"} */

  create view "dm_centro_psicologico"."staging"."stg_psicologos__dbt_tmp"
    
    
  as (
    select
    psicologo_id,
    dni,
    nombres,
    especialidad,
    cpp,
    modalidad,
    sede_id,
    estado
from "dm_centro_psicologico"."raw"."psicologos"
  );
[0m12:41:41.038448 [debug] [Thread-1 (]: SQL status: CREATE VIEW in 0.003 seconds
[0m12:41:41.042796 [debug] [Thread-1 (]: Using postgres connection "model.centro_psicologico.stg_psicologos"
[0m12:41:41.044526 [debug] [Thread-1 (]: On model.centro_psicologico.stg_psicologos: /* {"app": "dbt", "dbt_version": "1.12.0b1", "profile_name": "centro_psicologico", "target_name": "dev", "node_id": "model.centro_psicologico.stg_psicologos"} */
alter table "dm_centro_psicologico"."staging"."stg_psicologos" rename to "stg_psicologos__dbt_backup"
[0m12:41:41.047687 [debug] [Thread-1 (]: SQL status: ALTER TABLE in 0.001 seconds
[0m12:41:41.051759 [debug] [Thread-1 (]: Using postgres connection "model.centro_psicologico.stg_psicologos"
[0m12:41:41.053621 [debug] [Thread-1 (]: On model.centro_psicologico.stg_psicologos: /* {"app": "dbt", "dbt_version": "1.12.0b1", "profile_name": "centro_psicologico", "target_name": "dev", "node_id": "model.centro_psicologico.stg_psicologos"} */
alter table "dm_centro_psicologico"."staging"."stg_psicologos__dbt_tmp" rename to "stg_psicologos"
[0m12:41:41.056217 [debug] [Thread-1 (]: SQL status: ALTER TABLE in 0.001 seconds
[0m12:41:41.058872 [debug] [Thread-1 (]: On model.centro_psicologico.stg_psicologos: COMMIT
[0m12:41:41.060450 [debug] [Thread-1 (]: Using postgres connection "model.centro_psicologico.stg_psicologos"
[0m12:41:41.061997 [debug] [Thread-1 (]: On model.centro_psicologico.stg_psicologos: COMMIT
[0m12:41:41.069835 [debug] [Thread-1 (]: SQL status: COMMIT in 0.006 seconds
[0m12:41:41.073548 [debug] [Thread-1 (]: Applying DROP to: "dm_centro_psicologico"."staging"."stg_psicologos__dbt_backup"
[0m12:41:41.075654 [debug] [Thread-1 (]: Using postgres connection "model.centro_psicologico.stg_psicologos"
[0m12:41:41.077213 [debug] [Thread-1 (]: On model.centro_psicologico.stg_psicologos: /* {"app": "dbt", "dbt_version": "1.12.0b1", "profile_name": "centro_psicologico", "target_name": "dev", "node_id": "model.centro_psicologico.stg_psicologos"} */
drop view if exists "dm_centro_psicologico"."staging"."stg_psicologos__dbt_backup" cascade
[0m12:41:41.083605 [debug] [Thread-1 (]: SQL status: DROP VIEW in 0.005 seconds
[0m12:41:41.086568 [debug] [Thread-1 (]: On model.centro_psicologico.stg_psicologos: Close
[0m12:41:41.088606 [debug] [Thread-1 (]: Sending event: {'category': 'dbt', 'action': 'run_model', 'label': '506803d5-8a57-4708-aae2-5cc4a53efb22', 'context': [<snowplow_tracker.self_describing_json.SelfDescribingJson object at 0x71d7695f4710>]}
[0m12:41:41.090453 [info ] [Thread-1 (]: 7 of 18 OK created sql view model staging.stg_psicologos ....................... [[32mCREATE VIEW[0m in 0.12s]
[0m12:41:41.092327 [debug] [Thread-1 (]: Finished running node model.centro_psicologico.stg_psicologos
[0m12:41:41.094073 [debug] [Thread-1 (]: Began running node model.centro_psicologico.stg_sedes
[0m12:41:41.095655 [info ] [Thread-1 (]: 8 of 18 START sql view model staging.stg_sedes ................................. [RUN]
[0m12:41:41.097305 [debug] [Thread-1 (]: Re-using an available connection from the pool (formerly model.centro_psicologico.stg_psicologos, now model.centro_psicologico.stg_sedes)
[0m12:41:41.099159 [debug] [Thread-1 (]: Began compiling node model.centro_psicologico.stg_sedes
[0m12:41:41.102895 [debug] [Thread-1 (]: Writing injected SQL for node "model.centro_psicologico.stg_sedes"
[0m12:41:41.118941 [debug] [Thread-1 (]: Began executing node model.centro_psicologico.stg_sedes
[0m12:41:41.123642 [debug] [Thread-1 (]: Writing runtime sql for node "model.centro_psicologico.stg_sedes"
[0m12:41:41.139607 [debug] [Thread-1 (]: Using postgres connection "model.centro_psicologico.stg_sedes"
[0m12:41:41.141163 [debug] [Thread-1 (]: On model.centro_psicologico.stg_sedes: BEGIN
[0m12:41:41.143535 [debug] [Thread-1 (]: Opening a new connection, currently in state closed
[0m12:41:41.158422 [debug] [Thread-1 (]: SQL status: BEGIN in 0.015 seconds
[0m12:41:41.160659 [debug] [Thread-1 (]: Using postgres connection "model.centro_psicologico.stg_sedes"
[0m12:41:41.162868 [debug] [Thread-1 (]: On model.centro_psicologico.stg_sedes: /* {"app": "dbt", "dbt_version": "1.12.0b1", "profile_name": "centro_psicologico", "target_name": "dev", "node_id": "model.centro_psicologico.stg_sedes"} */

  create view "dm_centro_psicologico"."staging"."stg_sedes__dbt_tmp"
    
    
  as (
    select
    sede_id,
    nombre_sede,
    ciudad,
    tiene_online::boolean    as tiene_online,
    estado
from "dm_centro_psicologico"."raw"."sedes"
  );
[0m12:41:41.167349 [debug] [Thread-1 (]: Postgres adapter: Postgres error: cannot cast type smallint to boolean
LINE 11:     tiene_online::boolean    as tiene_online,
                         ^

[0m12:41:41.173906 [debug] [Thread-1 (]: On model.centro_psicologico.stg_sedes: ROLLBACK
[0m12:41:41.176922 [debug] [Thread-1 (]: On model.centro_psicologico.stg_sedes: Close
[0m12:41:41.182412 [debug] [Thread-1 (]: Database Error in model stg_sedes (models/staging/stg_sedes.sql)
  cannot cast type smallint to boolean
  LINE 11:     tiene_online::boolean    as tiene_online,
                           ^
  compiled code at target/run/centro_psicologico/models/staging/stg_sedes.sql
[0m12:41:41.185477 [debug] [Thread-1 (]: Sending event: {'category': 'dbt', 'action': 'run_model', 'label': '506803d5-8a57-4708-aae2-5cc4a53efb22', 'context': [<snowplow_tracker.self_describing_json.SelfDescribingJson object at 0x71d768402490>]}
[0m12:41:41.188383 [error] [Thread-1 (]: 8 of 18 ERROR creating sql view model staging.stg_sedes ........................ [[31mERROR[0m in 0.09s]
[0m12:41:41.190790 [debug] [Thread-1 (]: Finished running node model.centro_psicologico.stg_sedes
[0m12:41:41.192613 [debug] [Thread-1 (]: Began running node model.centro_psicologico.stg_sesiones
[0m12:41:41.193108 [debug] [Thread-4 (]: Marking all children of 'model.centro_psicologico.stg_sedes' to be skipped because of status 'error'.  Reason: Database Error in model stg_sedes (models/staging/stg_sedes.sql)
  cannot cast type smallint to boolean
  LINE 11:     tiene_online::boolean    as tiene_online,
                           ^
  compiled code at target/run/centro_psicologico/models/staging/stg_sedes.sql.
[0m12:41:41.194332 [info ] [Thread-1 (]: 9 of 18 START sql view model staging.stg_sesiones .............................. [RUN]
[0m12:41:41.197647 [debug] [Thread-1 (]: Re-using an available connection from the pool (formerly model.centro_psicologico.stg_sedes, now model.centro_psicologico.stg_sesiones)
[0m12:41:41.199777 [debug] [Thread-1 (]: Began compiling node model.centro_psicologico.stg_sesiones
[0m12:41:41.206481 [debug] [Thread-1 (]: Writing injected SQL for node "model.centro_psicologico.stg_sesiones"
[0m12:41:41.222523 [debug] [Thread-1 (]: Began executing node model.centro_psicologico.stg_sesiones
[0m12:41:41.227056 [debug] [Thread-1 (]: Writing runtime sql for node "model.centro_psicologico.stg_sesiones"
[0m12:41:41.243399 [debug] [Thread-1 (]: Using postgres connection "model.centro_psicologico.stg_sesiones"
[0m12:41:41.245773 [debug] [Thread-1 (]: On model.centro_psicologico.stg_sesiones: BEGIN
[0m12:41:41.252268 [debug] [Thread-1 (]: Opening a new connection, currently in state closed
[0m12:41:41.268897 [debug] [Thread-1 (]: SQL status: BEGIN in 0.017 seconds
[0m12:41:41.271039 [debug] [Thread-1 (]: Using postgres connection "model.centro_psicologico.stg_sesiones"
[0m12:41:41.272868 [debug] [Thread-1 (]: On model.centro_psicologico.stg_sesiones: /* {"app": "dbt", "dbt_version": "1.12.0b1", "profile_name": "centro_psicologico", "target_name": "dev", "node_id": "model.centro_psicologico.stg_sesiones"} */

  create view "dm_centro_psicologico"."staging"."stg_sesiones__dbt_tmp"
    
    
  as (
    select
    sesion_id,
    historia_id,
    psicologo_id,
    fecha_sesion::date              as fecha_sesion,
    hora_sesion,
    nro_sesion,
    etapa_atencion,
    modalidad,
    coalesce(duracion_min, 0)       as duracion_min,
    motivo_consulta,
    estado_sesion
from "dm_centro_psicologico"."raw"."sesiones"
  );
[0m12:41:41.275495 [debug] [Thread-1 (]: Postgres adapter: Postgres error: cannot cast type integer to date
LINE 11:     fecha_sesion::date              as fecha_sesion,
                         ^

[0m12:41:41.277674 [debug] [Thread-1 (]: On model.centro_psicologico.stg_sesiones: ROLLBACK
[0m12:41:41.281388 [debug] [Thread-1 (]: On model.centro_psicologico.stg_sesiones: Close
[0m12:41:41.287570 [debug] [Thread-1 (]: Database Error in model stg_sesiones (models/staging/stg_sesiones.sql)
  cannot cast type integer to date
  LINE 11:     fecha_sesion::date              as fecha_sesion,
                           ^
  compiled code at target/run/centro_psicologico/models/staging/stg_sesiones.sql
[0m12:41:41.289404 [debug] [Thread-1 (]: Sending event: {'category': 'dbt', 'action': 'run_model', 'label': '506803d5-8a57-4708-aae2-5cc4a53efb22', 'context': [<snowplow_tracker.self_describing_json.SelfDescribingJson object at 0x71d768407910>]}
[0m12:41:41.291227 [error] [Thread-1 (]: 9 of 18 ERROR creating sql view model staging.stg_sesiones ..................... [[31mERROR[0m in 0.09s]
[0m12:41:41.293323 [debug] [Thread-1 (]: Finished running node model.centro_psicologico.stg_sesiones
[0m12:41:41.294876 [debug] [Thread-1 (]: Began running node model.centro_psicologico.dim_diagnostico
[0m12:41:41.295401 [debug] [Thread-4 (]: Marking all children of 'model.centro_psicologico.stg_sesiones' to be skipped because of status 'error'.  Reason: Database Error in model stg_sesiones (models/staging/stg_sesiones.sql)
  cannot cast type integer to date
  LINE 11:     fecha_sesion::date              as fecha_sesion,
                           ^
  compiled code at target/run/centro_psicologico/models/staging/stg_sesiones.sql.
[0m12:41:41.297117 [info ] [Thread-1 (]: 10 of 18 START sql table model datamart.dim_diagnostico ........................ [RUN]
[0m12:41:41.300951 [debug] [Thread-1 (]: Re-using an available connection from the pool (formerly model.centro_psicologico.stg_sesiones, now model.centro_psicologico.dim_diagnostico)
[0m12:41:41.302968 [debug] [Thread-1 (]: Began compiling node model.centro_psicologico.dim_diagnostico
[0m12:41:41.306795 [debug] [Thread-1 (]: Writing injected SQL for node "model.centro_psicologico.dim_diagnostico"
[0m12:41:41.326433 [debug] [Thread-1 (]: Began executing node model.centro_psicologico.dim_diagnostico
[0m12:41:41.350875 [debug] [Thread-1 (]: Writing runtime sql for node "model.centro_psicologico.dim_diagnostico"
[0m12:41:41.376397 [debug] [Thread-1 (]: Using postgres connection "model.centro_psicologico.dim_diagnostico"
[0m12:41:41.379652 [debug] [Thread-1 (]: On model.centro_psicologico.dim_diagnostico: BEGIN
[0m12:41:41.381724 [debug] [Thread-1 (]: Opening a new connection, currently in state closed
[0m12:41:41.396710 [debug] [Thread-1 (]: SQL status: BEGIN in 0.015 seconds
[0m12:41:41.399377 [debug] [Thread-1 (]: Using postgres connection "model.centro_psicologico.dim_diagnostico"
[0m12:41:41.400948 [debug] [Thread-1 (]: On model.centro_psicologico.dim_diagnostico: /* {"app": "dbt", "dbt_version": "1.12.0b1", "profile_name": "centro_psicologico", "target_name": "dev", "node_id": "model.centro_psicologico.dim_diagnostico"} */

  
    

  create  table "dm_centro_psicologico"."datamart"."dim_diagnostico__dbt_tmp"
  
  
    as
  
  (
    select distinct
    codigo_cie10,
    descripcion_cie10
from "dm_centro_psicologico"."staging"."stg_diagnosticos"
where codigo_cie10 is not null
  );
  
[0m12:41:41.469886 [debug] [Thread-1 (]: SQL status: SELECT 10 in 0.067 seconds
[0m12:41:41.532742 [debug] [Thread-1 (]: Using postgres connection "model.centro_psicologico.dim_diagnostico"
[0m12:41:41.534249 [debug] [Thread-1 (]: On model.centro_psicologico.dim_diagnostico: /* {"app": "dbt", "dbt_version": "1.12.0b1", "profile_name": "centro_psicologico", "target_name": "dev", "node_id": "model.centro_psicologico.dim_diagnostico"} */
alter table "dm_centro_psicologico"."datamart"."dim_diagnostico" rename to "dim_diagnostico__dbt_backup"
[0m12:41:41.536241 [debug] [Thread-1 (]: SQL status: ALTER TABLE in 0.001 seconds
[0m12:41:41.547327 [debug] [Thread-1 (]: Using postgres connection "model.centro_psicologico.dim_diagnostico"
[0m12:41:41.562334 [debug] [Thread-1 (]: On model.centro_psicologico.dim_diagnostico: /* {"app": "dbt", "dbt_version": "1.12.0b1", "profile_name": "centro_psicologico", "target_name": "dev", "node_id": "model.centro_psicologico.dim_diagnostico"} */
alter table "dm_centro_psicologico"."datamart"."dim_diagnostico__dbt_tmp" rename to "dim_diagnostico"
[0m12:41:41.569135 [debug] [Thread-1 (]: SQL status: ALTER TABLE in 0.001 seconds
[0m12:41:41.573410 [debug] [Thread-1 (]: On model.centro_psicologico.dim_diagnostico: COMMIT
[0m12:41:41.575489 [debug] [Thread-1 (]: Using postgres connection "model.centro_psicologico.dim_diagnostico"
[0m12:41:41.577028 [debug] [Thread-1 (]: On model.centro_psicologico.dim_diagnostico: COMMIT
[0m12:41:41.586347 [debug] [Thread-1 (]: SQL status: COMMIT in 0.008 seconds
[0m12:41:41.591031 [debug] [Thread-1 (]: Applying DROP to: "dm_centro_psicologico"."datamart"."dim_diagnostico__dbt_backup"
[0m12:41:41.594902 [debug] [Thread-1 (]: Using postgres connection "model.centro_psicologico.dim_diagnostico"
[0m12:41:41.596906 [debug] [Thread-1 (]: On model.centro_psicologico.dim_diagnostico: /* {"app": "dbt", "dbt_version": "1.12.0b1", "profile_name": "centro_psicologico", "target_name": "dev", "node_id": "model.centro_psicologico.dim_diagnostico"} */
drop table if exists "dm_centro_psicologico"."datamart"."dim_diagnostico__dbt_backup" cascade
[0m12:41:41.611772 [debug] [Thread-1 (]: SQL status: DROP TABLE in 0.013 seconds
[0m12:41:41.614282 [debug] [Thread-1 (]: On model.centro_psicologico.dim_diagnostico: Close
[0m12:41:41.616386 [debug] [Thread-1 (]: Sending event: {'category': 'dbt', 'action': 'run_model', 'label': '506803d5-8a57-4708-aae2-5cc4a53efb22', 'context': [<snowplow_tracker.self_describing_json.SelfDescribingJson object at 0x71d7691402d0>]}
[0m12:41:41.618167 [info ] [Thread-1 (]: 10 of 18 OK created sql table model datamart.dim_diagnostico ................... [[32mSELECT 10[0m in 0.32s]
[0m12:41:41.621799 [debug] [Thread-1 (]: Finished running node model.centro_psicologico.dim_diagnostico
[0m12:41:41.623443 [debug] [Thread-1 (]: Began running node model.centro_psicologico.dim_paciente
[0m12:41:41.625483 [info ] [Thread-1 (]: 11 of 18 SKIP relation datamart.dim_paciente ................................... [[33mSKIP[0m]
[0m12:41:41.627317 [debug] [Thread-1 (]: Finished running node model.centro_psicologico.dim_paciente
[0m12:41:41.628529 [debug] [Thread-1 (]: Began running node model.centro_psicologico.dim_psicologo
[0m12:41:41.629694 [info ] [Thread-1 (]: 12 of 18 START sql table model datamart.dim_psicologo .......................... [RUN]
[0m12:41:41.631189 [debug] [Thread-1 (]: Re-using an available connection from the pool (formerly model.centro_psicologico.dim_diagnostico, now model.centro_psicologico.dim_psicologo)
[0m12:41:41.632573 [debug] [Thread-1 (]: Began compiling node model.centro_psicologico.dim_psicologo
[0m12:41:41.638717 [debug] [Thread-1 (]: Writing injected SQL for node "model.centro_psicologico.dim_psicologo"
[0m12:41:41.655837 [debug] [Thread-1 (]: Began executing node model.centro_psicologico.dim_psicologo
[0m12:41:41.660385 [debug] [Thread-1 (]: Writing runtime sql for node "model.centro_psicologico.dim_psicologo"
[0m12:41:41.674420 [debug] [Thread-1 (]: Using postgres connection "model.centro_psicologico.dim_psicologo"
[0m12:41:41.676230 [debug] [Thread-1 (]: On model.centro_psicologico.dim_psicologo: BEGIN
[0m12:41:41.677701 [debug] [Thread-1 (]: Opening a new connection, currently in state closed
[0m12:41:41.690652 [debug] [Thread-1 (]: SQL status: BEGIN in 0.013 seconds
[0m12:41:41.692249 [debug] [Thread-1 (]: Using postgres connection "model.centro_psicologico.dim_psicologo"
[0m12:41:41.694172 [debug] [Thread-1 (]: On model.centro_psicologico.dim_psicologo: /* {"app": "dbt", "dbt_version": "1.12.0b1", "profile_name": "centro_psicologico", "target_name": "dev", "node_id": "model.centro_psicologico.dim_psicologo"} */

  
    

  create  table "dm_centro_psicologico"."datamart"."dim_psicologo__dbt_tmp"
  
  
    as
  
  (
    select
    psicologo_id,
    dni,
    nombres,
    especialidad,
    cpp,
    modalidad,
    sede_id,
    estado
from "dm_centro_psicologico"."staging"."stg_psicologos"
  );
  
[0m12:41:41.717724 [debug] [Thread-1 (]: SQL status: SELECT 4 in 0.022 seconds
[0m12:41:41.725105 [debug] [Thread-1 (]: Using postgres connection "model.centro_psicologico.dim_psicologo"
[0m12:41:41.728139 [debug] [Thread-1 (]: On model.centro_psicologico.dim_psicologo: /* {"app": "dbt", "dbt_version": "1.12.0b1", "profile_name": "centro_psicologico", "target_name": "dev", "node_id": "model.centro_psicologico.dim_psicologo"} */
alter table "dm_centro_psicologico"."datamart"."dim_psicologo" rename to "dim_psicologo__dbt_backup"
[0m12:41:41.729985 [debug] [Thread-1 (]: SQL status: ALTER TABLE in 0.001 seconds
[0m12:41:41.737379 [debug] [Thread-1 (]: Using postgres connection "model.centro_psicologico.dim_psicologo"
[0m12:41:41.739140 [debug] [Thread-1 (]: On model.centro_psicologico.dim_psicologo: /* {"app": "dbt", "dbt_version": "1.12.0b1", "profile_name": "centro_psicologico", "target_name": "dev", "node_id": "model.centro_psicologico.dim_psicologo"} */
alter table "dm_centro_psicologico"."datamart"."dim_psicologo__dbt_tmp" rename to "dim_psicologo"
[0m12:41:41.741492 [debug] [Thread-1 (]: SQL status: ALTER TABLE in 0.000 seconds
[0m12:41:41.743772 [debug] [Thread-1 (]: On model.centro_psicologico.dim_psicologo: COMMIT
[0m12:41:41.745399 [debug] [Thread-1 (]: Using postgres connection "model.centro_psicologico.dim_psicologo"
[0m12:41:41.747488 [debug] [Thread-1 (]: On model.centro_psicologico.dim_psicologo: COMMIT
[0m12:41:41.756537 [debug] [Thread-1 (]: SQL status: COMMIT in 0.007 seconds
[0m12:41:41.760536 [debug] [Thread-1 (]: Applying DROP to: "dm_centro_psicologico"."datamart"."dim_psicologo__dbt_backup"
[0m12:41:41.762333 [debug] [Thread-1 (]: Using postgres connection "model.centro_psicologico.dim_psicologo"
[0m12:41:41.764352 [debug] [Thread-1 (]: On model.centro_psicologico.dim_psicologo: /* {"app": "dbt", "dbt_version": "1.12.0b1", "profile_name": "centro_psicologico", "target_name": "dev", "node_id": "model.centro_psicologico.dim_psicologo"} */
drop table if exists "dm_centro_psicologico"."datamart"."dim_psicologo__dbt_backup" cascade
[0m12:41:41.771683 [debug] [Thread-1 (]: SQL status: DROP TABLE in 0.005 seconds
[0m12:41:41.774193 [debug] [Thread-1 (]: On model.centro_psicologico.dim_psicologo: Close
[0m12:41:41.775891 [debug] [Thread-1 (]: Sending event: {'category': 'dbt', 'action': 'run_model', 'label': '506803d5-8a57-4708-aae2-5cc4a53efb22', 'context': [<snowplow_tracker.self_describing_json.SelfDescribingJson object at 0x71d768443ad0>]}
[0m12:41:41.779200 [info ] [Thread-1 (]: 12 of 18 OK created sql table model datamart.dim_psicologo ..................... [[32mSELECT 4[0m in 0.14s]
[0m12:41:41.783089 [debug] [Thread-1 (]: Finished running node model.centro_psicologico.dim_psicologo
[0m12:41:41.785473 [debug] [Thread-1 (]: Began running node model.centro_psicologico.dim_sede
[0m12:41:41.787441 [info ] [Thread-1 (]: 13 of 18 SKIP relation datamart.dim_sede ....................................... [[33mSKIP[0m]
[0m12:41:41.789785 [debug] [Thread-1 (]: Finished running node model.centro_psicologico.dim_sede
[0m12:41:41.791573 [debug] [Thread-1 (]: Began running node model.centro_psicologico.dim_servicio
[0m12:41:41.793584 [info ] [Thread-1 (]: 14 of 18 SKIP relation datamart.dim_servicio ................................... [[33mSKIP[0m]
[0m12:41:41.796165 [debug] [Thread-1 (]: Finished running node model.centro_psicologico.dim_servicio
[0m12:41:41.799426 [debug] [Thread-1 (]: Began running node model.centro_psicologico.dim_tiempo
[0m12:41:41.803674 [info ] [Thread-1 (]: 15 of 18 SKIP relation datamart.dim_tiempo ..................................... [[33mSKIP[0m]
[0m12:41:41.806025 [debug] [Thread-1 (]: Finished running node model.centro_psicologico.dim_tiempo
[0m12:41:41.807694 [debug] [Thread-1 (]: Began running node model.centro_psicologico.fact_evaluacion
[0m12:41:41.809934 [info ] [Thread-1 (]: 16 of 18 SKIP relation datamart.fact_evaluacion ................................ [[33mSKIP[0m]
[0m12:41:41.812641 [debug] [Thread-1 (]: Finished running node model.centro_psicologico.fact_evaluacion
[0m12:41:41.816255 [debug] [Thread-1 (]: Began running node model.centro_psicologico.fact_facturacion
[0m12:41:41.818312 [info ] [Thread-1 (]: 17 of 18 SKIP relation datamart.fact_facturacion ............................... [[33mSKIP[0m]
[0m12:41:41.820799 [debug] [Thread-1 (]: Finished running node model.centro_psicologico.fact_facturacion
[0m12:41:41.822779 [debug] [Thread-1 (]: Began running node model.centro_psicologico.fact_sesion
[0m12:41:41.824735 [info ] [Thread-1 (]: 18 of 18 SKIP relation datamart.fact_sesion .................................... [[33mSKIP[0m]
[0m12:41:41.827167 [debug] [Thread-1 (]: Finished running node model.centro_psicologico.fact_sesion
[0m12:41:41.833973 [debug] [MainThread]: Using postgres connection "master"
[0m12:41:41.835554 [debug] [MainThread]: On master: BEGIN
[0m12:41:41.836819 [debug] [MainThread]: Opening a new connection, currently in state closed
[0m12:41:41.851499 [debug] [MainThread]: SQL status: BEGIN in 0.015 seconds
[0m12:41:41.853480 [debug] [MainThread]: On master: COMMIT
[0m12:41:41.855314 [debug] [MainThread]: Using postgres connection "master"
[0m12:41:41.857149 [debug] [MainThread]: On master: COMMIT
[0m12:41:41.858991 [debug] [MainThread]: SQL status: COMMIT in 0.000 seconds
[0m12:41:41.862733 [debug] [MainThread]: On master: Close
[0m12:41:41.864773 [debug] [MainThread]: Connection 'master' was properly closed.
[0m12:41:41.866047 [debug] [MainThread]: Connection 'model.centro_psicologico.dim_psicologo' was properly closed.
[0m12:41:41.867795 [info ] [MainThread]: 
[0m12:41:41.869982 [info ] [MainThread]: Finished running 9 table models, 9 view models in 0 hours 0 minutes and 2.28 seconds (2.28s).
[0m12:41:41.873852 [debug] [MainThread]: Command end result
[0m12:41:41.985037 [debug] [MainThread]: Wrote artifact WritableManifest to /dbt/target/manifest.json
[0m12:41:42.006856 [debug] [MainThread]: Wrote artifact SemanticManifest to /dbt/target/semantic_manifest.json
[0m12:41:42.069425 [debug] [MainThread]: Wrote artifact RunExecutionResult to /dbt/target/run_results.json
[0m12:41:42.076704 [info ] [MainThread]: 
[0m12:41:42.084454 [info ] [MainThread]: [31mCompleted with 7 errors, 0 partial successes, and 0 warnings:[0m
[0m12:41:42.090636 [info ] [MainThread]: 
[0m12:41:42.094415 [error] [MainThread]: [[31mERROR[0m]: in model stg_evaluaciones (models/staging/stg_evaluaciones.sql)
[0m12:41:42.097318 [error] [MainThread]:   Database Error in model stg_evaluaciones (models/staging/stg_evaluaciones.sql)
  cannot cast type integer to date
  LINE 15:     fecha_evaluacion::date          as fecha_evaluacion
                               ^
  compiled code at target/run/centro_psicologico/models/staging/stg_evaluaciones.sql
[0m12:41:42.100080 [info ] [MainThread]: 
[0m12:41:42.104822 [info ] [MainThread]:   compiled code at target/compiled/centro_psicologico/models/staging/stg_evaluaciones.sql
[0m12:41:42.109764 [info ] [MainThread]: 
[0m12:41:42.112376 [error] [MainThread]: [[31mERROR[0m]: in model stg_historia_clinica (models/staging/stg_historia_clinica.sql)
[0m12:41:42.114805 [error] [MainThread]:   Database Error in model stg_historia_clinica (models/staging/stg_historia_clinica.sql)
  cannot cast type integer to date
  LINE 12:     fecha_apertura::date      as fecha_apertura,
                             ^
  compiled code at target/run/centro_psicologico/models/staging/stg_historia_clinica.sql
[0m12:41:42.117188 [info ] [MainThread]: 
[0m12:41:42.123346 [info ] [MainThread]:   compiled code at target/compiled/centro_psicologico/models/staging/stg_historia_clinica.sql
[0m12:41:42.125546 [info ] [MainThread]: 
[0m12:41:42.128255 [error] [MainThread]: [[31mERROR[0m]: in model stg_pacientes (models/staging/stg_pacientes.sql)
[0m12:41:42.130541 [error] [MainThread]:   Database Error in model stg_pacientes (models/staging/stg_pacientes.sql)
  cannot cast type integer to date
  LINE 14:     fecha_nacimiento::date    as fecha_nacimiento,
                               ^
  compiled code at target/run/centro_psicologico/models/staging/stg_pacientes.sql
[0m12:41:42.132570 [info ] [MainThread]: 
[0m12:41:42.134791 [info ] [MainThread]:   compiled code at target/compiled/centro_psicologico/models/staging/stg_pacientes.sql
[0m12:41:42.137682 [info ] [MainThread]: 
[0m12:41:42.141096 [error] [MainThread]: [[31mERROR[0m]: in model stg_pagos (models/staging/stg_pagos.sql)
[0m12:41:42.143335 [error] [MainThread]:   Database Error in model stg_pagos (models/staging/stg_pagos.sql)
  cannot cast type integer to date
  LINE 10:     fecha_pago::date                as fecha_pago,
                         ^
  compiled code at target/run/centro_psicologico/models/staging/stg_pagos.sql
[0m12:41:42.152348 [info ] [MainThread]: 
[0m12:41:42.155395 [info ] [MainThread]:   compiled code at target/compiled/centro_psicologico/models/staging/stg_pagos.sql
[0m12:41:42.159054 [info ] [MainThread]: 
[0m12:41:42.162582 [error] [MainThread]: [[31mERROR[0m]: in model stg_planes (models/staging/stg_planes.sql)
[0m12:41:42.168585 [error] [MainThread]:   Database Error in model stg_planes (models/staging/stg_planes.sql)
  cannot cast type integer to date
  LINE 13:     fecha_inicio::date              as fecha_inicio,
                           ^
  compiled code at target/run/centro_psicologico/models/staging/stg_planes.sql
[0m12:41:42.174130 [info ] [MainThread]: 
[0m12:41:42.179598 [info ] [MainThread]:   compiled code at target/compiled/centro_psicologico/models/staging/stg_planes.sql
[0m12:41:42.182584 [info ] [MainThread]: 
[0m12:41:42.185704 [error] [MainThread]: [[31mERROR[0m]: in model stg_sedes (models/staging/stg_sedes.sql)
[0m12:41:42.188768 [error] [MainThread]:   Database Error in model stg_sedes (models/staging/stg_sedes.sql)
  cannot cast type smallint to boolean
  LINE 11:     tiene_online::boolean    as tiene_online,
                           ^
  compiled code at target/run/centro_psicologico/models/staging/stg_sedes.sql
[0m12:41:42.191913 [info ] [MainThread]: 
[0m12:41:42.194476 [info ] [MainThread]:   compiled code at target/compiled/centro_psicologico/models/staging/stg_sedes.sql
[0m12:41:42.198081 [info ] [MainThread]: 
[0m12:41:42.201296 [error] [MainThread]: [[31mERROR[0m]: in model stg_sesiones (models/staging/stg_sesiones.sql)
[0m12:41:42.204281 [error] [MainThread]:   Database Error in model stg_sesiones (models/staging/stg_sesiones.sql)
  cannot cast type integer to date
  LINE 11:     fecha_sesion::date              as fecha_sesion,
                           ^
  compiled code at target/run/centro_psicologico/models/staging/stg_sesiones.sql
[0m12:41:42.206805 [info ] [MainThread]: 
[0m12:41:42.208963 [info ] [MainThread]:   compiled code at target/compiled/centro_psicologico/models/staging/stg_sesiones.sql
[0m12:41:42.212633 [info ] [MainThread]: 
[0m12:41:42.216716 [info ] [MainThread]: Done. PASS=4 WARN=0 ERROR=7 SKIP=7 NO-OP=0 TOTAL=18
[0m12:41:42.220448 [debug] [MainThread]: Resource report: {"command_name": "run", "command_success": false, "command_wall_clock_time": 3.7339773, "process_in_blocks": "0", "process_kernel_time": 0.72615, "process_mem_max_rss": "132336", "process_out_blocks": "3336", "process_user_time": 3.101522}
[0m12:41:42.227301 [debug] [MainThread]: Command `dbt run` failed at 12:41:42.227099 after 3.74 seconds
[0m12:41:42.229080 [debug] [MainThread]: Sending event: {'category': 'dbt', 'action': 'invocation', 'label': 'end', 'context': [<snowplow_tracker.self_describing_json.SelfDescribingJson object at 0x71d76bba4f50>, <snowplow_tracker.self_describing_json.SelfDescribingJson object at 0x71d76bba7dd0>, <snowplow_tracker.self_describing_json.SelfDescribingJson object at 0x71d76bba7c90>]}
[0m12:41:42.230750 [debug] [MainThread]: Flushing usage events
[0m12:41:42.992483 [debug] [MainThread]: An error was encountered while trying to flush usage events
[0m12:44:43.507777 [debug] [MainThread]: Sending event: {'category': 'dbt', 'action': 'invocation', 'label': 'start', 'context': [<snowplow_tracker.self_describing_json.SelfDescribingJson object at 0x79fd2d69d510>, <snowplow_tracker.self_describing_json.SelfDescribingJson object at 0x79fd2d6dbb50>, <snowplow_tracker.self_describing_json.SelfDescribingJson object at 0x79fd2d404590>]}


============================== 12:44:43.512809 | 71cce39a-18bb-4c93-9ccb-b4550f222f96 ==============================
[0m12:44:43.512809 [info ] [MainThread]: Running with dbt=1.12.0-b1
[0m12:44:43.515105 [debug] [MainThread]: running dbt with arguments {'invocation_command': 'dbt run --profiles-dir /dbt --project-dir /dbt', 'target_path': 'None', 'send_anonymous_usage_stats': 'True', 'debug': 'False', 'warn_error': 'None', 'empty': 'False', 'profiles_dir': '/dbt', 'log_path': '/dbt/logs', 'use_colors': 'True', 'quiet': 'False', 'no_print': 'None', 'log_cache_events': 'False', 'indirect_selection': 'eager', 'log_format': 'default', 'fail_fast': 'False', 'write_json': 'True', 'use_experimental_parser': 'False', 'version_check': 'True', 'introspect': 'True', 'static_parser': 'True', 'cache_selected_only': 'False', 'partial_parse': 'True', 'warn_error_options': 'WarnErrorOptionsV2(error=[], warn=[], silence=[])', 'printer_width': '80'}
[0m12:44:44.333533 [debug] [MainThread]: Sending event: {'category': 'dbt', 'action': 'project_id', 'label': '71cce39a-18bb-4c93-9ccb-b4550f222f96', 'context': [<snowplow_tracker.self_describing_json.SelfDescribingJson object at 0x79fd2d3b6810>]}
[0m12:44:44.404209 [debug] [MainThread]: Sending event: {'category': 'dbt', 'action': 'adapter_info', 'label': '71cce39a-18bb-4c93-9ccb-b4550f222f96', 'context': [<snowplow_tracker.self_describing_json.SelfDescribingJson object at 0x79fd2c54ca10>]}
[0m12:44:44.407327 [info ] [MainThread]: Registered adapter: postgres=1.8.2
[0m12:44:44.623640 [debug] [MainThread]: checksum: 1a7660dd75a24e23ad8c25eccbd441ee29cfe6a52c305ba0de52fcc42234c020, vars: {}, profile: centro_psicologico, target: dev, version: 1.12.0b1
[0m12:44:45.033338 [debug] [MainThread]: Partial parsing enabled: 0 files deleted, 0 files added, 0 files changed.
[0m12:44:45.035245 [debug] [MainThread]: Nothing changed, skipping partial parsing.
[0m12:44:45.036822 [debug] [MainThread]: Partial parsing enabled, no changes found, skipping parsing
[0m12:44:45.080246 [debug] [MainThread]: Sending event: {'category': 'dbt', 'action': 'load_project', 'label': '71cce39a-18bb-4c93-9ccb-b4550f222f96', 'context': [<snowplow_tracker.self_describing_json.SelfDescribingJson object at 0x79fd2b58a5d0>]}
[0m12:44:45.291638 [debug] [MainThread]: Wrote artifact WritableManifest to /dbt/target/manifest.json
[0m12:44:45.302470 [debug] [MainThread]: Wrote artifact SemanticManifest to /dbt/target/semantic_manifest.json
[0m12:44:45.326542 [debug] [MainThread]: Sending event: {'category': 'dbt', 'action': 'resource_counts', 'label': '71cce39a-18bb-4c93-9ccb-b4550f222f96', 'context': [<snowplow_tracker.self_describing_json.SelfDescribingJson object at 0x79fd2d9c8a90>]}
[0m12:44:45.328442 [info ] [MainThread]: Found 18 models, 9 sources, 474 macros
[0m12:44:45.330868 [debug] [MainThread]: Sending event: {'category': 'dbt', 'action': 'runnable_timing', 'label': '71cce39a-18bb-4c93-9ccb-b4550f222f96', 'context': [<snowplow_tracker.self_describing_json.SelfDescribingJson object at 0x79fd2ad36d50>]}
[0m12:44:45.335710 [info ] [MainThread]: 
[0m12:44:45.339402 [info ] [MainThread]: Concurrency: 1 threads (target='dev')
[0m12:44:45.341120 [info ] [MainThread]: 
[0m12:44:45.342925 [debug] [MainThread]: Acquiring new postgres connection 'master'
[0m12:44:45.352223 [debug] [ThreadPool]: Acquiring new postgres connection 'list_dm_centro_psicologico'
[0m12:44:45.422723 [debug] [ThreadPool]: Using postgres connection "list_dm_centro_psicologico"
[0m12:44:45.424069 [debug] [ThreadPool]: On list_dm_centro_psicologico: /* {"app": "dbt", "dbt_version": "1.12.0b1", "profile_name": "centro_psicologico", "target_name": "dev", "connection_name": "list_dm_centro_psicologico"} */

    select distinct nspname from pg_namespace
  
[0m12:44:45.425356 [debug] [ThreadPool]: Opening a new connection, currently in state init
[0m12:44:45.441588 [debug] [ThreadPool]: SQL status: SELECT 7 in 0.016 seconds
[0m12:44:45.444511 [debug] [ThreadPool]: On list_dm_centro_psicologico: Close
[0m12:44:45.448481 [debug] [ThreadPool]: Using postgres connection "list_dm_centro_psicologico"
[0m12:44:45.450373 [debug] [ThreadPool]: On list_dm_centro_psicologico: /* {"app": "dbt", "dbt_version": "1.12.0b1", "profile_name": "centro_psicologico", "target_name": "dev", "connection_name": "list_dm_centro_psicologico"} */

    select distinct nspname from pg_namespace
  
[0m12:44:45.451827 [debug] [ThreadPool]: Opening a new connection, currently in state closed
[0m12:44:45.467413 [debug] [ThreadPool]: SQL status: SELECT 7 in 0.016 seconds
[0m12:44:45.469964 [debug] [ThreadPool]: On list_dm_centro_psicologico: Close
[0m12:44:45.473798 [debug] [ThreadPool]: Re-using an available connection from the pool (formerly list_dm_centro_psicologico, now list_dm_centro_psicologico_staging)
[0m12:44:45.481712 [debug] [ThreadPool]: Using postgres connection "list_dm_centro_psicologico_staging"
[0m12:44:45.483281 [debug] [ThreadPool]: On list_dm_centro_psicologico_staging: BEGIN
[0m12:44:45.484739 [debug] [ThreadPool]: Opening a new connection, currently in state closed
[0m12:44:45.496108 [debug] [ThreadPool]: SQL status: BEGIN in 0.011 seconds
[0m12:44:45.497520 [debug] [ThreadPool]: Using postgres connection "list_dm_centro_psicologico_staging"
[0m12:44:45.498768 [debug] [ThreadPool]: On list_dm_centro_psicologico_staging: /* {"app": "dbt", "dbt_version": "1.12.0b1", "profile_name": "centro_psicologico", "target_name": "dev", "connection_name": "list_dm_centro_psicologico_staging"} */
select
      'dm_centro_psicologico' as database,
      tablename as name,
      schemaname as schema,
      'table' as type
    from pg_tables
    where schemaname ilike 'staging'
    union all
    select
      'dm_centro_psicologico' as database,
      viewname as name,
      schemaname as schema,
      'view' as type
    from pg_views
    where schemaname ilike 'staging'
    union all
    select
      'dm_centro_psicologico' as database,
      matviewname as name,
      schemaname as schema,
      'materialized_view' as type
    from pg_matviews
    where schemaname ilike 'staging'
  
[0m12:44:45.503084 [debug] [ThreadPool]: SQL status: SELECT 9 in 0.003 seconds
[0m12:44:45.505802 [debug] [ThreadPool]: On list_dm_centro_psicologico_staging: ROLLBACK
[0m12:44:45.507413 [debug] [ThreadPool]: On list_dm_centro_psicologico_staging: Close
[0m12:44:45.509358 [debug] [ThreadPool]: Re-using an available connection from the pool (formerly list_dm_centro_psicologico_staging, now list_dm_centro_psicologico_datamart)
[0m12:44:45.513840 [debug] [ThreadPool]: Using postgres connection "list_dm_centro_psicologico_datamart"
[0m12:44:45.515081 [debug] [ThreadPool]: On list_dm_centro_psicologico_datamart: BEGIN
[0m12:44:45.516127 [debug] [ThreadPool]: Opening a new connection, currently in state closed
[0m12:44:45.529530 [debug] [ThreadPool]: SQL status: BEGIN in 0.013 seconds
[0m12:44:45.531258 [debug] [ThreadPool]: Using postgres connection "list_dm_centro_psicologico_datamart"
[0m12:44:45.532740 [debug] [ThreadPool]: On list_dm_centro_psicologico_datamart: /* {"app": "dbt", "dbt_version": "1.12.0b1", "profile_name": "centro_psicologico", "target_name": "dev", "connection_name": "list_dm_centro_psicologico_datamart"} */
select
      'dm_centro_psicologico' as database,
      tablename as name,
      schemaname as schema,
      'table' as type
    from pg_tables
    where schemaname ilike 'datamart'
    union all
    select
      'dm_centro_psicologico' as database,
      viewname as name,
      schemaname as schema,
      'view' as type
    from pg_views
    where schemaname ilike 'datamart'
    union all
    select
      'dm_centro_psicologico' as database,
      matviewname as name,
      schemaname as schema,
      'materialized_view' as type
    from pg_matviews
    where schemaname ilike 'datamart'
  
[0m12:44:45.537687 [debug] [ThreadPool]: SQL status: SELECT 9 in 0.003 seconds
[0m12:44:45.541129 [debug] [ThreadPool]: On list_dm_centro_psicologico_datamart: ROLLBACK
[0m12:44:45.543381 [debug] [ThreadPool]: On list_dm_centro_psicologico_datamart: Close
[0m12:44:45.551306 [debug] [MainThread]: Using postgres connection "master"
[0m12:44:45.552931 [debug] [MainThread]: On master: BEGIN
[0m12:44:45.554588 [debug] [MainThread]: Opening a new connection, currently in state init
[0m12:44:45.566045 [debug] [MainThread]: SQL status: BEGIN in 0.011 seconds
[0m12:44:45.567974 [debug] [MainThread]: Using postgres connection "master"
[0m12:44:45.569869 [debug] [MainThread]: On master: /* {"app": "dbt", "dbt_version": "1.12.0b1", "profile_name": "centro_psicologico", "target_name": "dev", "connection_name": "master"} */
with relation as (
        select
            pg_rewrite.ev_class as class,
            pg_rewrite.oid as id
        from pg_rewrite
    ),
    class as (
        select
            oid as id,
            relname as name,
            relnamespace as schema,
            relkind as kind
        from pg_class
    ),
    dependency as (
        select distinct
            pg_depend.objid as id,
            pg_depend.refobjid as ref
        from pg_depend
    ),
    schema as (
        select
            pg_namespace.oid as id,
            pg_namespace.nspname as name
        from pg_namespace
        where nspname != 'information_schema' and nspname not like 'pg\_%'
    ),
    referenced as (
        select
            relation.id AS id,
            referenced_class.name ,
            referenced_class.schema ,
            referenced_class.kind
        from relation
        join class as referenced_class on relation.class=referenced_class.id
        where referenced_class.kind in ('r', 'v', 'm')
    ),
    relationships as (
        select
            referenced.name as referenced_name,
            referenced.schema as referenced_schema_id,
            dependent_class.name as dependent_name,
            dependent_class.schema as dependent_schema_id,
            referenced.kind as kind
        from referenced
        join dependency on referenced.id=dependency.id
        join class as dependent_class on dependency.ref=dependent_class.id
        where
            (referenced.name != dependent_class.name or
             referenced.schema != dependent_class.schema)
    )

    select
        referenced_schema.name as referenced_schema,
        relationships.referenced_name as referenced_name,
        dependent_schema.name as dependent_schema,
        relationships.dependent_name as dependent_name
    from relationships
    join schema as dependent_schema on relationships.dependent_schema_id=dependent_schema.id
    join schema as referenced_schema on relationships.referenced_schema_id=referenced_schema.id
    group by referenced_schema, referenced_name, dependent_schema, dependent_name
    order by referenced_schema, referenced_name, dependent_schema, dependent_name;
[0m12:44:45.580035 [debug] [MainThread]: SQL status: SELECT 9 in 0.008 seconds
[0m12:44:45.582811 [debug] [MainThread]: Sending event: {'category': 'dbt', 'action': 'runnable_timing', 'label': '71cce39a-18bb-4c93-9ccb-b4550f222f96', 'context': [<snowplow_tracker.self_describing_json.SelfDescribingJson object at 0x79fd2a0bd7d0>]}
[0m12:44:45.584609 [debug] [MainThread]: On master: ROLLBACK
[0m12:44:45.586671 [debug] [MainThread]: Using postgres connection "master"
[0m12:44:45.588364 [debug] [MainThread]: On master: BEGIN
[0m12:44:45.590675 [debug] [MainThread]: SQL status: BEGIN in 0.001 seconds
[0m12:44:45.592309 [debug] [MainThread]: On master: COMMIT
[0m12:44:45.593740 [debug] [MainThread]: Using postgres connection "master"
[0m12:44:45.595179 [debug] [MainThread]: On master: COMMIT
[0m12:44:45.596935 [debug] [MainThread]: SQL status: COMMIT in 0.000 seconds
[0m12:44:45.598524 [debug] [MainThread]: On master: Close
[0m12:44:45.603493 [debug] [Thread-1 (]: Began running node model.centro_psicologico.stg_diagnosticos
[0m12:44:45.605440 [info ] [Thread-1 (]: 1 of 18 START sql view model staging.stg_diagnosticos .......................... [RUN]
[0m12:44:45.607438 [debug] [Thread-1 (]: Re-using an available connection from the pool (formerly list_dm_centro_psicologico_datamart, now model.centro_psicologico.stg_diagnosticos)
[0m12:44:45.609395 [debug] [Thread-1 (]: Began compiling node model.centro_psicologico.stg_diagnosticos
[0m12:44:45.620800 [debug] [Thread-1 (]: Writing injected SQL for node "model.centro_psicologico.stg_diagnosticos"
[0m12:44:45.637389 [debug] [Thread-1 (]: Began executing node model.centro_psicologico.stg_diagnosticos
[0m12:44:45.669671 [debug] [Thread-1 (]: Writing runtime sql for node "model.centro_psicologico.stg_diagnosticos"
[0m12:44:45.683873 [debug] [Thread-1 (]: Using postgres connection "model.centro_psicologico.stg_diagnosticos"
[0m12:44:45.685421 [debug] [Thread-1 (]: On model.centro_psicologico.stg_diagnosticos: BEGIN
[0m12:44:45.687492 [debug] [Thread-1 (]: Opening a new connection, currently in state closed
[0m12:44:45.701182 [debug] [Thread-1 (]: SQL status: BEGIN in 0.013 seconds
[0m12:44:45.703764 [debug] [Thread-1 (]: Using postgres connection "model.centro_psicologico.stg_diagnosticos"
[0m12:44:45.705850 [debug] [Thread-1 (]: On model.centro_psicologico.stg_diagnosticos: /* {"app": "dbt", "dbt_version": "1.12.0b1", "profile_name": "centro_psicologico", "target_name": "dev", "node_id": "model.centro_psicologico.stg_diagnosticos"} */

  create view "dm_centro_psicologico"."staging"."stg_diagnosticos__dbt_tmp"
    
    
  as (
    select
    diagnostico_id,
    sesion_id,
    codigo_cie10,
    descripcion_cie10,
    diagnostico_clinico
from "dm_centro_psicologico"."raw"."diagnosticos"
where codigo_cie10 is not null
  );
[0m12:44:45.726757 [debug] [Thread-1 (]: SQL status: CREATE VIEW in 0.019 seconds
[0m12:44:45.742303 [debug] [Thread-1 (]: Using postgres connection "model.centro_psicologico.stg_diagnosticos"
[0m12:44:45.745789 [debug] [Thread-1 (]: On model.centro_psicologico.stg_diagnosticos: /* {"app": "dbt", "dbt_version": "1.12.0b1", "profile_name": "centro_psicologico", "target_name": "dev", "node_id": "model.centro_psicologico.stg_diagnosticos"} */
alter table "dm_centro_psicologico"."staging"."stg_diagnosticos" rename to "stg_diagnosticos__dbt_backup"
[0m12:44:45.750511 [debug] [Thread-1 (]: SQL status: ALTER TABLE in 0.001 seconds
[0m12:44:45.756485 [debug] [Thread-1 (]: Using postgres connection "model.centro_psicologico.stg_diagnosticos"
[0m12:44:45.758523 [debug] [Thread-1 (]: On model.centro_psicologico.stg_diagnosticos: /* {"app": "dbt", "dbt_version": "1.12.0b1", "profile_name": "centro_psicologico", "target_name": "dev", "node_id": "model.centro_psicologico.stg_diagnosticos"} */
alter table "dm_centro_psicologico"."staging"."stg_diagnosticos__dbt_tmp" rename to "stg_diagnosticos"
[0m12:44:45.760595 [debug] [Thread-1 (]: SQL status: ALTER TABLE in 0.001 seconds
[0m12:44:45.787537 [debug] [Thread-1 (]: On model.centro_psicologico.stg_diagnosticos: COMMIT
[0m12:44:45.789158 [debug] [Thread-1 (]: Using postgres connection "model.centro_psicologico.stg_diagnosticos"
[0m12:44:45.790475 [debug] [Thread-1 (]: On model.centro_psicologico.stg_diagnosticos: COMMIT
[0m12:44:45.794901 [debug] [Thread-1 (]: SQL status: COMMIT in 0.003 seconds
[0m12:44:45.805458 [debug] [Thread-1 (]: Applying DROP to: "dm_centro_psicologico"."staging"."stg_diagnosticos__dbt_backup"
[0m12:44:45.816578 [debug] [Thread-1 (]: Using postgres connection "model.centro_psicologico.stg_diagnosticos"
[0m12:44:45.819915 [debug] [Thread-1 (]: On model.centro_psicologico.stg_diagnosticos: /* {"app": "dbt", "dbt_version": "1.12.0b1", "profile_name": "centro_psicologico", "target_name": "dev", "node_id": "model.centro_psicologico.stg_diagnosticos"} */
drop view if exists "dm_centro_psicologico"."staging"."stg_diagnosticos__dbt_backup" cascade
[0m12:44:45.826665 [debug] [Thread-1 (]: SQL status: DROP VIEW in 0.004 seconds
[0m12:44:45.829582 [debug] [Thread-1 (]: On model.centro_psicologico.stg_diagnosticos: Close
[0m12:44:45.833051 [debug] [Thread-1 (]: Sending event: {'category': 'dbt', 'action': 'run_model', 'label': '71cce39a-18bb-4c93-9ccb-b4550f222f96', 'context': [<snowplow_tracker.self_describing_json.SelfDescribingJson object at 0x79fd2e3649d0>]}
[0m12:44:45.834945 [info ] [Thread-1 (]: 1 of 18 OK created sql view model staging.stg_diagnosticos ..................... [[32mCREATE VIEW[0m in 0.22s]
[0m12:44:45.837498 [debug] [Thread-1 (]: Finished running node model.centro_psicologico.stg_diagnosticos
[0m12:44:45.839125 [debug] [Thread-1 (]: Began running node model.centro_psicologico.stg_evaluaciones
[0m12:44:45.840642 [info ] [Thread-1 (]: 2 of 18 START sql view model staging.stg_evaluaciones .......................... [RUN]
[0m12:44:45.842082 [debug] [Thread-1 (]: Re-using an available connection from the pool (formerly model.centro_psicologico.stg_diagnosticos, now model.centro_psicologico.stg_evaluaciones)
[0m12:44:45.843244 [debug] [Thread-1 (]: Began compiling node model.centro_psicologico.stg_evaluaciones
[0m12:44:45.847088 [debug] [Thread-1 (]: Writing injected SQL for node "model.centro_psicologico.stg_evaluaciones"
[0m12:44:45.857764 [debug] [Thread-1 (]: Began executing node model.centro_psicologico.stg_evaluaciones
[0m12:44:45.862021 [debug] [Thread-1 (]: Writing runtime sql for node "model.centro_psicologico.stg_evaluaciones"
[0m12:44:45.873440 [debug] [Thread-1 (]: Using postgres connection "model.centro_psicologico.stg_evaluaciones"
[0m12:44:45.874680 [debug] [Thread-1 (]: On model.centro_psicologico.stg_evaluaciones: BEGIN
[0m12:44:45.875741 [debug] [Thread-1 (]: Opening a new connection, currently in state closed
[0m12:44:45.886991 [debug] [Thread-1 (]: SQL status: BEGIN in 0.011 seconds
[0m12:44:45.888245 [debug] [Thread-1 (]: Using postgres connection "model.centro_psicologico.stg_evaluaciones"
[0m12:44:45.889356 [debug] [Thread-1 (]: On model.centro_psicologico.stg_evaluaciones: /* {"app": "dbt", "dbt_version": "1.12.0b1", "profile_name": "centro_psicologico", "target_name": "dev", "node_id": "model.centro_psicologico.stg_evaluaciones"} */

  create view "dm_centro_psicologico"."staging"."stg_evaluaciones__dbt_tmp"
    
    
  as (
    select
    evaluacion_id,
    sesion_id,
    metodos_aplicados,
    resultados,
    coalesce(puntaje_cdi,  0)       as puntaje_cdi,
    coalesce(puntaje_stai, 0)       as puntaje_stai,
    observaciones,
    fecha_evaluacion::date          as fecha_evaluacion
from "dm_centro_psicologico"."raw"."evaluacion_psicologica"
  );
[0m12:44:45.891867 [debug] [Thread-1 (]: Postgres adapter: Postgres error: cannot cast type integer to date
LINE 15:     fecha_evaluacion::date          as fecha_evaluacion
                             ^

[0m12:44:45.893257 [debug] [Thread-1 (]: On model.centro_psicologico.stg_evaluaciones: ROLLBACK
[0m12:44:45.895275 [debug] [Thread-1 (]: On model.centro_psicologico.stg_evaluaciones: Close
[0m12:44:45.901554 [debug] [Thread-1 (]: Database Error in model stg_evaluaciones (models/staging/stg_evaluaciones.sql)
  cannot cast type integer to date
  LINE 15:     fecha_evaluacion::date          as fecha_evaluacion
                               ^
  compiled code at target/run/centro_psicologico/models/staging/stg_evaluaciones.sql
[0m12:44:45.902942 [debug] [Thread-1 (]: Sending event: {'category': 'dbt', 'action': 'run_model', 'label': '71cce39a-18bb-4c93-9ccb-b4550f222f96', 'context': [<snowplow_tracker.self_describing_json.SelfDescribingJson object at 0x79fd2862e510>]}
[0m12:44:45.904409 [error] [Thread-1 (]: 2 of 18 ERROR creating sql view model staging.stg_evaluaciones ................. [[31mERROR[0m in 0.06s]
[0m12:44:45.905911 [debug] [Thread-1 (]: Finished running node model.centro_psicologico.stg_evaluaciones
[0m12:44:45.907212 [debug] [Thread-1 (]: Began running node model.centro_psicologico.stg_historia_clinica
[0m12:44:45.907739 [debug] [Thread-4 (]: Marking all children of 'model.centro_psicologico.stg_evaluaciones' to be skipped because of status 'error'.  Reason: Database Error in model stg_evaluaciones (models/staging/stg_evaluaciones.sql)
  cannot cast type integer to date
  LINE 15:     fecha_evaluacion::date          as fecha_evaluacion
                               ^
  compiled code at target/run/centro_psicologico/models/staging/stg_evaluaciones.sql.
[0m12:44:45.909178 [info ] [Thread-1 (]: 3 of 18 START sql view model staging.stg_historia_clinica ...................... [RUN]
[0m12:44:45.914162 [debug] [Thread-1 (]: Re-using an available connection from the pool (formerly model.centro_psicologico.stg_evaluaciones, now model.centro_psicologico.stg_historia_clinica)
[0m12:44:45.915380 [debug] [Thread-1 (]: Began compiling node model.centro_psicologico.stg_historia_clinica
[0m12:44:45.922272 [debug] [Thread-1 (]: Writing injected SQL for node "model.centro_psicologico.stg_historia_clinica"
[0m12:44:45.933887 [debug] [Thread-1 (]: Began executing node model.centro_psicologico.stg_historia_clinica
[0m12:44:45.938074 [debug] [Thread-1 (]: Writing runtime sql for node "model.centro_psicologico.stg_historia_clinica"
[0m12:44:45.952997 [debug] [Thread-1 (]: Using postgres connection "model.centro_psicologico.stg_historia_clinica"
[0m12:44:45.954377 [debug] [Thread-1 (]: On model.centro_psicologico.stg_historia_clinica: BEGIN
[0m12:44:45.955732 [debug] [Thread-1 (]: Opening a new connection, currently in state closed
[0m12:44:45.966883 [debug] [Thread-1 (]: SQL status: BEGIN in 0.011 seconds
[0m12:44:45.968508 [debug] [Thread-1 (]: Using postgres connection "model.centro_psicologico.stg_historia_clinica"
[0m12:44:45.970292 [debug] [Thread-1 (]: On model.centro_psicologico.stg_historia_clinica: /* {"app": "dbt", "dbt_version": "1.12.0b1", "profile_name": "centro_psicologico", "target_name": "dev", "node_id": "model.centro_psicologico.stg_historia_clinica"} */

  create view "dm_centro_psicologico"."staging"."stg_historia_clinica__dbt_tmp"
    
    
  as (
    select
    historia_id,
    paciente_id,
    codigo_historia,
    tipo_historial,
    fecha_apertura::date      as fecha_apertura,
    estado_historia
from "dm_centro_psicologico"."raw"."historia_clinica"
  );
[0m12:44:45.972954 [debug] [Thread-1 (]: Postgres adapter: Postgres error: cannot cast type integer to date
LINE 12:     fecha_apertura::date      as fecha_apertura,
                           ^

[0m12:44:45.974460 [debug] [Thread-1 (]: On model.centro_psicologico.stg_historia_clinica: ROLLBACK
[0m12:44:45.976324 [debug] [Thread-1 (]: On model.centro_psicologico.stg_historia_clinica: Close
[0m12:44:45.979931 [debug] [Thread-1 (]: Database Error in model stg_historia_clinica (models/staging/stg_historia_clinica.sql)
  cannot cast type integer to date
  LINE 12:     fecha_apertura::date      as fecha_apertura,
                             ^
  compiled code at target/run/centro_psicologico/models/staging/stg_historia_clinica.sql
[0m12:44:45.981533 [debug] [Thread-1 (]: Sending event: {'category': 'dbt', 'action': 'run_model', 'label': '71cce39a-18bb-4c93-9ccb-b4550f222f96', 'context': [<snowplow_tracker.self_describing_json.SelfDescribingJson object at 0x79fd28643290>]}
[0m12:44:45.983045 [error] [Thread-1 (]: 3 of 18 ERROR creating sql view model staging.stg_historia_clinica ............. [[31mERROR[0m in 0.07s]
[0m12:44:45.984883 [debug] [Thread-1 (]: Finished running node model.centro_psicologico.stg_historia_clinica
[0m12:44:45.986855 [debug] [Thread-1 (]: Began running node model.centro_psicologico.stg_pacientes
[0m12:44:45.987473 [debug] [Thread-4 (]: Marking all children of 'model.centro_psicologico.stg_historia_clinica' to be skipped because of status 'error'.  Reason: Database Error in model stg_historia_clinica (models/staging/stg_historia_clinica.sql)
  cannot cast type integer to date
  LINE 12:     fecha_apertura::date      as fecha_apertura,
                             ^
  compiled code at target/run/centro_psicologico/models/staging/stg_historia_clinica.sql.
[0m12:44:45.988552 [info ] [Thread-1 (]: 4 of 18 START sql view model staging.stg_pacientes ............................. [RUN]
[0m12:44:45.991557 [debug] [Thread-1 (]: Re-using an available connection from the pool (formerly model.centro_psicologico.stg_historia_clinica, now model.centro_psicologico.stg_pacientes)
[0m12:44:45.993139 [debug] [Thread-1 (]: Began compiling node model.centro_psicologico.stg_pacientes
[0m12:44:45.996943 [debug] [Thread-1 (]: Writing injected SQL for node "model.centro_psicologico.stg_pacientes"
[0m12:44:46.009408 [debug] [Thread-1 (]: Began executing node model.centro_psicologico.stg_pacientes
[0m12:44:46.014024 [debug] [Thread-1 (]: Writing runtime sql for node "model.centro_psicologico.stg_pacientes"
[0m12:44:46.026536 [debug] [Thread-1 (]: Using postgres connection "model.centro_psicologico.stg_pacientes"
[0m12:44:46.027691 [debug] [Thread-1 (]: On model.centro_psicologico.stg_pacientes: BEGIN
[0m12:44:46.028835 [debug] [Thread-1 (]: Opening a new connection, currently in state closed
[0m12:44:46.041316 [debug] [Thread-1 (]: SQL status: BEGIN in 0.012 seconds
[0m12:44:46.043161 [debug] [Thread-1 (]: Using postgres connection "model.centro_psicologico.stg_pacientes"
[0m12:44:46.046784 [debug] [Thread-1 (]: On model.centro_psicologico.stg_pacientes: /* {"app": "dbt", "dbt_version": "1.12.0b1", "profile_name": "centro_psicologico", "target_name": "dev", "node_id": "model.centro_psicologico.stg_pacientes"} */

  create view "dm_centro_psicologico"."staging"."stg_pacientes__dbt_tmp"
    
    
  as (
    select
    paciente_id,
    nombres,
    apellido_paterno,
    apellido_materno,
    tipo_documento,
    numero_documento,
    fecha_nacimiento::date    as fecha_nacimiento,
    sexo,
    estado_civil,
    grado_instruccion,
    ocupacion,
    celular,
    email,
    direccion,
    fecha_registro::date      as fecha_registro,
    canal_captacion,
    estado_paciente,
    modalidad_preferida,
    sede_id
from "dm_centro_psicologico"."raw"."pacientes"
  );
[0m12:44:46.049574 [debug] [Thread-1 (]: Postgres adapter: Postgres error: cannot cast type integer to date
LINE 14:     fecha_nacimiento::date    as fecha_nacimiento,
                             ^

[0m12:44:46.051318 [debug] [Thread-1 (]: On model.centro_psicologico.stg_pacientes: ROLLBACK
[0m12:44:46.053263 [debug] [Thread-1 (]: On model.centro_psicologico.stg_pacientes: Close
[0m12:44:46.058825 [debug] [Thread-1 (]: Database Error in model stg_pacientes (models/staging/stg_pacientes.sql)
  cannot cast type integer to date
  LINE 14:     fecha_nacimiento::date    as fecha_nacimiento,
                               ^
  compiled code at target/run/centro_psicologico/models/staging/stg_pacientes.sql
[0m12:44:46.062616 [debug] [Thread-1 (]: Sending event: {'category': 'dbt', 'action': 'run_model', 'label': '71cce39a-18bb-4c93-9ccb-b4550f222f96', 'context': [<snowplow_tracker.self_describing_json.SelfDescribingJson object at 0x79fd28620410>]}
[0m12:44:46.067279 [error] [Thread-1 (]: 4 of 18 ERROR creating sql view model staging.stg_pacientes .................... [[31mERROR[0m in 0.07s]
[0m12:44:46.070359 [debug] [Thread-1 (]: Finished running node model.centro_psicologico.stg_pacientes
[0m12:44:46.072706 [debug] [Thread-1 (]: Began running node model.centro_psicologico.stg_pagos
[0m12:44:46.073652 [debug] [Thread-4 (]: Marking all children of 'model.centro_psicologico.stg_pacientes' to be skipped because of status 'error'.  Reason: Database Error in model stg_pacientes (models/staging/stg_pacientes.sql)
  cannot cast type integer to date
  LINE 14:     fecha_nacimiento::date    as fecha_nacimiento,
                               ^
  compiled code at target/run/centro_psicologico/models/staging/stg_pacientes.sql.
[0m12:44:46.077061 [info ] [Thread-1 (]: 5 of 18 START sql view model staging.stg_pagos ................................. [RUN]
[0m12:44:46.082942 [debug] [Thread-1 (]: Re-using an available connection from the pool (formerly model.centro_psicologico.stg_pacientes, now model.centro_psicologico.stg_pagos)
[0m12:44:46.085000 [debug] [Thread-1 (]: Began compiling node model.centro_psicologico.stg_pagos
[0m12:44:46.092203 [debug] [Thread-1 (]: Writing injected SQL for node "model.centro_psicologico.stg_pagos"
[0m12:44:46.108277 [debug] [Thread-1 (]: Began executing node model.centro_psicologico.stg_pagos
[0m12:44:46.113936 [debug] [Thread-1 (]: Writing runtime sql for node "model.centro_psicologico.stg_pagos"
[0m12:44:46.130404 [debug] [Thread-1 (]: Using postgres connection "model.centro_psicologico.stg_pagos"
[0m12:44:46.132343 [debug] [Thread-1 (]: On model.centro_psicologico.stg_pagos: BEGIN
[0m12:44:46.133935 [debug] [Thread-1 (]: Opening a new connection, currently in state closed
[0m12:44:46.146976 [debug] [Thread-1 (]: SQL status: BEGIN in 0.013 seconds
[0m12:44:46.149370 [debug] [Thread-1 (]: Using postgres connection "model.centro_psicologico.stg_pagos"
[0m12:44:46.152276 [debug] [Thread-1 (]: On model.centro_psicologico.stg_pagos: /* {"app": "dbt", "dbt_version": "1.12.0b1", "profile_name": "centro_psicologico", "target_name": "dev", "node_id": "model.centro_psicologico.stg_pagos"} */

  create view "dm_centro_psicologico"."staging"."stg_pagos__dbt_tmp"
    
    
  as (
    select
    pago_id,
    sesion_id,
    fecha_pago::date                as fecha_pago,
    coalesce(monto, 0.00)           as monto,
    comprobante,
    metodo_pago,
    estado_pago
from "dm_centro_psicologico"."raw"."pagos"
  );
[0m12:44:46.158841 [debug] [Thread-1 (]: Postgres adapter: Postgres error: cannot cast type integer to date
LINE 10:     fecha_pago::date                as fecha_pago,
                       ^

[0m12:44:46.161165 [debug] [Thread-1 (]: On model.centro_psicologico.stg_pagos: ROLLBACK
[0m12:44:46.165093 [debug] [Thread-1 (]: On model.centro_psicologico.stg_pagos: Close
[0m12:44:46.171005 [debug] [Thread-1 (]: Database Error in model stg_pagos (models/staging/stg_pagos.sql)
  cannot cast type integer to date
  LINE 10:     fecha_pago::date                as fecha_pago,
                         ^
  compiled code at target/run/centro_psicologico/models/staging/stg_pagos.sql
[0m12:44:46.177297 [debug] [Thread-1 (]: Sending event: {'category': 'dbt', 'action': 'run_model', 'label': '71cce39a-18bb-4c93-9ccb-b4550f222f96', 'context': [<snowplow_tracker.self_describing_json.SelfDescribingJson object at 0x79fd29f7d890>]}
[0m12:44:46.182106 [error] [Thread-1 (]: 5 of 18 ERROR creating sql view model staging.stg_pagos ........................ [[31mERROR[0m in 0.09s]
[0m12:44:46.185778 [debug] [Thread-1 (]: Finished running node model.centro_psicologico.stg_pagos
[0m12:44:46.189674 [debug] [Thread-1 (]: Began running node model.centro_psicologico.stg_planes
[0m12:44:46.191018 [debug] [Thread-4 (]: Marking all children of 'model.centro_psicologico.stg_pagos' to be skipped because of status 'error'.  Reason: Database Error in model stg_pagos (models/staging/stg_pagos.sql)
  cannot cast type integer to date
  LINE 10:     fecha_pago::date                as fecha_pago,
                         ^
  compiled code at target/run/centro_psicologico/models/staging/stg_pagos.sql.
[0m12:44:46.194498 [info ] [Thread-1 (]: 6 of 18 START sql view model staging.stg_planes ................................ [RUN]
[0m12:44:46.201399 [debug] [Thread-1 (]: Re-using an available connection from the pool (formerly model.centro_psicologico.stg_pagos, now model.centro_psicologico.stg_planes)
[0m12:44:46.204093 [debug] [Thread-1 (]: Began compiling node model.centro_psicologico.stg_planes
[0m12:44:46.211408 [debug] [Thread-1 (]: Writing injected SQL for node "model.centro_psicologico.stg_planes"
[0m12:44:46.235938 [debug] [Thread-1 (]: Began executing node model.centro_psicologico.stg_planes
[0m12:44:46.243086 [debug] [Thread-1 (]: Writing runtime sql for node "model.centro_psicologico.stg_planes"
[0m12:44:46.262613 [debug] [Thread-1 (]: Using postgres connection "model.centro_psicologico.stg_planes"
[0m12:44:46.264133 [debug] [Thread-1 (]: On model.centro_psicologico.stg_planes: BEGIN
[0m12:44:46.266533 [debug] [Thread-1 (]: Opening a new connection, currently in state closed
[0m12:44:46.281482 [debug] [Thread-1 (]: SQL status: BEGIN in 0.015 seconds
[0m12:44:46.283674 [debug] [Thread-1 (]: Using postgres connection "model.centro_psicologico.stg_planes"
[0m12:44:46.285536 [debug] [Thread-1 (]: On model.centro_psicologico.stg_planes: /* {"app": "dbt", "dbt_version": "1.12.0b1", "profile_name": "centro_psicologico", "target_name": "dev", "node_id": "model.centro_psicologico.stg_planes"} */

  create view "dm_centro_psicologico"."staging"."stg_planes__dbt_tmp"
    
    
  as (
    select
    plan_id,
    sesion_id,
    objetivos,
    intervenciones,
    recomendaciones,
    fecha_inicio::date              as fecha_inicio,
    fecha_fin::date                 as fecha_fin,
    estado_plan
from "dm_centro_psicologico"."raw"."plan_intervencion"
  );
[0m12:44:46.288663 [debug] [Thread-1 (]: Postgres adapter: Postgres error: cannot cast type integer to date
LINE 13:     fecha_inicio::date              as fecha_inicio,
                         ^

[0m12:44:46.290135 [debug] [Thread-1 (]: On model.centro_psicologico.stg_planes: ROLLBACK
[0m12:44:46.292008 [debug] [Thread-1 (]: On model.centro_psicologico.stg_planes: Close
[0m12:44:46.296841 [debug] [Thread-1 (]: Database Error in model stg_planes (models/staging/stg_planes.sql)
  cannot cast type integer to date
  LINE 13:     fecha_inicio::date              as fecha_inicio,
                           ^
  compiled code at target/run/centro_psicologico/models/staging/stg_planes.sql
[0m12:44:46.299547 [debug] [Thread-1 (]: Sending event: {'category': 'dbt', 'action': 'run_model', 'label': '71cce39a-18bb-4c93-9ccb-b4550f222f96', 'context': [<snowplow_tracker.self_describing_json.SelfDescribingJson object at 0x79fd2a0e48d0>]}
[0m12:44:46.301205 [error] [Thread-1 (]: 6 of 18 ERROR creating sql view model staging.stg_planes ....................... [[31mERROR[0m in 0.10s]
[0m12:44:46.303098 [debug] [Thread-1 (]: Finished running node model.centro_psicologico.stg_planes
[0m12:44:46.304600 [debug] [Thread-1 (]: Began running node model.centro_psicologico.stg_psicologos
[0m12:44:46.305057 [debug] [Thread-4 (]: Marking all children of 'model.centro_psicologico.stg_planes' to be skipped because of status 'error'.  Reason: Database Error in model stg_planes (models/staging/stg_planes.sql)
  cannot cast type integer to date
  LINE 13:     fecha_inicio::date              as fecha_inicio,
                           ^
  compiled code at target/run/centro_psicologico/models/staging/stg_planes.sql.
[0m12:44:46.306143 [info ] [Thread-1 (]: 7 of 18 START sql view model staging.stg_psicologos ............................ [RUN]
[0m12:44:46.308713 [debug] [Thread-1 (]: Re-using an available connection from the pool (formerly model.centro_psicologico.stg_planes, now model.centro_psicologico.stg_psicologos)
[0m12:44:46.310198 [debug] [Thread-1 (]: Began compiling node model.centro_psicologico.stg_psicologos
[0m12:44:46.313907 [debug] [Thread-1 (]: Writing injected SQL for node "model.centro_psicologico.stg_psicologos"
[0m12:44:46.327315 [debug] [Thread-1 (]: Began executing node model.centro_psicologico.stg_psicologos
[0m12:44:46.332215 [debug] [Thread-1 (]: Writing runtime sql for node "model.centro_psicologico.stg_psicologos"
[0m12:44:46.345011 [debug] [Thread-1 (]: Using postgres connection "model.centro_psicologico.stg_psicologos"
[0m12:44:46.346592 [debug] [Thread-1 (]: On model.centro_psicologico.stg_psicologos: BEGIN
[0m12:44:46.347869 [debug] [Thread-1 (]: Opening a new connection, currently in state closed
[0m12:44:46.358963 [debug] [Thread-1 (]: SQL status: BEGIN in 0.011 seconds
[0m12:44:46.360308 [debug] [Thread-1 (]: Using postgres connection "model.centro_psicologico.stg_psicologos"
[0m12:44:46.361489 [debug] [Thread-1 (]: On model.centro_psicologico.stg_psicologos: /* {"app": "dbt", "dbt_version": "1.12.0b1", "profile_name": "centro_psicologico", "target_name": "dev", "node_id": "model.centro_psicologico.stg_psicologos"} */

  create view "dm_centro_psicologico"."staging"."stg_psicologos__dbt_tmp"
    
    
  as (
    select
    psicologo_id,
    dni,
    nombres,
    especialidad,
    cpp,
    modalidad,
    sede_id,
    estado
from "dm_centro_psicologico"."raw"."psicologos"
  );
[0m12:44:46.365449 [debug] [Thread-1 (]: SQL status: CREATE VIEW in 0.003 seconds
[0m12:44:46.370473 [debug] [Thread-1 (]: Using postgres connection "model.centro_psicologico.stg_psicologos"
[0m12:44:46.371946 [debug] [Thread-1 (]: On model.centro_psicologico.stg_psicologos: /* {"app": "dbt", "dbt_version": "1.12.0b1", "profile_name": "centro_psicologico", "target_name": "dev", "node_id": "model.centro_psicologico.stg_psicologos"} */
alter table "dm_centro_psicologico"."staging"."stg_psicologos" rename to "stg_psicologos__dbt_backup"
[0m12:44:46.373811 [debug] [Thread-1 (]: SQL status: ALTER TABLE in 0.000 seconds
[0m12:44:46.377546 [debug] [Thread-1 (]: Using postgres connection "model.centro_psicologico.stg_psicologos"
[0m12:44:46.378897 [debug] [Thread-1 (]: On model.centro_psicologico.stg_psicologos: /* {"app": "dbt", "dbt_version": "1.12.0b1", "profile_name": "centro_psicologico", "target_name": "dev", "node_id": "model.centro_psicologico.stg_psicologos"} */
alter table "dm_centro_psicologico"."staging"."stg_psicologos__dbt_tmp" rename to "stg_psicologos"
[0m12:44:46.380502 [debug] [Thread-1 (]: SQL status: ALTER TABLE in 0.000 seconds
[0m12:44:46.383035 [debug] [Thread-1 (]: On model.centro_psicologico.stg_psicologos: COMMIT
[0m12:44:46.384401 [debug] [Thread-1 (]: Using postgres connection "model.centro_psicologico.stg_psicologos"
[0m12:44:46.385541 [debug] [Thread-1 (]: On model.centro_psicologico.stg_psicologos: COMMIT
[0m12:44:46.390153 [debug] [Thread-1 (]: SQL status: COMMIT in 0.003 seconds
[0m12:44:46.394617 [debug] [Thread-1 (]: Applying DROP to: "dm_centro_psicologico"."staging"."stg_psicologos__dbt_backup"
[0m12:44:46.396533 [debug] [Thread-1 (]: Using postgres connection "model.centro_psicologico.stg_psicologos"
[0m12:44:46.397983 [debug] [Thread-1 (]: On model.centro_psicologico.stg_psicologos: /* {"app": "dbt", "dbt_version": "1.12.0b1", "profile_name": "centro_psicologico", "target_name": "dev", "node_id": "model.centro_psicologico.stg_psicologos"} */
drop view if exists "dm_centro_psicologico"."staging"."stg_psicologos__dbt_backup" cascade
[0m12:44:46.401943 [debug] [Thread-1 (]: SQL status: DROP VIEW in 0.002 seconds
[0m12:44:46.404853 [debug] [Thread-1 (]: On model.centro_psicologico.stg_psicologos: Close
[0m12:44:46.406863 [debug] [Thread-1 (]: Sending event: {'category': 'dbt', 'action': 'run_model', 'label': '71cce39a-18bb-4c93-9ccb-b4550f222f96', 'context': [<snowplow_tracker.self_describing_json.SelfDescribingJson object at 0x79fd29f27090>]}
[0m12:44:46.408708 [info ] [Thread-1 (]: 7 of 18 OK created sql view model staging.stg_psicologos ....................... [[32mCREATE VIEW[0m in 0.10s]
[0m12:44:46.411081 [debug] [Thread-1 (]: Finished running node model.centro_psicologico.stg_psicologos
[0m12:44:46.413312 [debug] [Thread-1 (]: Began running node model.centro_psicologico.stg_sedes
[0m12:44:46.415397 [info ] [Thread-1 (]: 8 of 18 START sql view model staging.stg_sedes ................................. [RUN]
[0m12:44:46.417429 [debug] [Thread-1 (]: Re-using an available connection from the pool (formerly model.centro_psicologico.stg_psicologos, now model.centro_psicologico.stg_sedes)
[0m12:44:46.419310 [debug] [Thread-1 (]: Began compiling node model.centro_psicologico.stg_sedes
[0m12:44:46.423410 [debug] [Thread-1 (]: Writing injected SQL for node "model.centro_psicologico.stg_sedes"
[0m12:44:46.438600 [debug] [Thread-1 (]: Began executing node model.centro_psicologico.stg_sedes
[0m12:44:46.443108 [debug] [Thread-1 (]: Writing runtime sql for node "model.centro_psicologico.stg_sedes"
[0m12:44:46.459928 [debug] [Thread-1 (]: Using postgres connection "model.centro_psicologico.stg_sedes"
[0m12:44:46.461458 [debug] [Thread-1 (]: On model.centro_psicologico.stg_sedes: BEGIN
[0m12:44:46.462937 [debug] [Thread-1 (]: Opening a new connection, currently in state closed
[0m12:44:46.475715 [debug] [Thread-1 (]: SQL status: BEGIN in 0.013 seconds
[0m12:44:46.477471 [debug] [Thread-1 (]: Using postgres connection "model.centro_psicologico.stg_sedes"
[0m12:44:46.479263 [debug] [Thread-1 (]: On model.centro_psicologico.stg_sedes: /* {"app": "dbt", "dbt_version": "1.12.0b1", "profile_name": "centro_psicologico", "target_name": "dev", "node_id": "model.centro_psicologico.stg_sedes"} */

  create view "dm_centro_psicologico"."staging"."stg_sedes__dbt_tmp"
    
    
  as (
    select
    sede_id,
    nombre_sede,
    ciudad,
    tiene_online::boolean    as tiene_online,
    estado
from "dm_centro_psicologico"."raw"."sedes"
  );
[0m12:44:46.482232 [debug] [Thread-1 (]: Postgres adapter: Postgres error: cannot cast type smallint to boolean
LINE 11:     tiene_online::boolean    as tiene_online,
                         ^

[0m12:44:46.484170 [debug] [Thread-1 (]: On model.centro_psicologico.stg_sedes: ROLLBACK
[0m12:44:46.486474 [debug] [Thread-1 (]: On model.centro_psicologico.stg_sedes: Close
[0m12:44:46.491435 [debug] [Thread-1 (]: Database Error in model stg_sedes (models/staging/stg_sedes.sql)
  cannot cast type smallint to boolean
  LINE 11:     tiene_online::boolean    as tiene_online,
                           ^
  compiled code at target/run/centro_psicologico/models/staging/stg_sedes.sql
[0m12:44:46.493438 [debug] [Thread-1 (]: Sending event: {'category': 'dbt', 'action': 'run_model', 'label': '71cce39a-18bb-4c93-9ccb-b4550f222f96', 'context': [<snowplow_tracker.self_describing_json.SelfDescribingJson object at 0x79fd2c16d250>]}
[0m12:44:46.495121 [error] [Thread-1 (]: 8 of 18 ERROR creating sql view model staging.stg_sedes ........................ [[31mERROR[0m in 0.08s]
[0m12:44:46.497293 [debug] [Thread-1 (]: Finished running node model.centro_psicologico.stg_sedes
[0m12:44:46.498994 [debug] [Thread-1 (]: Began running node model.centro_psicologico.stg_sesiones
[0m12:44:46.499448 [debug] [Thread-4 (]: Marking all children of 'model.centro_psicologico.stg_sedes' to be skipped because of status 'error'.  Reason: Database Error in model stg_sedes (models/staging/stg_sedes.sql)
  cannot cast type smallint to boolean
  LINE 11:     tiene_online::boolean    as tiene_online,
                           ^
  compiled code at target/run/centro_psicologico/models/staging/stg_sedes.sql.
[0m12:44:46.500695 [info ] [Thread-1 (]: 9 of 18 START sql view model staging.stg_sesiones .............................. [RUN]
[0m12:44:46.503414 [debug] [Thread-1 (]: Re-using an available connection from the pool (formerly model.centro_psicologico.stg_sedes, now model.centro_psicologico.stg_sesiones)
[0m12:44:46.504944 [debug] [Thread-1 (]: Began compiling node model.centro_psicologico.stg_sesiones
[0m12:44:46.510067 [debug] [Thread-1 (]: Writing injected SQL for node "model.centro_psicologico.stg_sesiones"
[0m12:44:46.522835 [debug] [Thread-1 (]: Began executing node model.centro_psicologico.stg_sesiones
[0m12:44:46.527144 [debug] [Thread-1 (]: Writing runtime sql for node "model.centro_psicologico.stg_sesiones"
[0m12:44:46.540602 [debug] [Thread-1 (]: Using postgres connection "model.centro_psicologico.stg_sesiones"
[0m12:44:46.542263 [debug] [Thread-1 (]: On model.centro_psicologico.stg_sesiones: BEGIN
[0m12:44:46.543673 [debug] [Thread-1 (]: Opening a new connection, currently in state closed
[0m12:44:46.556049 [debug] [Thread-1 (]: SQL status: BEGIN in 0.012 seconds
[0m12:44:46.557893 [debug] [Thread-1 (]: Using postgres connection "model.centro_psicologico.stg_sesiones"
[0m12:44:46.559574 [debug] [Thread-1 (]: On model.centro_psicologico.stg_sesiones: /* {"app": "dbt", "dbt_version": "1.12.0b1", "profile_name": "centro_psicologico", "target_name": "dev", "node_id": "model.centro_psicologico.stg_sesiones"} */

  create view "dm_centro_psicologico"."staging"."stg_sesiones__dbt_tmp"
    
    
  as (
    select
    sesion_id,
    historia_id,
    psicologo_id,
    fecha_sesion::date              as fecha_sesion,
    hora_sesion,
    nro_sesion,
    etapa_atencion,
    modalidad,
    coalesce(duracion_min, 0)       as duracion_min,
    motivo_consulta,
    estado_sesion
from "dm_centro_psicologico"."raw"."sesiones"
  );
[0m12:44:46.561891 [debug] [Thread-1 (]: Postgres adapter: Postgres error: cannot cast type integer to date
LINE 11:     fecha_sesion::date              as fecha_sesion,
                         ^

[0m12:44:46.563588 [debug] [Thread-1 (]: On model.centro_psicologico.stg_sesiones: ROLLBACK
[0m12:44:46.565605 [debug] [Thread-1 (]: On model.centro_psicologico.stg_sesiones: Close
[0m12:44:46.569262 [debug] [Thread-1 (]: Database Error in model stg_sesiones (models/staging/stg_sesiones.sql)
  cannot cast type integer to date
  LINE 11:     fecha_sesion::date              as fecha_sesion,
                           ^
  compiled code at target/run/centro_psicologico/models/staging/stg_sesiones.sql
[0m12:44:46.571092 [debug] [Thread-1 (]: Sending event: {'category': 'dbt', 'action': 'run_model', 'label': '71cce39a-18bb-4c93-9ccb-b4550f222f96', 'context': [<snowplow_tracker.self_describing_json.SelfDescribingJson object at 0x79fd2863dc50>]}
[0m12:44:46.573053 [error] [Thread-1 (]: 9 of 18 ERROR creating sql view model staging.stg_sesiones ..................... [[31mERROR[0m in 0.07s]
[0m12:44:46.575300 [debug] [Thread-1 (]: Finished running node model.centro_psicologico.stg_sesiones
[0m12:44:46.576977 [debug] [Thread-1 (]: Began running node model.centro_psicologico.dim_diagnostico
[0m12:44:46.577436 [debug] [Thread-4 (]: Marking all children of 'model.centro_psicologico.stg_sesiones' to be skipped because of status 'error'.  Reason: Database Error in model stg_sesiones (models/staging/stg_sesiones.sql)
  cannot cast type integer to date
  LINE 11:     fecha_sesion::date              as fecha_sesion,
                           ^
  compiled code at target/run/centro_psicologico/models/staging/stg_sesiones.sql.
[0m12:44:46.578730 [info ] [Thread-1 (]: 10 of 18 START sql table model datamart.dim_diagnostico ........................ [RUN]
[0m12:44:46.581944 [debug] [Thread-1 (]: Re-using an available connection from the pool (formerly model.centro_psicologico.stg_sesiones, now model.centro_psicologico.dim_diagnostico)
[0m12:44:46.583495 [debug] [Thread-1 (]: Began compiling node model.centro_psicologico.dim_diagnostico
[0m12:44:46.587812 [debug] [Thread-1 (]: Writing injected SQL for node "model.centro_psicologico.dim_diagnostico"
[0m12:44:46.603086 [debug] [Thread-1 (]: Began executing node model.centro_psicologico.dim_diagnostico
[0m12:44:46.625423 [debug] [Thread-1 (]: Writing runtime sql for node "model.centro_psicologico.dim_diagnostico"
[0m12:44:46.641694 [debug] [Thread-1 (]: Using postgres connection "model.centro_psicologico.dim_diagnostico"
[0m12:44:46.643328 [debug] [Thread-1 (]: On model.centro_psicologico.dim_diagnostico: BEGIN
[0m12:44:46.645254 [debug] [Thread-1 (]: Opening a new connection, currently in state closed
[0m12:44:46.657710 [debug] [Thread-1 (]: SQL status: BEGIN in 0.012 seconds
[0m12:44:46.659762 [debug] [Thread-1 (]: Using postgres connection "model.centro_psicologico.dim_diagnostico"
[0m12:44:46.661599 [debug] [Thread-1 (]: On model.centro_psicologico.dim_diagnostico: /* {"app": "dbt", "dbt_version": "1.12.0b1", "profile_name": "centro_psicologico", "target_name": "dev", "node_id": "model.centro_psicologico.dim_diagnostico"} */

  
    

  create  table "dm_centro_psicologico"."datamart"."dim_diagnostico__dbt_tmp"
  
  
    as
  
  (
    select distinct
    codigo_cie10,
    descripcion_cie10
from "dm_centro_psicologico"."staging"."stg_diagnosticos"
where codigo_cie10 is not null
  );
  
[0m12:44:46.671591 [debug] [Thread-1 (]: SQL status: SELECT 10 in 0.008 seconds
[0m12:44:46.681371 [debug] [Thread-1 (]: Using postgres connection "model.centro_psicologico.dim_diagnostico"
[0m12:44:46.683363 [debug] [Thread-1 (]: On model.centro_psicologico.dim_diagnostico: /* {"app": "dbt", "dbt_version": "1.12.0b1", "profile_name": "centro_psicologico", "target_name": "dev", "node_id": "model.centro_psicologico.dim_diagnostico"} */
alter table "dm_centro_psicologico"."datamart"."dim_diagnostico" rename to "dim_diagnostico__dbt_backup"
[0m12:44:46.685821 [debug] [Thread-1 (]: SQL status: ALTER TABLE in 0.000 seconds
[0m12:44:46.690493 [debug] [Thread-1 (]: Using postgres connection "model.centro_psicologico.dim_diagnostico"
[0m12:44:46.692389 [debug] [Thread-1 (]: On model.centro_psicologico.dim_diagnostico: /* {"app": "dbt", "dbt_version": "1.12.0b1", "profile_name": "centro_psicologico", "target_name": "dev", "node_id": "model.centro_psicologico.dim_diagnostico"} */
alter table "dm_centro_psicologico"."datamart"."dim_diagnostico__dbt_tmp" rename to "dim_diagnostico"
[0m12:44:46.694674 [debug] [Thread-1 (]: SQL status: ALTER TABLE in 0.000 seconds
[0m12:44:46.697372 [debug] [Thread-1 (]: On model.centro_psicologico.dim_diagnostico: COMMIT
[0m12:44:46.699117 [debug] [Thread-1 (]: Using postgres connection "model.centro_psicologico.dim_diagnostico"
[0m12:44:46.700756 [debug] [Thread-1 (]: On model.centro_psicologico.dim_diagnostico: COMMIT
[0m12:44:46.705709 [debug] [Thread-1 (]: SQL status: COMMIT in 0.003 seconds
[0m12:44:46.709451 [debug] [Thread-1 (]: Applying DROP to: "dm_centro_psicologico"."datamart"."dim_diagnostico__dbt_backup"
[0m12:44:46.713886 [debug] [Thread-1 (]: Using postgres connection "model.centro_psicologico.dim_diagnostico"
[0m12:44:46.715786 [debug] [Thread-1 (]: On model.centro_psicologico.dim_diagnostico: /* {"app": "dbt", "dbt_version": "1.12.0b1", "profile_name": "centro_psicologico", "target_name": "dev", "node_id": "model.centro_psicologico.dim_diagnostico"} */
drop table if exists "dm_centro_psicologico"."datamart"."dim_diagnostico__dbt_backup" cascade
[0m12:44:46.721339 [debug] [Thread-1 (]: SQL status: DROP TABLE in 0.004 seconds
[0m12:44:46.724309 [debug] [Thread-1 (]: On model.centro_psicologico.dim_diagnostico: Close
[0m12:44:46.726540 [debug] [Thread-1 (]: Sending event: {'category': 'dbt', 'action': 'run_model', 'label': '71cce39a-18bb-4c93-9ccb-b4550f222f96', 'context': [<snowplow_tracker.self_describing_json.SelfDescribingJson object at 0x79fd28505f10>]}
[0m12:44:46.728858 [info ] [Thread-1 (]: 10 of 18 OK created sql table model datamart.dim_diagnostico ................... [[32mSELECT 10[0m in 0.14s]
[0m12:44:46.731017 [debug] [Thread-1 (]: Finished running node model.centro_psicologico.dim_diagnostico
[0m12:44:46.732725 [debug] [Thread-1 (]: Began running node model.centro_psicologico.dim_paciente
[0m12:44:46.734274 [info ] [Thread-1 (]: 11 of 18 SKIP relation datamart.dim_paciente ................................... [[33mSKIP[0m]
[0m12:44:46.736031 [debug] [Thread-1 (]: Finished running node model.centro_psicologico.dim_paciente
[0m12:44:46.737976 [debug] [Thread-1 (]: Began running node model.centro_psicologico.dim_psicologo
[0m12:44:46.739920 [info ] [Thread-1 (]: 12 of 18 START sql table model datamart.dim_psicologo .......................... [RUN]
[0m12:44:46.741955 [debug] [Thread-1 (]: Re-using an available connection from the pool (formerly model.centro_psicologico.dim_diagnostico, now model.centro_psicologico.dim_psicologo)
[0m12:44:46.743685 [debug] [Thread-1 (]: Began compiling node model.centro_psicologico.dim_psicologo
[0m12:44:46.748180 [debug] [Thread-1 (]: Writing injected SQL for node "model.centro_psicologico.dim_psicologo"
[0m12:44:46.764000 [debug] [Thread-1 (]: Began executing node model.centro_psicologico.dim_psicologo
[0m12:44:46.768520 [debug] [Thread-1 (]: Writing runtime sql for node "model.centro_psicologico.dim_psicologo"
[0m12:44:46.784799 [debug] [Thread-1 (]: Using postgres connection "model.centro_psicologico.dim_psicologo"
[0m12:44:46.786286 [debug] [Thread-1 (]: On model.centro_psicologico.dim_psicologo: BEGIN
[0m12:44:46.787540 [debug] [Thread-1 (]: Opening a new connection, currently in state closed
[0m12:44:46.798888 [debug] [Thread-1 (]: SQL status: BEGIN in 0.011 seconds
[0m12:44:46.800600 [debug] [Thread-1 (]: Using postgres connection "model.centro_psicologico.dim_psicologo"
[0m12:44:46.802615 [debug] [Thread-1 (]: On model.centro_psicologico.dim_psicologo: /* {"app": "dbt", "dbt_version": "1.12.0b1", "profile_name": "centro_psicologico", "target_name": "dev", "node_id": "model.centro_psicologico.dim_psicologo"} */

  
    

  create  table "dm_centro_psicologico"."datamart"."dim_psicologo__dbt_tmp"
  
  
    as
  
  (
    select
    psicologo_id,
    dni,
    nombres,
    especialidad,
    cpp,
    modalidad,
    sede_id,
    estado
from "dm_centro_psicologico"."staging"."stg_psicologos"
  );
  
[0m12:44:46.811763 [debug] [Thread-1 (]: SQL status: SELECT 4 in 0.008 seconds
[0m12:44:46.816333 [debug] [Thread-1 (]: Using postgres connection "model.centro_psicologico.dim_psicologo"
[0m12:44:46.817975 [debug] [Thread-1 (]: On model.centro_psicologico.dim_psicologo: /* {"app": "dbt", "dbt_version": "1.12.0b1", "profile_name": "centro_psicologico", "target_name": "dev", "node_id": "model.centro_psicologico.dim_psicologo"} */
alter table "dm_centro_psicologico"."datamart"."dim_psicologo" rename to "dim_psicologo__dbt_backup"
[0m12:44:46.820393 [debug] [Thread-1 (]: SQL status: ALTER TABLE in 0.000 seconds
[0m12:44:46.824545 [debug] [Thread-1 (]: Using postgres connection "model.centro_psicologico.dim_psicologo"
[0m12:44:46.826025 [debug] [Thread-1 (]: On model.centro_psicologico.dim_psicologo: /* {"app": "dbt", "dbt_version": "1.12.0b1", "profile_name": "centro_psicologico", "target_name": "dev", "node_id": "model.centro_psicologico.dim_psicologo"} */
alter table "dm_centro_psicologico"."datamart"."dim_psicologo__dbt_tmp" rename to "dim_psicologo"
[0m12:44:46.827933 [debug] [Thread-1 (]: SQL status: ALTER TABLE in 0.000 seconds
[0m12:44:46.830878 [debug] [Thread-1 (]: On model.centro_psicologico.dim_psicologo: COMMIT
[0m12:44:46.832563 [debug] [Thread-1 (]: Using postgres connection "model.centro_psicologico.dim_psicologo"
[0m12:44:46.834113 [debug] [Thread-1 (]: On model.centro_psicologico.dim_psicologo: COMMIT
[0m12:44:46.838027 [debug] [Thread-1 (]: SQL status: COMMIT in 0.002 seconds
[0m12:44:46.841674 [debug] [Thread-1 (]: Applying DROP to: "dm_centro_psicologico"."datamart"."dim_psicologo__dbt_backup"
[0m12:44:46.843468 [debug] [Thread-1 (]: Using postgres connection "model.centro_psicologico.dim_psicologo"
[0m12:44:46.845028 [debug] [Thread-1 (]: On model.centro_psicologico.dim_psicologo: /* {"app": "dbt", "dbt_version": "1.12.0b1", "profile_name": "centro_psicologico", "target_name": "dev", "node_id": "model.centro_psicologico.dim_psicologo"} */
drop table if exists "dm_centro_psicologico"."datamart"."dim_psicologo__dbt_backup" cascade
[0m12:44:46.849726 [debug] [Thread-1 (]: SQL status: DROP TABLE in 0.003 seconds
[0m12:44:46.852315 [debug] [Thread-1 (]: On model.centro_psicologico.dim_psicologo: Close
[0m12:44:46.854827 [debug] [Thread-1 (]: Sending event: {'category': 'dbt', 'action': 'run_model', 'label': '71cce39a-18bb-4c93-9ccb-b4550f222f96', 'context': [<snowplow_tracker.self_describing_json.SelfDescribingJson object at 0x79fd284ff7d0>]}
[0m12:44:46.856921 [info ] [Thread-1 (]: 12 of 18 OK created sql table model datamart.dim_psicologo ..................... [[32mSELECT 4[0m in 0.11s]
[0m12:44:46.858824 [debug] [Thread-1 (]: Finished running node model.centro_psicologico.dim_psicologo
[0m12:44:46.860464 [debug] [Thread-1 (]: Began running node model.centro_psicologico.dim_sede
[0m12:44:46.862098 [info ] [Thread-1 (]: 13 of 18 SKIP relation datamart.dim_sede ....................................... [[33mSKIP[0m]
[0m12:44:46.863898 [debug] [Thread-1 (]: Finished running node model.centro_psicologico.dim_sede
[0m12:44:46.865849 [debug] [Thread-1 (]: Began running node model.centro_psicologico.dim_servicio
[0m12:44:46.867629 [info ] [Thread-1 (]: 14 of 18 SKIP relation datamart.dim_servicio ................................... [[33mSKIP[0m]
[0m12:44:46.869516 [debug] [Thread-1 (]: Finished running node model.centro_psicologico.dim_servicio
[0m12:44:46.871227 [debug] [Thread-1 (]: Began running node model.centro_psicologico.dim_tiempo
[0m12:44:46.872873 [info ] [Thread-1 (]: 15 of 18 SKIP relation datamart.dim_tiempo ..................................... [[33mSKIP[0m]
[0m12:44:46.874498 [debug] [Thread-1 (]: Finished running node model.centro_psicologico.dim_tiempo
[0m12:44:46.876209 [debug] [Thread-1 (]: Began running node model.centro_psicologico.fact_evaluacion
[0m12:44:46.878009 [info ] [Thread-1 (]: 16 of 18 SKIP relation datamart.fact_evaluacion ................................ [[33mSKIP[0m]
[0m12:44:46.879995 [debug] [Thread-1 (]: Finished running node model.centro_psicologico.fact_evaluacion
[0m12:44:46.881764 [debug] [Thread-1 (]: Began running node model.centro_psicologico.fact_facturacion
[0m12:44:46.883559 [info ] [Thread-1 (]: 17 of 18 SKIP relation datamart.fact_facturacion ............................... [[33mSKIP[0m]
[0m12:44:46.885311 [debug] [Thread-1 (]: Finished running node model.centro_psicologico.fact_facturacion
[0m12:44:46.886914 [debug] [Thread-1 (]: Began running node model.centro_psicologico.fact_sesion
[0m12:44:46.888472 [info ] [Thread-1 (]: 18 of 18 SKIP relation datamart.fact_sesion .................................... [[33mSKIP[0m]
[0m12:44:46.890028 [debug] [Thread-1 (]: Finished running node model.centro_psicologico.fact_sesion
[0m12:44:46.892988 [debug] [MainThread]: Using postgres connection "master"
[0m12:44:46.894823 [debug] [MainThread]: On master: BEGIN
[0m12:44:46.896573 [debug] [MainThread]: Opening a new connection, currently in state closed
[0m12:44:46.908809 [debug] [MainThread]: SQL status: BEGIN in 0.012 seconds
[0m12:44:46.910541 [debug] [MainThread]: On master: COMMIT
[0m12:44:46.912273 [debug] [MainThread]: Using postgres connection "master"
[0m12:44:46.913884 [debug] [MainThread]: On master: COMMIT
[0m12:44:46.916934 [debug] [MainThread]: SQL status: COMMIT in 0.000 seconds
[0m12:44:46.918549 [debug] [MainThread]: On master: Close
[0m12:44:46.920325 [debug] [MainThread]: Connection 'master' was properly closed.
[0m12:44:46.922068 [debug] [MainThread]: Connection 'model.centro_psicologico.dim_psicologo' was properly closed.
[0m12:44:46.924138 [info ] [MainThread]: 
[0m12:44:46.925985 [info ] [MainThread]: Finished running 9 table models, 9 view models in 0 hours 0 minutes and 1.58 seconds (1.58s).
[0m12:44:46.932281 [debug] [MainThread]: Command end result
[0m12:44:47.006059 [debug] [MainThread]: Wrote artifact WritableManifest to /dbt/target/manifest.json
[0m12:44:47.016572 [debug] [MainThread]: Wrote artifact SemanticManifest to /dbt/target/semantic_manifest.json
[0m12:44:47.045909 [debug] [MainThread]: Wrote artifact RunExecutionResult to /dbt/target/run_results.json
[0m12:44:47.048079 [info ] [MainThread]: 
[0m12:44:47.051542 [info ] [MainThread]: [31mCompleted with 7 errors, 0 partial successes, and 0 warnings:[0m
[0m12:44:47.053687 [info ] [MainThread]: 
[0m12:44:47.056953 [error] [MainThread]: [[31mERROR[0m]: in model stg_evaluaciones (models/staging/stg_evaluaciones.sql)
[0m12:44:47.059261 [error] [MainThread]:   Database Error in model stg_evaluaciones (models/staging/stg_evaluaciones.sql)
  cannot cast type integer to date
  LINE 15:     fecha_evaluacion::date          as fecha_evaluacion
                               ^
  compiled code at target/run/centro_psicologico/models/staging/stg_evaluaciones.sql
[0m12:44:47.061227 [info ] [MainThread]: 
[0m12:44:47.063696 [info ] [MainThread]:   compiled code at target/compiled/centro_psicologico/models/staging/stg_evaluaciones.sql
[0m12:44:47.065744 [info ] [MainThread]: 
[0m12:44:47.067723 [error] [MainThread]: [[31mERROR[0m]: in model stg_historia_clinica (models/staging/stg_historia_clinica.sql)
[0m12:44:47.069723 [error] [MainThread]:   Database Error in model stg_historia_clinica (models/staging/stg_historia_clinica.sql)
  cannot cast type integer to date
  LINE 12:     fecha_apertura::date      as fecha_apertura,
                             ^
  compiled code at target/run/centro_psicologico/models/staging/stg_historia_clinica.sql
[0m12:44:47.072433 [info ] [MainThread]: 
[0m12:44:47.075607 [info ] [MainThread]:   compiled code at target/compiled/centro_psicologico/models/staging/stg_historia_clinica.sql
[0m12:44:47.078368 [info ] [MainThread]: 
[0m12:44:47.080710 [error] [MainThread]: [[31mERROR[0m]: in model stg_pacientes (models/staging/stg_pacientes.sql)
[0m12:44:47.082913 [error] [MainThread]:   Database Error in model stg_pacientes (models/staging/stg_pacientes.sql)
  cannot cast type integer to date
  LINE 14:     fecha_nacimiento::date    as fecha_nacimiento,
                               ^
  compiled code at target/run/centro_psicologico/models/staging/stg_pacientes.sql
[0m12:44:47.084859 [info ] [MainThread]: 
[0m12:44:47.086875 [info ] [MainThread]:   compiled code at target/compiled/centro_psicologico/models/staging/stg_pacientes.sql
[0m12:44:47.089558 [info ] [MainThread]: 
[0m12:44:47.092450 [error] [MainThread]: [[31mERROR[0m]: in model stg_pagos (models/staging/stg_pagos.sql)
[0m12:44:47.095212 [error] [MainThread]:   Database Error in model stg_pagos (models/staging/stg_pagos.sql)
  cannot cast type integer to date
  LINE 10:     fecha_pago::date                as fecha_pago,
                         ^
  compiled code at target/run/centro_psicologico/models/staging/stg_pagos.sql
[0m12:44:47.096944 [info ] [MainThread]: 
[0m12:44:47.098826 [info ] [MainThread]:   compiled code at target/compiled/centro_psicologico/models/staging/stg_pagos.sql
[0m12:44:47.100595 [info ] [MainThread]: 
[0m12:44:47.102698 [error] [MainThread]: [[31mERROR[0m]: in model stg_planes (models/staging/stg_planes.sql)
[0m12:44:47.105153 [error] [MainThread]:   Database Error in model stg_planes (models/staging/stg_planes.sql)
  cannot cast type integer to date
  LINE 13:     fecha_inicio::date              as fecha_inicio,
                           ^
  compiled code at target/run/centro_psicologico/models/staging/stg_planes.sql
[0m12:44:47.107059 [info ] [MainThread]: 
[0m12:44:47.109557 [info ] [MainThread]:   compiled code at target/compiled/centro_psicologico/models/staging/stg_planes.sql
[0m12:44:47.111245 [info ] [MainThread]: 
[0m12:44:47.112859 [error] [MainThread]: [[31mERROR[0m]: in model stg_sedes (models/staging/stg_sedes.sql)
[0m12:44:47.114555 [error] [MainThread]:   Database Error in model stg_sedes (models/staging/stg_sedes.sql)
  cannot cast type smallint to boolean
  LINE 11:     tiene_online::boolean    as tiene_online,
                           ^
  compiled code at target/run/centro_psicologico/models/staging/stg_sedes.sql
[0m12:44:47.116047 [info ] [MainThread]: 
[0m12:44:47.117813 [info ] [MainThread]:   compiled code at target/compiled/centro_psicologico/models/staging/stg_sedes.sql
[0m12:44:47.119827 [info ] [MainThread]: 
[0m12:44:47.123515 [error] [MainThread]: [[31mERROR[0m]: in model stg_sesiones (models/staging/stg_sesiones.sql)
[0m12:44:47.126230 [error] [MainThread]:   Database Error in model stg_sesiones (models/staging/stg_sesiones.sql)
  cannot cast type integer to date
  LINE 11:     fecha_sesion::date              as fecha_sesion,
                           ^
  compiled code at target/run/centro_psicologico/models/staging/stg_sesiones.sql
[0m12:44:47.128898 [info ] [MainThread]: 
[0m12:44:47.130679 [info ] [MainThread]:   compiled code at target/compiled/centro_psicologico/models/staging/stg_sesiones.sql
[0m12:44:47.132481 [info ] [MainThread]: 
[0m12:44:47.134498 [info ] [MainThread]: Done. PASS=4 WARN=0 ERROR=7 SKIP=7 NO-OP=0 TOTAL=18
[0m12:44:47.138408 [debug] [MainThread]: Resource report: {"command_name": "run", "command_success": false, "command_wall_clock_time": 3.7427301, "process_in_blocks": "0", "process_kernel_time": 1.113444, "process_mem_max_rss": "132048", "process_out_blocks": "0", "process_user_time": 4.706612}
[0m12:44:47.141389 [debug] [MainThread]: Command `dbt run` failed at 12:44:47.141047 after 3.75 seconds
[0m12:44:47.143754 [debug] [MainThread]: Sending event: {'category': 'dbt', 'action': 'invocation', 'label': 'end', 'context': [<snowplow_tracker.self_describing_json.SelfDescribingJson object at 0x79fd2d559610>, <snowplow_tracker.self_describing_json.SelfDescribingJson object at 0x79fd2d420650>, <snowplow_tracker.self_describing_json.SelfDescribingJson object at 0x79fd29f463d0>]}
[0m12:44:47.145719 [debug] [MainThread]: Flushing usage events
[0m12:44:48.026246 [debug] [MainThread]: An error was encountered while trying to flush usage events
[0m12:50:03.591230 [debug] [MainThread]: Sending event: {'category': 'dbt', 'action': 'invocation', 'label': 'start', 'context': [<snowplow_tracker.self_describing_json.SelfDescribingJson object at 0x75e65ada3250>, <snowplow_tracker.self_describing_json.SelfDescribingJson object at 0x75e65cc09ad0>, <snowplow_tracker.self_describing_json.SelfDescribingJson object at 0x75e659ddc650>]}


============================== 12:50:03.600341 | 6aaad701-c67c-4d0e-be62-7bf695a1a42e ==============================
[0m12:50:03.600341 [info ] [MainThread]: Running with dbt=1.12.0-b1
[0m12:50:03.603378 [debug] [MainThread]: running dbt with arguments {'cache_selected_only': 'False', 'use_experimental_parser': 'False', 'debug': 'False', 'warn_error_options': 'WarnErrorOptionsV2(error=[], warn=[], silence=[])', 'use_colors': 'True', 'log_format': 'default', 'invocation_command': 'dbt run --profiles-dir /dbt --project-dir /dbt', 'log_path': '/dbt/logs', 'indirect_selection': 'eager', 'static_parser': 'True', 'target_path': 'None', 'send_anonymous_usage_stats': 'True', 'no_print': 'None', 'write_json': 'True', 'warn_error': 'None', 'version_check': 'True', 'printer_width': '80', 'quiet': 'False', 'fail_fast': 'False', 'log_cache_events': 'False', 'empty': 'False', 'partial_parse': 'True', 'profiles_dir': '/dbt', 'introspect': 'True'}
[0m12:50:04.260661 [debug] [MainThread]: Sending event: {'category': 'dbt', 'action': 'project_id', 'label': '6aaad701-c67c-4d0e-be62-7bf695a1a42e', 'context': [<snowplow_tracker.self_describing_json.SelfDescribingJson object at 0x75e659137350>]}
[0m12:50:04.339227 [debug] [MainThread]: Sending event: {'category': 'dbt', 'action': 'adapter_info', 'label': '6aaad701-c67c-4d0e-be62-7bf695a1a42e', 'context': [<snowplow_tracker.self_describing_json.SelfDescribingJson object at 0x75e65cc2c390>]}
[0m12:50:04.342119 [info ] [MainThread]: Registered adapter: postgres=1.8.2
[0m12:50:05.049378 [debug] [MainThread]: checksum: 1a7660dd75a24e23ad8c25eccbd441ee29cfe6a52c305ba0de52fcc42234c020, vars: {}, profile: centro_psicologico, target: dev, version: 1.12.0b1
[0m12:50:05.820618 [debug] [MainThread]: Partial parsing enabled: 0 files deleted, 0 files added, 7 files changed.
[0m12:50:05.822859 [debug] [MainThread]: Partial parsing: updated file: centro_psicologico://models/staging/stg_planes.sql
[0m12:50:05.824781 [debug] [MainThread]: Partial parsing: updated file: centro_psicologico://models/staging/stg_historia_clinica.sql
[0m12:50:05.826597 [debug] [MainThread]: Partial parsing: updated file: centro_psicologico://models/staging/stg_sedes.sql
[0m12:50:05.829353 [debug] [MainThread]: Partial parsing: updated file: centro_psicologico://models/staging/stg_pagos.sql
[0m12:50:05.831366 [debug] [MainThread]: Partial parsing: updated file: centro_psicologico://models/staging/stg_sesiones.sql
[0m12:50:05.833122 [debug] [MainThread]: Partial parsing: updated file: centro_psicologico://models/staging/stg_evaluaciones.sql
[0m12:50:05.835657 [debug] [MainThread]: Partial parsing: updated file: centro_psicologico://models/staging/stg_pacientes.sql
[0m12:50:06.279993 [debug] [MainThread]: Sending event: {'category': 'dbt', 'action': 'load_project', 'label': '6aaad701-c67c-4d0e-be62-7bf695a1a42e', 'context': [<snowplow_tracker.self_describing_json.SelfDescribingJson object at 0x75e6590dd290>]}
[0m12:50:06.416803 [debug] [MainThread]: Wrote artifact WritableManifest to /dbt/target/manifest.json
[0m12:50:06.429964 [debug] [MainThread]: Wrote artifact SemanticManifest to /dbt/target/semantic_manifest.json
[0m12:50:06.465936 [debug] [MainThread]: Sending event: {'category': 'dbt', 'action': 'resource_counts', 'label': '6aaad701-c67c-4d0e-be62-7bf695a1a42e', 'context': [<snowplow_tracker.self_describing_json.SelfDescribingJson object at 0x75e659b85990>]}
[0m12:50:06.468162 [info ] [MainThread]: Found 18 models, 9 sources, 474 macros
[0m12:50:06.469882 [debug] [MainThread]: Sending event: {'category': 'dbt', 'action': 'runnable_timing', 'label': '6aaad701-c67c-4d0e-be62-7bf695a1a42e', 'context': [<snowplow_tracker.self_describing_json.SelfDescribingJson object at 0x75e6599ba350>]}
[0m12:50:06.473905 [info ] [MainThread]: 
[0m12:50:06.475698 [info ] [MainThread]: Concurrency: 1 threads (target='dev')
[0m12:50:06.477678 [info ] [MainThread]: 
[0m12:50:06.479774 [debug] [MainThread]: Acquiring new postgres connection 'master'
[0m12:50:06.486841 [debug] [ThreadPool]: Acquiring new postgres connection 'list_dm_centro_psicologico'
[0m12:50:06.581085 [debug] [ThreadPool]: Using postgres connection "list_dm_centro_psicologico"
[0m12:50:06.582767 [debug] [ThreadPool]: On list_dm_centro_psicologico: /* {"app": "dbt", "dbt_version": "1.12.0b1", "profile_name": "centro_psicologico", "target_name": "dev", "connection_name": "list_dm_centro_psicologico"} */

    select distinct nspname from pg_namespace
  
[0m12:50:06.584329 [debug] [ThreadPool]: Opening a new connection, currently in state init
[0m12:50:06.601325 [debug] [ThreadPool]: SQL status: SELECT 7 in 0.017 seconds
[0m12:50:06.603906 [debug] [ThreadPool]: On list_dm_centro_psicologico: Close
[0m12:50:06.607959 [debug] [ThreadPool]: Using postgres connection "list_dm_centro_psicologico"
[0m12:50:06.609672 [debug] [ThreadPool]: On list_dm_centro_psicologico: /* {"app": "dbt", "dbt_version": "1.12.0b1", "profile_name": "centro_psicologico", "target_name": "dev", "connection_name": "list_dm_centro_psicologico"} */

    select distinct nspname from pg_namespace
  
[0m12:50:06.611238 [debug] [ThreadPool]: Opening a new connection, currently in state closed
[0m12:50:06.624726 [debug] [ThreadPool]: SQL status: SELECT 7 in 0.013 seconds
[0m12:50:06.627256 [debug] [ThreadPool]: On list_dm_centro_psicologico: Close
[0m12:50:06.631450 [debug] [ThreadPool]: Re-using an available connection from the pool (formerly list_dm_centro_psicologico, now list_dm_centro_psicologico_staging)
[0m12:50:06.638712 [debug] [ThreadPool]: Using postgres connection "list_dm_centro_psicologico_staging"
[0m12:50:06.640533 [debug] [ThreadPool]: On list_dm_centro_psicologico_staging: BEGIN
[0m12:50:06.642069 [debug] [ThreadPool]: Opening a new connection, currently in state closed
[0m12:50:06.653854 [debug] [ThreadPool]: SQL status: BEGIN in 0.012 seconds
[0m12:50:06.655560 [debug] [ThreadPool]: Using postgres connection "list_dm_centro_psicologico_staging"
[0m12:50:06.657176 [debug] [ThreadPool]: On list_dm_centro_psicologico_staging: /* {"app": "dbt", "dbt_version": "1.12.0b1", "profile_name": "centro_psicologico", "target_name": "dev", "connection_name": "list_dm_centro_psicologico_staging"} */
select
      'dm_centro_psicologico' as database,
      tablename as name,
      schemaname as schema,
      'table' as type
    from pg_tables
    where schemaname ilike 'staging'
    union all
    select
      'dm_centro_psicologico' as database,
      viewname as name,
      schemaname as schema,
      'view' as type
    from pg_views
    where schemaname ilike 'staging'
    union all
    select
      'dm_centro_psicologico' as database,
      matviewname as name,
      schemaname as schema,
      'materialized_view' as type
    from pg_matviews
    where schemaname ilike 'staging'
  
[0m12:50:06.661877 [debug] [ThreadPool]: SQL status: SELECT 9 in 0.003 seconds
[0m12:50:06.664626 [debug] [ThreadPool]: On list_dm_centro_psicologico_staging: ROLLBACK
[0m12:50:06.666698 [debug] [ThreadPool]: On list_dm_centro_psicologico_staging: Close
[0m12:50:06.668647 [debug] [ThreadPool]: Re-using an available connection from the pool (formerly list_dm_centro_psicologico_staging, now list_dm_centro_psicologico_datamart)
[0m12:50:06.673352 [debug] [ThreadPool]: Using postgres connection "list_dm_centro_psicologico_datamart"
[0m12:50:06.675174 [debug] [ThreadPool]: On list_dm_centro_psicologico_datamart: BEGIN
[0m12:50:06.677098 [debug] [ThreadPool]: Opening a new connection, currently in state closed
[0m12:50:06.689680 [debug] [ThreadPool]: SQL status: BEGIN in 0.013 seconds
[0m12:50:06.691444 [debug] [ThreadPool]: Using postgres connection "list_dm_centro_psicologico_datamart"
[0m12:50:06.693077 [debug] [ThreadPool]: On list_dm_centro_psicologico_datamart: /* {"app": "dbt", "dbt_version": "1.12.0b1", "profile_name": "centro_psicologico", "target_name": "dev", "connection_name": "list_dm_centro_psicologico_datamart"} */
select
      'dm_centro_psicologico' as database,
      tablename as name,
      schemaname as schema,
      'table' as type
    from pg_tables
    where schemaname ilike 'datamart'
    union all
    select
      'dm_centro_psicologico' as database,
      viewname as name,
      schemaname as schema,
      'view' as type
    from pg_views
    where schemaname ilike 'datamart'
    union all
    select
      'dm_centro_psicologico' as database,
      matviewname as name,
      schemaname as schema,
      'materialized_view' as type
    from pg_matviews
    where schemaname ilike 'datamart'
  
[0m12:50:06.697550 [debug] [ThreadPool]: SQL status: SELECT 9 in 0.003 seconds
[0m12:50:06.700099 [debug] [ThreadPool]: On list_dm_centro_psicologico_datamart: ROLLBACK
[0m12:50:06.701889 [debug] [ThreadPool]: On list_dm_centro_psicologico_datamart: Close
[0m12:50:06.709695 [debug] [MainThread]: Using postgres connection "master"
[0m12:50:06.711443 [debug] [MainThread]: On master: BEGIN
[0m12:50:06.713100 [debug] [MainThread]: Opening a new connection, currently in state init
[0m12:50:06.725877 [debug] [MainThread]: SQL status: BEGIN in 0.013 seconds
[0m12:50:06.727633 [debug] [MainThread]: Using postgres connection "master"
[0m12:50:06.729178 [debug] [MainThread]: On master: /* {"app": "dbt", "dbt_version": "1.12.0b1", "profile_name": "centro_psicologico", "target_name": "dev", "connection_name": "master"} */
with relation as (
        select
            pg_rewrite.ev_class as class,
            pg_rewrite.oid as id
        from pg_rewrite
    ),
    class as (
        select
            oid as id,
            relname as name,
            relnamespace as schema,
            relkind as kind
        from pg_class
    ),
    dependency as (
        select distinct
            pg_depend.objid as id,
            pg_depend.refobjid as ref
        from pg_depend
    ),
    schema as (
        select
            pg_namespace.oid as id,
            pg_namespace.nspname as name
        from pg_namespace
        where nspname != 'information_schema' and nspname not like 'pg\_%'
    ),
    referenced as (
        select
            relation.id AS id,
            referenced_class.name ,
            referenced_class.schema ,
            referenced_class.kind
        from relation
        join class as referenced_class on relation.class=referenced_class.id
        where referenced_class.kind in ('r', 'v', 'm')
    ),
    relationships as (
        select
            referenced.name as referenced_name,
            referenced.schema as referenced_schema_id,
            dependent_class.name as dependent_name,
            dependent_class.schema as dependent_schema_id,
            referenced.kind as kind
        from referenced
        join dependency on referenced.id=dependency.id
        join class as dependent_class on dependency.ref=dependent_class.id
        where
            (referenced.name != dependent_class.name or
             referenced.schema != dependent_class.schema)
    )

    select
        referenced_schema.name as referenced_schema,
        relationships.referenced_name as referenced_name,
        dependent_schema.name as dependent_schema,
        relationships.dependent_name as dependent_name
    from relationships
    join schema as dependent_schema on relationships.dependent_schema_id=dependent_schema.id
    join schema as referenced_schema on relationships.referenced_schema_id=referenced_schema.id
    group by referenced_schema, referenced_name, dependent_schema, dependent_name
    order by referenced_schema, referenced_name, dependent_schema, dependent_name;
[0m12:50:06.738857 [debug] [MainThread]: SQL status: SELECT 9 in 0.008 seconds
[0m12:50:06.741442 [debug] [MainThread]: Sending event: {'category': 'dbt', 'action': 'runnable_timing', 'label': '6aaad701-c67c-4d0e-be62-7bf695a1a42e', 'context': [<snowplow_tracker.self_describing_json.SelfDescribingJson object at 0x75e655592150>]}
[0m12:50:06.743147 [debug] [MainThread]: On master: ROLLBACK
[0m12:50:06.745057 [debug] [MainThread]: Using postgres connection "master"
[0m12:50:06.747060 [debug] [MainThread]: On master: BEGIN
[0m12:50:06.749433 [debug] [MainThread]: SQL status: BEGIN in 0.001 seconds
[0m12:50:06.751218 [debug] [MainThread]: On master: COMMIT
[0m12:50:06.753136 [debug] [MainThread]: Using postgres connection "master"
[0m12:50:06.754754 [debug] [MainThread]: On master: COMMIT
[0m12:50:06.756728 [debug] [MainThread]: SQL status: COMMIT in 0.000 seconds
[0m12:50:06.758469 [debug] [MainThread]: On master: Close
[0m12:50:06.765364 [debug] [Thread-1 (]: Began running node model.centro_psicologico.stg_diagnosticos
[0m12:50:06.767846 [info ] [Thread-1 (]: 1 of 18 START sql view model staging.stg_diagnosticos .......................... [RUN]
[0m12:50:06.769966 [debug] [Thread-1 (]: Re-using an available connection from the pool (formerly list_dm_centro_psicologico_datamart, now model.centro_psicologico.stg_diagnosticos)
[0m12:50:06.771944 [debug] [Thread-1 (]: Began compiling node model.centro_psicologico.stg_diagnosticos
[0m12:50:06.782972 [debug] [Thread-1 (]: Writing injected SQL for node "model.centro_psicologico.stg_diagnosticos"
[0m12:50:06.799910 [debug] [Thread-1 (]: Began executing node model.centro_psicologico.stg_diagnosticos
[0m12:50:06.834116 [debug] [Thread-1 (]: Writing runtime sql for node "model.centro_psicologico.stg_diagnosticos"
[0m12:50:06.850279 [debug] [Thread-1 (]: Using postgres connection "model.centro_psicologico.stg_diagnosticos"
[0m12:50:06.851809 [debug] [Thread-1 (]: On model.centro_psicologico.stg_diagnosticos: BEGIN
[0m12:50:06.853240 [debug] [Thread-1 (]: Opening a new connection, currently in state closed
[0m12:50:06.866209 [debug] [Thread-1 (]: SQL status: BEGIN in 0.013 seconds
[0m12:50:06.867932 [debug] [Thread-1 (]: Using postgres connection "model.centro_psicologico.stg_diagnosticos"
[0m12:50:06.869650 [debug] [Thread-1 (]: On model.centro_psicologico.stg_diagnosticos: /* {"app": "dbt", "dbt_version": "1.12.0b1", "profile_name": "centro_psicologico", "target_name": "dev", "node_id": "model.centro_psicologico.stg_diagnosticos"} */

  create view "dm_centro_psicologico"."staging"."stg_diagnosticos__dbt_tmp"
    
    
  as (
    select
    diagnostico_id,
    sesion_id,
    codigo_cie10,
    descripcion_cie10,
    diagnostico_clinico
from "dm_centro_psicologico"."raw"."diagnosticos"
where codigo_cie10 is not null
  );
[0m12:50:06.886284 [debug] [Thread-1 (]: SQL status: CREATE VIEW in 0.015 seconds
[0m12:50:06.894107 [debug] [Thread-1 (]: Using postgres connection "model.centro_psicologico.stg_diagnosticos"
[0m12:50:06.895778 [debug] [Thread-1 (]: On model.centro_psicologico.stg_diagnosticos: /* {"app": "dbt", "dbt_version": "1.12.0b1", "profile_name": "centro_psicologico", "target_name": "dev", "node_id": "model.centro_psicologico.stg_diagnosticos"} */
alter table "dm_centro_psicologico"."staging"."stg_diagnosticos" rename to "stg_diagnosticos__dbt_backup"
[0m12:50:06.898241 [debug] [Thread-1 (]: SQL status: ALTER TABLE in 0.001 seconds
[0m12:50:06.902480 [debug] [Thread-1 (]: Using postgres connection "model.centro_psicologico.stg_diagnosticos"
[0m12:50:06.903994 [debug] [Thread-1 (]: On model.centro_psicologico.stg_diagnosticos: /* {"app": "dbt", "dbt_version": "1.12.0b1", "profile_name": "centro_psicologico", "target_name": "dev", "node_id": "model.centro_psicologico.stg_diagnosticos"} */
alter table "dm_centro_psicologico"."staging"."stg_diagnosticos__dbt_tmp" rename to "stg_diagnosticos"
[0m12:50:06.905737 [debug] [Thread-1 (]: SQL status: ALTER TABLE in 0.000 seconds
[0m12:50:06.924335 [debug] [Thread-1 (]: On model.centro_psicologico.stg_diagnosticos: COMMIT
[0m12:50:06.926246 [debug] [Thread-1 (]: Using postgres connection "model.centro_psicologico.stg_diagnosticos"
[0m12:50:06.927989 [debug] [Thread-1 (]: On model.centro_psicologico.stg_diagnosticos: COMMIT
[0m12:50:06.931640 [debug] [Thread-1 (]: SQL status: COMMIT in 0.002 seconds
[0m12:50:06.939320 [debug] [Thread-1 (]: Applying DROP to: "dm_centro_psicologico"."staging"."stg_diagnosticos__dbt_backup"
[0m12:50:06.947460 [debug] [Thread-1 (]: Using postgres connection "model.centro_psicologico.stg_diagnosticos"
[0m12:50:06.949268 [debug] [Thread-1 (]: On model.centro_psicologico.stg_diagnosticos: /* {"app": "dbt", "dbt_version": "1.12.0b1", "profile_name": "centro_psicologico", "target_name": "dev", "node_id": "model.centro_psicologico.stg_diagnosticos"} */
drop view if exists "dm_centro_psicologico"."staging"."stg_diagnosticos__dbt_backup" cascade
[0m12:50:06.955075 [debug] [Thread-1 (]: SQL status: DROP VIEW in 0.004 seconds
[0m12:50:06.959075 [debug] [Thread-1 (]: On model.centro_psicologico.stg_diagnosticos: Close
[0m12:50:06.963111 [debug] [Thread-1 (]: Sending event: {'category': 'dbt', 'action': 'run_model', 'label': '6aaad701-c67c-4d0e-be62-7bf695a1a42e', 'context': [<snowplow_tracker.self_describing_json.SelfDescribingJson object at 0x75e6555e2e90>]}
[0m12:50:06.965322 [info ] [Thread-1 (]: 1 of 18 OK created sql view model staging.stg_diagnosticos ..................... [[32mCREATE VIEW[0m in 0.19s]
[0m12:50:06.967496 [debug] [Thread-1 (]: Finished running node model.centro_psicologico.stg_diagnosticos
[0m12:50:06.969116 [debug] [Thread-1 (]: Began running node model.centro_psicologico.stg_evaluaciones
[0m12:50:06.970785 [info ] [Thread-1 (]: 2 of 18 START sql view model staging.stg_evaluaciones .......................... [RUN]
[0m12:50:06.973762 [debug] [Thread-1 (]: Re-using an available connection from the pool (formerly model.centro_psicologico.stg_diagnosticos, now model.centro_psicologico.stg_evaluaciones)
[0m12:50:06.975791 [debug] [Thread-1 (]: Began compiling node model.centro_psicologico.stg_evaluaciones
[0m12:50:06.981246 [debug] [Thread-1 (]: Writing injected SQL for node "model.centro_psicologico.stg_evaluaciones"
[0m12:50:06.998836 [debug] [Thread-1 (]: Began executing node model.centro_psicologico.stg_evaluaciones
[0m12:50:07.003294 [debug] [Thread-1 (]: Writing runtime sql for node "model.centro_psicologico.stg_evaluaciones"
[0m12:50:07.018786 [debug] [Thread-1 (]: Using postgres connection "model.centro_psicologico.stg_evaluaciones"
[0m12:50:07.020154 [debug] [Thread-1 (]: On model.centro_psicologico.stg_evaluaciones: BEGIN
[0m12:50:07.021451 [debug] [Thread-1 (]: Opening a new connection, currently in state closed
[0m12:50:07.035073 [debug] [Thread-1 (]: SQL status: BEGIN in 0.013 seconds
[0m12:50:07.037414 [debug] [Thread-1 (]: Using postgres connection "model.centro_psicologico.stg_evaluaciones"
[0m12:50:07.039543 [debug] [Thread-1 (]: On model.centro_psicologico.stg_evaluaciones: /* {"app": "dbt", "dbt_version": "1.12.0b1", "profile_name": "centro_psicologico", "target_name": "dev", "node_id": "model.centro_psicologico.stg_evaluaciones"} */

  create view "dm_centro_psicologico"."staging"."stg_evaluaciones__dbt_tmp"
    
    
  as (
    select
    evaluacion_id,
    sesion_id,
    metodos_aplicados,
    resultados,
    coalesce(puntaje_cdi,  0)       as puntaje_cdi,
    coalesce(puntaje_stai, 0)       as puntaje_stai,
    observaciones,
    (DATE '1970-01-01' + fecha_evaluacion) as fecha_evaluacion
from "dm_centro_psicologico"."raw"."evaluacion_psicologica"
  );
[0m12:50:07.051093 [debug] [Thread-1 (]: SQL status: CREATE VIEW in 0.010 seconds
[0m12:50:07.056019 [debug] [Thread-1 (]: Using postgres connection "model.centro_psicologico.stg_evaluaciones"
[0m12:50:07.057863 [debug] [Thread-1 (]: On model.centro_psicologico.stg_evaluaciones: /* {"app": "dbt", "dbt_version": "1.12.0b1", "profile_name": "centro_psicologico", "target_name": "dev", "node_id": "model.centro_psicologico.stg_evaluaciones"} */
alter table "dm_centro_psicologico"."staging"."stg_evaluaciones" rename to "stg_evaluaciones__dbt_backup"
[0m12:50:07.061889 [debug] [Thread-1 (]: SQL status: ALTER TABLE in 0.002 seconds
[0m12:50:07.067189 [debug] [Thread-1 (]: Using postgres connection "model.centro_psicologico.stg_evaluaciones"
[0m12:50:07.069452 [debug] [Thread-1 (]: On model.centro_psicologico.stg_evaluaciones: /* {"app": "dbt", "dbt_version": "1.12.0b1", "profile_name": "centro_psicologico", "target_name": "dev", "node_id": "model.centro_psicologico.stg_evaluaciones"} */
alter table "dm_centro_psicologico"."staging"."stg_evaluaciones__dbt_tmp" rename to "stg_evaluaciones"
[0m12:50:07.072228 [debug] [Thread-1 (]: SQL status: ALTER TABLE in 0.001 seconds
[0m12:50:07.074771 [debug] [Thread-1 (]: On model.centro_psicologico.stg_evaluaciones: COMMIT
[0m12:50:07.076303 [debug] [Thread-1 (]: Using postgres connection "model.centro_psicologico.stg_evaluaciones"
[0m12:50:07.077869 [debug] [Thread-1 (]: On model.centro_psicologico.stg_evaluaciones: COMMIT
[0m12:50:07.082459 [debug] [Thread-1 (]: SQL status: COMMIT in 0.003 seconds
[0m12:50:07.087202 [debug] [Thread-1 (]: Applying DROP to: "dm_centro_psicologico"."staging"."stg_evaluaciones__dbt_backup"
[0m12:50:07.089641 [debug] [Thread-1 (]: Using postgres connection "model.centro_psicologico.stg_evaluaciones"
[0m12:50:07.091824 [debug] [Thread-1 (]: On model.centro_psicologico.stg_evaluaciones: /* {"app": "dbt", "dbt_version": "1.12.0b1", "profile_name": "centro_psicologico", "target_name": "dev", "node_id": "model.centro_psicologico.stg_evaluaciones"} */
drop view if exists "dm_centro_psicologico"."staging"."stg_evaluaciones__dbt_backup" cascade
[0m12:50:07.101613 [debug] [Thread-1 (]: SQL status: DROP VIEW in 0.007 seconds
[0m12:50:07.106646 [debug] [Thread-1 (]: On model.centro_psicologico.stg_evaluaciones: Close
[0m12:50:07.109397 [debug] [Thread-1 (]: Sending event: {'category': 'dbt', 'action': 'run_model', 'label': '6aaad701-c67c-4d0e-be62-7bf695a1a42e', 'context': [<snowplow_tracker.self_describing_json.SelfDescribingJson object at 0x75e65914b7d0>]}
[0m12:50:07.112667 [info ] [Thread-1 (]: 2 of 18 OK created sql view model staging.stg_evaluaciones ..................... [[32mCREATE VIEW[0m in 0.14s]
[0m12:50:07.122013 [debug] [Thread-1 (]: Finished running node model.centro_psicologico.stg_evaluaciones
[0m12:50:07.124329 [debug] [Thread-1 (]: Began running node model.centro_psicologico.stg_historia_clinica
[0m12:50:07.126705 [info ] [Thread-1 (]: 3 of 18 START sql view model staging.stg_historia_clinica ...................... [RUN]
[0m12:50:07.131362 [debug] [Thread-1 (]: Re-using an available connection from the pool (formerly model.centro_psicologico.stg_evaluaciones, now model.centro_psicologico.stg_historia_clinica)
[0m12:50:07.134344 [debug] [Thread-1 (]: Began compiling node model.centro_psicologico.stg_historia_clinica
[0m12:50:07.141512 [debug] [Thread-1 (]: Writing injected SQL for node "model.centro_psicologico.stg_historia_clinica"
[0m12:50:07.162312 [debug] [Thread-1 (]: Began executing node model.centro_psicologico.stg_historia_clinica
[0m12:50:07.172653 [debug] [Thread-1 (]: Writing runtime sql for node "model.centro_psicologico.stg_historia_clinica"
[0m12:50:07.188305 [debug] [Thread-1 (]: Using postgres connection "model.centro_psicologico.stg_historia_clinica"
[0m12:50:07.189717 [debug] [Thread-1 (]: On model.centro_psicologico.stg_historia_clinica: BEGIN
[0m12:50:07.190953 [debug] [Thread-1 (]: Opening a new connection, currently in state closed
[0m12:50:07.203485 [debug] [Thread-1 (]: SQL status: BEGIN in 0.012 seconds
[0m12:50:07.205274 [debug] [Thread-1 (]: Using postgres connection "model.centro_psicologico.stg_historia_clinica"
[0m12:50:07.206676 [debug] [Thread-1 (]: On model.centro_psicologico.stg_historia_clinica: /* {"app": "dbt", "dbt_version": "1.12.0b1", "profile_name": "centro_psicologico", "target_name": "dev", "node_id": "model.centro_psicologico.stg_historia_clinica"} */

  create view "dm_centro_psicologico"."staging"."stg_historia_clinica__dbt_tmp"
    
    
  as (
    select
    historia_id,
    paciente_id,
    codigo_historia,
    tipo_historial,
    (DATE '1970-01-01' + fecha_apertura) as fecha_apertura,
    estado_historia
from "dm_centro_psicologico"."raw"."historia_clinica"
  );
[0m12:50:07.219970 [debug] [Thread-1 (]: SQL status: CREATE VIEW in 0.012 seconds
[0m12:50:07.223774 [debug] [Thread-1 (]: Using postgres connection "model.centro_psicologico.stg_historia_clinica"
[0m12:50:07.225058 [debug] [Thread-1 (]: On model.centro_psicologico.stg_historia_clinica: /* {"app": "dbt", "dbt_version": "1.12.0b1", "profile_name": "centro_psicologico", "target_name": "dev", "node_id": "model.centro_psicologico.stg_historia_clinica"} */
alter table "dm_centro_psicologico"."staging"."stg_historia_clinica" rename to "stg_historia_clinica__dbt_backup"
[0m12:50:07.233416 [debug] [Thread-1 (]: SQL status: ALTER TABLE in 0.007 seconds
[0m12:50:07.237516 [debug] [Thread-1 (]: Using postgres connection "model.centro_psicologico.stg_historia_clinica"
[0m12:50:07.239045 [debug] [Thread-1 (]: On model.centro_psicologico.stg_historia_clinica: /* {"app": "dbt", "dbt_version": "1.12.0b1", "profile_name": "centro_psicologico", "target_name": "dev", "node_id": "model.centro_psicologico.stg_historia_clinica"} */
alter table "dm_centro_psicologico"."staging"."stg_historia_clinica__dbt_tmp" rename to "stg_historia_clinica"
[0m12:50:07.240682 [debug] [Thread-1 (]: SQL status: ALTER TABLE in 0.000 seconds
[0m12:50:07.242779 [debug] [Thread-1 (]: On model.centro_psicologico.stg_historia_clinica: COMMIT
[0m12:50:07.244301 [debug] [Thread-1 (]: Using postgres connection "model.centro_psicologico.stg_historia_clinica"
[0m12:50:07.245628 [debug] [Thread-1 (]: On model.centro_psicologico.stg_historia_clinica: COMMIT
[0m12:50:07.250877 [debug] [Thread-1 (]: SQL status: COMMIT in 0.004 seconds
[0m12:50:07.254729 [debug] [Thread-1 (]: Applying DROP to: "dm_centro_psicologico"."staging"."stg_historia_clinica__dbt_backup"
[0m12:50:07.256482 [debug] [Thread-1 (]: Using postgres connection "model.centro_psicologico.stg_historia_clinica"
[0m12:50:07.258052 [debug] [Thread-1 (]: On model.centro_psicologico.stg_historia_clinica: /* {"app": "dbt", "dbt_version": "1.12.0b1", "profile_name": "centro_psicologico", "target_name": "dev", "node_id": "model.centro_psicologico.stg_historia_clinica"} */
drop view if exists "dm_centro_psicologico"."staging"."stg_historia_clinica__dbt_backup" cascade
[0m12:50:07.263571 [debug] [Thread-1 (]: SQL status: DROP VIEW in 0.004 seconds
[0m12:50:07.266398 [debug] [Thread-1 (]: On model.centro_psicologico.stg_historia_clinica: Close
[0m12:50:07.268375 [debug] [Thread-1 (]: Sending event: {'category': 'dbt', 'action': 'run_model', 'label': '6aaad701-c67c-4d0e-be62-7bf695a1a42e', 'context': [<snowplow_tracker.self_describing_json.SelfDescribingJson object at 0x75e6555e78d0>]}
[0m12:50:07.270222 [info ] [Thread-1 (]: 3 of 18 OK created sql view model staging.stg_historia_clinica ................. [[32mCREATE VIEW[0m in 0.14s]
[0m12:50:07.272109 [debug] [Thread-1 (]: Finished running node model.centro_psicologico.stg_historia_clinica
[0m12:50:07.273640 [debug] [Thread-1 (]: Began running node model.centro_psicologico.stg_pacientes
[0m12:50:07.275392 [info ] [Thread-1 (]: 4 of 18 START sql view model staging.stg_pacientes ............................. [RUN]
[0m12:50:07.277388 [debug] [Thread-1 (]: Re-using an available connection from the pool (formerly model.centro_psicologico.stg_historia_clinica, now model.centro_psicologico.stg_pacientes)
[0m12:50:07.278955 [debug] [Thread-1 (]: Began compiling node model.centro_psicologico.stg_pacientes
[0m12:50:07.284710 [debug] [Thread-1 (]: Writing injected SQL for node "model.centro_psicologico.stg_pacientes"
[0m12:50:07.301834 [debug] [Thread-1 (]: Began executing node model.centro_psicologico.stg_pacientes
[0m12:50:07.306478 [debug] [Thread-1 (]: Writing runtime sql for node "model.centro_psicologico.stg_pacientes"
[0m12:50:07.323078 [debug] [Thread-1 (]: Using postgres connection "model.centro_psicologico.stg_pacientes"
[0m12:50:07.324782 [debug] [Thread-1 (]: On model.centro_psicologico.stg_pacientes: BEGIN
[0m12:50:07.326624 [debug] [Thread-1 (]: Opening a new connection, currently in state closed
[0m12:50:07.338654 [debug] [Thread-1 (]: SQL status: BEGIN in 0.012 seconds
[0m12:50:07.340480 [debug] [Thread-1 (]: Using postgres connection "model.centro_psicologico.stg_pacientes"
[0m12:50:07.341937 [debug] [Thread-1 (]: On model.centro_psicologico.stg_pacientes: /* {"app": "dbt", "dbt_version": "1.12.0b1", "profile_name": "centro_psicologico", "target_name": "dev", "node_id": "model.centro_psicologico.stg_pacientes"} */

  create view "dm_centro_psicologico"."staging"."stg_pacientes__dbt_tmp"
    
    
  as (
    select
    paciente_id,
    nombres,
    apellido_paterno,
    apellido_materno,
    tipo_documento,
    numero_documento,
    (DATE '1970-01-01' + fecha_nacimiento) as fecha_nacimiento,
    sexo,
    estado_civil,
    grado_instruccion,
    ocupacion,
    celular,
    email,
    direccion,
    (DATE '1970-01-01' + fecha_registro) as fecha_registro,
    canal_captacion,
    estado_paciente,
    modalidad_preferida,
    sede_id
from "dm_centro_psicologico"."raw"."pacientes"
  );
[0m12:50:07.358518 [debug] [Thread-1 (]: SQL status: CREATE VIEW in 0.015 seconds
[0m12:50:07.363529 [debug] [Thread-1 (]: Using postgres connection "model.centro_psicologico.stg_pacientes"
[0m12:50:07.365221 [debug] [Thread-1 (]: On model.centro_psicologico.stg_pacientes: /* {"app": "dbt", "dbt_version": "1.12.0b1", "profile_name": "centro_psicologico", "target_name": "dev", "node_id": "model.centro_psicologico.stg_pacientes"} */
alter table "dm_centro_psicologico"."staging"."stg_pacientes" rename to "stg_pacientes__dbt_backup"
[0m12:50:07.369092 [debug] [Thread-1 (]: SQL status: ALTER TABLE in 0.002 seconds
[0m12:50:07.373687 [debug] [Thread-1 (]: Using postgres connection "model.centro_psicologico.stg_pacientes"
[0m12:50:07.375389 [debug] [Thread-1 (]: On model.centro_psicologico.stg_pacientes: /* {"app": "dbt", "dbt_version": "1.12.0b1", "profile_name": "centro_psicologico", "target_name": "dev", "node_id": "model.centro_psicologico.stg_pacientes"} */
alter table "dm_centro_psicologico"."staging"."stg_pacientes__dbt_tmp" rename to "stg_pacientes"
[0m12:50:07.377553 [debug] [Thread-1 (]: SQL status: ALTER TABLE in 0.000 seconds
[0m12:50:07.380092 [debug] [Thread-1 (]: On model.centro_psicologico.stg_pacientes: COMMIT
[0m12:50:07.382150 [debug] [Thread-1 (]: Using postgres connection "model.centro_psicologico.stg_pacientes"
[0m12:50:07.383794 [debug] [Thread-1 (]: On model.centro_psicologico.stg_pacientes: COMMIT
[0m12:50:07.389175 [debug] [Thread-1 (]: SQL status: COMMIT in 0.004 seconds
[0m12:50:07.393982 [debug] [Thread-1 (]: Applying DROP to: "dm_centro_psicologico"."staging"."stg_pacientes__dbt_backup"
[0m12:50:07.395893 [debug] [Thread-1 (]: Using postgres connection "model.centro_psicologico.stg_pacientes"
[0m12:50:07.397489 [debug] [Thread-1 (]: On model.centro_psicologico.stg_pacientes: /* {"app": "dbt", "dbt_version": "1.12.0b1", "profile_name": "centro_psicologico", "target_name": "dev", "node_id": "model.centro_psicologico.stg_pacientes"} */
drop view if exists "dm_centro_psicologico"."staging"."stg_pacientes__dbt_backup" cascade
[0m12:50:07.402631 [debug] [Thread-1 (]: SQL status: DROP VIEW in 0.004 seconds
[0m12:50:07.405390 [debug] [Thread-1 (]: On model.centro_psicologico.stg_pacientes: Close
[0m12:50:07.407297 [debug] [Thread-1 (]: Sending event: {'category': 'dbt', 'action': 'run_model', 'label': '6aaad701-c67c-4d0e-be62-7bf695a1a42e', 'context': [<snowplow_tracker.self_describing_json.SelfDescribingJson object at 0x75e65431ac50>]}
[0m12:50:07.409318 [info ] [Thread-1 (]: 4 of 18 OK created sql view model staging.stg_pacientes ........................ [[32mCREATE VIEW[0m in 0.13s]
[0m12:50:07.411609 [debug] [Thread-1 (]: Finished running node model.centro_psicologico.stg_pacientes
[0m12:50:07.413750 [debug] [Thread-1 (]: Began running node model.centro_psicologico.stg_pagos
[0m12:50:07.416180 [info ] [Thread-1 (]: 5 of 18 START sql view model staging.stg_pagos ................................. [RUN]
[0m12:50:07.418024 [debug] [Thread-1 (]: Re-using an available connection from the pool (formerly model.centro_psicologico.stg_pacientes, now model.centro_psicologico.stg_pagos)
[0m12:50:07.462526 [debug] [Thread-1 (]: Began compiling node model.centro_psicologico.stg_pagos
[0m12:50:07.466431 [debug] [Thread-1 (]: Writing injected SQL for node "model.centro_psicologico.stg_pagos"
[0m12:50:07.482894 [debug] [Thread-1 (]: Began executing node model.centro_psicologico.stg_pagos
[0m12:50:07.488704 [debug] [Thread-1 (]: Writing runtime sql for node "model.centro_psicologico.stg_pagos"
[0m12:50:07.505330 [debug] [Thread-1 (]: Using postgres connection "model.centro_psicologico.stg_pagos"
[0m12:50:07.506945 [debug] [Thread-1 (]: On model.centro_psicologico.stg_pagos: BEGIN
[0m12:50:07.508692 [debug] [Thread-1 (]: Opening a new connection, currently in state closed
[0m12:50:07.521909 [debug] [Thread-1 (]: SQL status: BEGIN in 0.013 seconds
[0m12:50:07.523713 [debug] [Thread-1 (]: Using postgres connection "model.centro_psicologico.stg_pagos"
[0m12:50:07.525290 [debug] [Thread-1 (]: On model.centro_psicologico.stg_pagos: /* {"app": "dbt", "dbt_version": "1.12.0b1", "profile_name": "centro_psicologico", "target_name": "dev", "node_id": "model.centro_psicologico.stg_pagos"} */

  create view "dm_centro_psicologico"."staging"."stg_pagos__dbt_tmp"
    
    
  as (
    select
    pago_id,
    sesion_id,
    (DATE '1970-01-01' + fecha_pago) as fecha_pago,
    coalesce(monto, 0.00)           as monto,
    comprobante,
    metodo_pago,
    estado_pago
from "dm_centro_psicologico"."raw"."pagos"
  );
[0m12:50:07.533054 [debug] [Thread-1 (]: SQL status: CREATE VIEW in 0.006 seconds
[0m12:50:07.537870 [debug] [Thread-1 (]: Using postgres connection "model.centro_psicologico.stg_pagos"
[0m12:50:07.539724 [debug] [Thread-1 (]: On model.centro_psicologico.stg_pagos: /* {"app": "dbt", "dbt_version": "1.12.0b1", "profile_name": "centro_psicologico", "target_name": "dev", "node_id": "model.centro_psicologico.stg_pagos"} */
alter table "dm_centro_psicologico"."staging"."stg_pagos" rename to "stg_pagos__dbt_backup"
[0m12:50:07.542858 [debug] [Thread-1 (]: SQL status: ALTER TABLE in 0.001 seconds
[0m12:50:07.547718 [debug] [Thread-1 (]: Using postgres connection "model.centro_psicologico.stg_pagos"
[0m12:50:07.549810 [debug] [Thread-1 (]: On model.centro_psicologico.stg_pagos: /* {"app": "dbt", "dbt_version": "1.12.0b1", "profile_name": "centro_psicologico", "target_name": "dev", "node_id": "model.centro_psicologico.stg_pagos"} */
alter table "dm_centro_psicologico"."staging"."stg_pagos__dbt_tmp" rename to "stg_pagos"
[0m12:50:07.557161 [debug] [Thread-1 (]: SQL status: ALTER TABLE in 0.001 seconds
[0m12:50:07.563877 [debug] [Thread-1 (]: On model.centro_psicologico.stg_pagos: COMMIT
[0m12:50:07.572086 [debug] [Thread-1 (]: Using postgres connection "model.centro_psicologico.stg_pagos"
[0m12:50:07.577842 [debug] [Thread-1 (]: On model.centro_psicologico.stg_pagos: COMMIT
[0m12:50:07.587681 [debug] [Thread-1 (]: SQL status: COMMIT in 0.004 seconds
[0m12:50:07.595456 [debug] [Thread-1 (]: Applying DROP to: "dm_centro_psicologico"."staging"."stg_pagos__dbt_backup"
[0m12:50:07.603255 [debug] [Thread-1 (]: Using postgres connection "model.centro_psicologico.stg_pagos"
[0m12:50:07.608859 [debug] [Thread-1 (]: On model.centro_psicologico.stg_pagos: /* {"app": "dbt", "dbt_version": "1.12.0b1", "profile_name": "centro_psicologico", "target_name": "dev", "node_id": "model.centro_psicologico.stg_pagos"} */
drop view if exists "dm_centro_psicologico"."staging"."stg_pagos__dbt_backup" cascade
[0m12:50:07.618809 [debug] [Thread-1 (]: SQL status: DROP VIEW in 0.004 seconds
[0m12:50:07.624892 [debug] [Thread-1 (]: On model.centro_psicologico.stg_pagos: Close
[0m12:50:07.630813 [debug] [Thread-1 (]: Sending event: {'category': 'dbt', 'action': 'run_model', 'label': '6aaad701-c67c-4d0e-be62-7bf695a1a42e', 'context': [<snowplow_tracker.self_describing_json.SelfDescribingJson object at 0x75e657dfafd0>]}
[0m12:50:07.639410 [info ] [Thread-1 (]: 5 of 18 OK created sql view model staging.stg_pagos ............................ [[32mCREATE VIEW[0m in 0.21s]
[0m12:50:07.646011 [debug] [Thread-1 (]: Finished running node model.centro_psicologico.stg_pagos
[0m12:50:07.649854 [debug] [Thread-1 (]: Began running node model.centro_psicologico.stg_planes
[0m12:50:07.653855 [info ] [Thread-1 (]: 6 of 18 START sql view model staging.stg_planes ................................ [RUN]
[0m12:50:07.655657 [debug] [Thread-1 (]: Re-using an available connection from the pool (formerly model.centro_psicologico.stg_pagos, now model.centro_psicologico.stg_planes)
[0m12:50:07.657364 [debug] [Thread-1 (]: Began compiling node model.centro_psicologico.stg_planes
[0m12:50:07.663409 [debug] [Thread-1 (]: Writing injected SQL for node "model.centro_psicologico.stg_planes"
[0m12:50:07.692621 [debug] [Thread-1 (]: Began executing node model.centro_psicologico.stg_planes
[0m12:50:07.700997 [debug] [Thread-1 (]: Writing runtime sql for node "model.centro_psicologico.stg_planes"
[0m12:50:07.717309 [debug] [Thread-1 (]: Using postgres connection "model.centro_psicologico.stg_planes"
[0m12:50:07.718688 [debug] [Thread-1 (]: On model.centro_psicologico.stg_planes: BEGIN
[0m12:50:07.720198 [debug] [Thread-1 (]: Opening a new connection, currently in state closed
[0m12:50:07.731480 [debug] [Thread-1 (]: SQL status: BEGIN in 0.011 seconds
[0m12:50:07.732660 [debug] [Thread-1 (]: Using postgres connection "model.centro_psicologico.stg_planes"
[0m12:50:07.733667 [debug] [Thread-1 (]: On model.centro_psicologico.stg_planes: /* {"app": "dbt", "dbt_version": "1.12.0b1", "profile_name": "centro_psicologico", "target_name": "dev", "node_id": "model.centro_psicologico.stg_planes"} */

  create view "dm_centro_psicologico"."staging"."stg_planes__dbt_tmp"
    
    
  as (
    select
    plan_id,
    sesion_id,
    objetivos,
    intervenciones,
    recomendaciones,
    (DATE '1970-01-01' + fecha_inicio) as fecha_inicio,
    (DATE '1970-01-01' + fecha_fin)   as fecha_fin,
    estado_plan
from "dm_centro_psicologico"."raw"."plan_intervencion"
  );
[0m12:50:07.737019 [debug] [Thread-1 (]: SQL status: CREATE VIEW in 0.002 seconds
[0m12:50:07.741016 [debug] [Thread-1 (]: Using postgres connection "model.centro_psicologico.stg_planes"
[0m12:50:07.742190 [debug] [Thread-1 (]: On model.centro_psicologico.stg_planes: /* {"app": "dbt", "dbt_version": "1.12.0b1", "profile_name": "centro_psicologico", "target_name": "dev", "node_id": "model.centro_psicologico.stg_planes"} */
alter table "dm_centro_psicologico"."staging"."stg_planes" rename to "stg_planes__dbt_backup"
[0m12:50:07.745059 [debug] [Thread-1 (]: SQL status: ALTER TABLE in 0.002 seconds
[0m12:50:07.749993 [debug] [Thread-1 (]: Using postgres connection "model.centro_psicologico.stg_planes"
[0m12:50:07.751314 [debug] [Thread-1 (]: On model.centro_psicologico.stg_planes: /* {"app": "dbt", "dbt_version": "1.12.0b1", "profile_name": "centro_psicologico", "target_name": "dev", "node_id": "model.centro_psicologico.stg_planes"} */
alter table "dm_centro_psicologico"."staging"."stg_planes__dbt_tmp" rename to "stg_planes"
[0m12:50:07.752813 [debug] [Thread-1 (]: SQL status: ALTER TABLE in 0.000 seconds
[0m12:50:07.754721 [debug] [Thread-1 (]: On model.centro_psicologico.stg_planes: COMMIT
[0m12:50:07.755848 [debug] [Thread-1 (]: Using postgres connection "model.centro_psicologico.stg_planes"
[0m12:50:07.756851 [debug] [Thread-1 (]: On model.centro_psicologico.stg_planes: COMMIT
[0m12:50:07.760596 [debug] [Thread-1 (]: SQL status: COMMIT in 0.003 seconds
[0m12:50:07.764156 [debug] [Thread-1 (]: Applying DROP to: "dm_centro_psicologico"."staging"."stg_planes__dbt_backup"
[0m12:50:07.765676 [debug] [Thread-1 (]: Using postgres connection "model.centro_psicologico.stg_planes"
[0m12:50:07.766737 [debug] [Thread-1 (]: On model.centro_psicologico.stg_planes: /* {"app": "dbt", "dbt_version": "1.12.0b1", "profile_name": "centro_psicologico", "target_name": "dev", "node_id": "model.centro_psicologico.stg_planes"} */
drop view if exists "dm_centro_psicologico"."staging"."stg_planes__dbt_backup" cascade
[0m12:50:07.770169 [debug] [Thread-1 (]: SQL status: DROP VIEW in 0.002 seconds
[0m12:50:07.772435 [debug] [Thread-1 (]: On model.centro_psicologico.stg_planes: Close
[0m12:50:07.774243 [debug] [Thread-1 (]: Sending event: {'category': 'dbt', 'action': 'run_model', 'label': '6aaad701-c67c-4d0e-be62-7bf695a1a42e', 'context': [<snowplow_tracker.self_describing_json.SelfDescribingJson object at 0x75e655529390>]}
[0m12:50:07.776203 [info ] [Thread-1 (]: 6 of 18 OK created sql view model staging.stg_planes ........................... [[32mCREATE VIEW[0m in 0.12s]
[0m12:50:07.778705 [debug] [Thread-1 (]: Finished running node model.centro_psicologico.stg_planes
[0m12:50:07.781087 [debug] [Thread-1 (]: Began running node model.centro_psicologico.stg_psicologos
[0m12:50:07.782470 [info ] [Thread-1 (]: 7 of 18 START sql view model staging.stg_psicologos ............................ [RUN]
[0m12:50:07.783905 [debug] [Thread-1 (]: Re-using an available connection from the pool (formerly model.centro_psicologico.stg_planes, now model.centro_psicologico.stg_psicologos)
[0m12:50:07.785300 [debug] [Thread-1 (]: Began compiling node model.centro_psicologico.stg_psicologos
[0m12:50:07.791494 [debug] [Thread-1 (]: Writing injected SQL for node "model.centro_psicologico.stg_psicologos"
[0m12:50:07.808619 [debug] [Thread-1 (]: Began executing node model.centro_psicologico.stg_psicologos
[0m12:50:07.814982 [debug] [Thread-1 (]: Writing runtime sql for node "model.centro_psicologico.stg_psicologos"
[0m12:50:07.828120 [debug] [Thread-1 (]: Using postgres connection "model.centro_psicologico.stg_psicologos"
[0m12:50:07.830012 [debug] [Thread-1 (]: On model.centro_psicologico.stg_psicologos: BEGIN
[0m12:50:07.831530 [debug] [Thread-1 (]: Opening a new connection, currently in state closed
[0m12:50:07.843383 [debug] [Thread-1 (]: SQL status: BEGIN in 0.012 seconds
[0m12:50:07.845856 [debug] [Thread-1 (]: Using postgres connection "model.centro_psicologico.stg_psicologos"
[0m12:50:07.847653 [debug] [Thread-1 (]: On model.centro_psicologico.stg_psicologos: /* {"app": "dbt", "dbt_version": "1.12.0b1", "profile_name": "centro_psicologico", "target_name": "dev", "node_id": "model.centro_psicologico.stg_psicologos"} */

  create view "dm_centro_psicologico"."staging"."stg_psicologos__dbt_tmp"
    
    
  as (
    select
    psicologo_id,
    dni,
    nombres,
    especialidad,
    cpp,
    modalidad,
    sede_id,
    estado
from "dm_centro_psicologico"."raw"."psicologos"
  );
[0m12:50:07.852284 [debug] [Thread-1 (]: SQL status: CREATE VIEW in 0.002 seconds
[0m12:50:07.856549 [debug] [Thread-1 (]: Using postgres connection "model.centro_psicologico.stg_psicologos"
[0m12:50:07.858442 [debug] [Thread-1 (]: On model.centro_psicologico.stg_psicologos: /* {"app": "dbt", "dbt_version": "1.12.0b1", "profile_name": "centro_psicologico", "target_name": "dev", "node_id": "model.centro_psicologico.stg_psicologos"} */
alter table "dm_centro_psicologico"."staging"."stg_psicologos" rename to "stg_psicologos__dbt_backup"
[0m12:50:07.861000 [debug] [Thread-1 (]: SQL status: ALTER TABLE in 0.000 seconds
[0m12:50:07.865837 [debug] [Thread-1 (]: Using postgres connection "model.centro_psicologico.stg_psicologos"
[0m12:50:07.867735 [debug] [Thread-1 (]: On model.centro_psicologico.stg_psicologos: /* {"app": "dbt", "dbt_version": "1.12.0b1", "profile_name": "centro_psicologico", "target_name": "dev", "node_id": "model.centro_psicologico.stg_psicologos"} */
alter table "dm_centro_psicologico"."staging"."stg_psicologos__dbt_tmp" rename to "stg_psicologos"
[0m12:50:07.870525 [debug] [Thread-1 (]: SQL status: ALTER TABLE in 0.001 seconds
[0m12:50:07.874779 [debug] [Thread-1 (]: On model.centro_psicologico.stg_psicologos: COMMIT
[0m12:50:07.877937 [debug] [Thread-1 (]: Using postgres connection "model.centro_psicologico.stg_psicologos"
[0m12:50:07.881698 [debug] [Thread-1 (]: On model.centro_psicologico.stg_psicologos: COMMIT
[0m12:50:07.885853 [debug] [Thread-1 (]: SQL status: COMMIT in 0.002 seconds
[0m12:50:07.892970 [debug] [Thread-1 (]: Applying DROP to: "dm_centro_psicologico"."staging"."stg_psicologos__dbt_backup"
[0m12:50:07.896399 [debug] [Thread-1 (]: Using postgres connection "model.centro_psicologico.stg_psicologos"
[0m12:50:07.898084 [debug] [Thread-1 (]: On model.centro_psicologico.stg_psicologos: /* {"app": "dbt", "dbt_version": "1.12.0b1", "profile_name": "centro_psicologico", "target_name": "dev", "node_id": "model.centro_psicologico.stg_psicologos"} */
drop view if exists "dm_centro_psicologico"."staging"."stg_psicologos__dbt_backup" cascade
[0m12:50:07.903852 [debug] [Thread-1 (]: SQL status: DROP VIEW in 0.004 seconds
[0m12:50:07.906878 [debug] [Thread-1 (]: On model.centro_psicologico.stg_psicologos: Close
[0m12:50:07.912469 [debug] [Thread-1 (]: Sending event: {'category': 'dbt', 'action': 'run_model', 'label': '6aaad701-c67c-4d0e-be62-7bf695a1a42e', 'context': [<snowplow_tracker.self_describing_json.SelfDescribingJson object at 0x75e6554e4510>]}
[0m12:50:07.914891 [info ] [Thread-1 (]: 7 of 18 OK created sql view model staging.stg_psicologos ....................... [[32mCREATE VIEW[0m in 0.13s]
[0m12:50:07.916542 [debug] [Thread-1 (]: Finished running node model.centro_psicologico.stg_psicologos
[0m12:50:07.917902 [debug] [Thread-1 (]: Began running node model.centro_psicologico.stg_sedes
[0m12:50:07.919278 [info ] [Thread-1 (]: 8 of 18 START sql view model staging.stg_sedes ................................. [RUN]
[0m12:50:07.920972 [debug] [Thread-1 (]: Re-using an available connection from the pool (formerly model.centro_psicologico.stg_psicologos, now model.centro_psicologico.stg_sedes)
[0m12:50:07.922717 [debug] [Thread-1 (]: Began compiling node model.centro_psicologico.stg_sedes
[0m12:50:07.927970 [debug] [Thread-1 (]: Writing injected SQL for node "model.centro_psicologico.stg_sedes"
[0m12:50:07.941376 [debug] [Thread-1 (]: Began executing node model.centro_psicologico.stg_sedes
[0m12:50:07.947636 [debug] [Thread-1 (]: Writing runtime sql for node "model.centro_psicologico.stg_sedes"
[0m12:50:07.961793 [debug] [Thread-1 (]: Using postgres connection "model.centro_psicologico.stg_sedes"
[0m12:50:07.963429 [debug] [Thread-1 (]: On model.centro_psicologico.stg_sedes: BEGIN
[0m12:50:07.964864 [debug] [Thread-1 (]: Opening a new connection, currently in state closed
[0m12:50:07.977656 [debug] [Thread-1 (]: SQL status: BEGIN in 0.013 seconds
[0m12:50:07.979441 [debug] [Thread-1 (]: Using postgres connection "model.centro_psicologico.stg_sedes"
[0m12:50:07.980843 [debug] [Thread-1 (]: On model.centro_psicologico.stg_sedes: /* {"app": "dbt", "dbt_version": "1.12.0b1", "profile_name": "centro_psicologico", "target_name": "dev", "node_id": "model.centro_psicologico.stg_sedes"} */

  create view "dm_centro_psicologico"."staging"."stg_sedes__dbt_tmp"
    
    
  as (
    select
    sede_id,
    nombre_sede,
    ciudad,
    (tiene_online <> 0)      as tiene_online,
    estado
from "dm_centro_psicologico"."raw"."sedes"
  );
[0m12:50:07.986568 [debug] [Thread-1 (]: SQL status: CREATE VIEW in 0.004 seconds
[0m12:50:07.991224 [debug] [Thread-1 (]: Using postgres connection "model.centro_psicologico.stg_sedes"
[0m12:50:07.993008 [debug] [Thread-1 (]: On model.centro_psicologico.stg_sedes: /* {"app": "dbt", "dbt_version": "1.12.0b1", "profile_name": "centro_psicologico", "target_name": "dev", "node_id": "model.centro_psicologico.stg_sedes"} */
alter table "dm_centro_psicologico"."staging"."stg_sedes" rename to "stg_sedes__dbt_backup"
[0m12:50:07.996903 [debug] [Thread-1 (]: SQL status: ALTER TABLE in 0.002 seconds
[0m12:50:08.001830 [debug] [Thread-1 (]: Using postgres connection "model.centro_psicologico.stg_sedes"
[0m12:50:08.003577 [debug] [Thread-1 (]: On model.centro_psicologico.stg_sedes: /* {"app": "dbt", "dbt_version": "1.12.0b1", "profile_name": "centro_psicologico", "target_name": "dev", "node_id": "model.centro_psicologico.stg_sedes"} */
alter table "dm_centro_psicologico"."staging"."stg_sedes__dbt_tmp" rename to "stg_sedes"
[0m12:50:08.005997 [debug] [Thread-1 (]: SQL status: ALTER TABLE in 0.001 seconds
[0m12:50:08.008354 [debug] [Thread-1 (]: On model.centro_psicologico.stg_sedes: COMMIT
[0m12:50:08.010082 [debug] [Thread-1 (]: Using postgres connection "model.centro_psicologico.stg_sedes"
[0m12:50:08.011827 [debug] [Thread-1 (]: On model.centro_psicologico.stg_sedes: COMMIT
[0m12:50:08.015506 [debug] [Thread-1 (]: SQL status: COMMIT in 0.002 seconds
[0m12:50:08.019372 [debug] [Thread-1 (]: Applying DROP to: "dm_centro_psicologico"."staging"."stg_sedes__dbt_backup"
[0m12:50:08.021400 [debug] [Thread-1 (]: Using postgres connection "model.centro_psicologico.stg_sedes"
[0m12:50:08.022996 [debug] [Thread-1 (]: On model.centro_psicologico.stg_sedes: /* {"app": "dbt", "dbt_version": "1.12.0b1", "profile_name": "centro_psicologico", "target_name": "dev", "node_id": "model.centro_psicologico.stg_sedes"} */
drop view if exists "dm_centro_psicologico"."staging"."stg_sedes__dbt_backup" cascade
[0m12:50:08.027020 [debug] [Thread-1 (]: SQL status: DROP VIEW in 0.003 seconds
[0m12:50:08.029785 [debug] [Thread-1 (]: On model.centro_psicologico.stg_sedes: Close
[0m12:50:08.031999 [debug] [Thread-1 (]: Sending event: {'category': 'dbt', 'action': 'run_model', 'label': '6aaad701-c67c-4d0e-be62-7bf695a1a42e', 'context': [<snowplow_tracker.self_describing_json.SelfDescribingJson object at 0x75e6554d16d0>]}
[0m12:50:08.035292 [info ] [Thread-1 (]: 8 of 18 OK created sql view model staging.stg_sedes ............................ [[32mCREATE VIEW[0m in 0.11s]
[0m12:50:08.037330 [debug] [Thread-1 (]: Finished running node model.centro_psicologico.stg_sedes
[0m12:50:08.038700 [debug] [Thread-1 (]: Began running node model.centro_psicologico.stg_sesiones
[0m12:50:08.040280 [info ] [Thread-1 (]: 9 of 18 START sql view model staging.stg_sesiones .............................. [RUN]
[0m12:50:08.041969 [debug] [Thread-1 (]: Re-using an available connection from the pool (formerly model.centro_psicologico.stg_sedes, now model.centro_psicologico.stg_sesiones)
[0m12:50:08.043572 [debug] [Thread-1 (]: Began compiling node model.centro_psicologico.stg_sesiones
[0m12:50:08.047753 [debug] [Thread-1 (]: Writing injected SQL for node "model.centro_psicologico.stg_sesiones"
[0m12:50:08.064371 [debug] [Thread-1 (]: Began executing node model.centro_psicologico.stg_sesiones
[0m12:50:08.071333 [debug] [Thread-1 (]: Writing runtime sql for node "model.centro_psicologico.stg_sesiones"
[0m12:50:08.087550 [debug] [Thread-1 (]: Using postgres connection "model.centro_psicologico.stg_sesiones"
[0m12:50:08.089205 [debug] [Thread-1 (]: On model.centro_psicologico.stg_sesiones: BEGIN
[0m12:50:08.091237 [debug] [Thread-1 (]: Opening a new connection, currently in state closed
[0m12:50:08.102980 [debug] [Thread-1 (]: SQL status: BEGIN in 0.012 seconds
[0m12:50:08.104775 [debug] [Thread-1 (]: Using postgres connection "model.centro_psicologico.stg_sesiones"
[0m12:50:08.106480 [debug] [Thread-1 (]: On model.centro_psicologico.stg_sesiones: /* {"app": "dbt", "dbt_version": "1.12.0b1", "profile_name": "centro_psicologico", "target_name": "dev", "node_id": "model.centro_psicologico.stg_sesiones"} */

  create view "dm_centro_psicologico"."staging"."stg_sesiones__dbt_tmp"
    
    
  as (
    select
    sesion_id,
    historia_id,
    psicologo_id,
    (DATE '1970-01-01' + fecha_sesion) as fecha_sesion,
    hora_sesion,
    nro_sesion,
    etapa_atencion,
    modalidad,
    coalesce(duracion_min, 0)       as duracion_min,
    motivo_consulta,
    estado_sesion
from "dm_centro_psicologico"."raw"."sesiones"
  );
[0m12:50:08.111158 [debug] [Thread-1 (]: SQL status: CREATE VIEW in 0.003 seconds
[0m12:50:08.115394 [debug] [Thread-1 (]: Using postgres connection "model.centro_psicologico.stg_sesiones"
[0m12:50:08.117150 [debug] [Thread-1 (]: On model.centro_psicologico.stg_sesiones: /* {"app": "dbt", "dbt_version": "1.12.0b1", "profile_name": "centro_psicologico", "target_name": "dev", "node_id": "model.centro_psicologico.stg_sesiones"} */
alter table "dm_centro_psicologico"."staging"."stg_sesiones" rename to "stg_sesiones__dbt_backup"
[0m12:50:08.119604 [debug] [Thread-1 (]: SQL status: ALTER TABLE in 0.001 seconds
[0m12:50:08.123718 [debug] [Thread-1 (]: Using postgres connection "model.centro_psicologico.stg_sesiones"
[0m12:50:08.125188 [debug] [Thread-1 (]: On model.centro_psicologico.stg_sesiones: /* {"app": "dbt", "dbt_version": "1.12.0b1", "profile_name": "centro_psicologico", "target_name": "dev", "node_id": "model.centro_psicologico.stg_sesiones"} */
alter table "dm_centro_psicologico"."staging"."stg_sesiones__dbt_tmp" rename to "stg_sesiones"
[0m12:50:08.127405 [debug] [Thread-1 (]: SQL status: ALTER TABLE in 0.001 seconds
[0m12:50:08.130020 [debug] [Thread-1 (]: On model.centro_psicologico.stg_sesiones: COMMIT
[0m12:50:08.131770 [debug] [Thread-1 (]: Using postgres connection "model.centro_psicologico.stg_sesiones"
[0m12:50:08.133552 [debug] [Thread-1 (]: On model.centro_psicologico.stg_sesiones: COMMIT
[0m12:50:08.137250 [debug] [Thread-1 (]: SQL status: COMMIT in 0.002 seconds
[0m12:50:08.140737 [debug] [Thread-1 (]: Applying DROP to: "dm_centro_psicologico"."staging"."stg_sesiones__dbt_backup"
[0m12:50:08.142687 [debug] [Thread-1 (]: Using postgres connection "model.centro_psicologico.stg_sesiones"
[0m12:50:08.144232 [debug] [Thread-1 (]: On model.centro_psicologico.stg_sesiones: /* {"app": "dbt", "dbt_version": "1.12.0b1", "profile_name": "centro_psicologico", "target_name": "dev", "node_id": "model.centro_psicologico.stg_sesiones"} */
drop view if exists "dm_centro_psicologico"."staging"."stg_sesiones__dbt_backup" cascade
[0m12:50:08.152695 [debug] [Thread-1 (]: SQL status: DROP VIEW in 0.007 seconds
[0m12:50:08.155347 [debug] [Thread-1 (]: On model.centro_psicologico.stg_sesiones: Close
[0m12:50:08.157374 [debug] [Thread-1 (]: Sending event: {'category': 'dbt', 'action': 'run_model', 'label': '6aaad701-c67c-4d0e-be62-7bf695a1a42e', 'context': [<snowplow_tracker.self_describing_json.SelfDescribingJson object at 0x75e6555c1050>]}
[0m12:50:08.159239 [info ] [Thread-1 (]: 9 of 18 OK created sql view model staging.stg_sesiones ......................... [[32mCREATE VIEW[0m in 0.12s]
[0m12:50:08.161316 [debug] [Thread-1 (]: Finished running node model.centro_psicologico.stg_sesiones
[0m12:50:08.163111 [debug] [Thread-1 (]: Began running node model.centro_psicologico.dim_diagnostico
[0m12:50:08.165337 [info ] [Thread-1 (]: 10 of 18 START sql table model datamart.dim_diagnostico ........................ [RUN]
[0m12:50:08.167750 [debug] [Thread-1 (]: Re-using an available connection from the pool (formerly model.centro_psicologico.stg_sesiones, now model.centro_psicologico.dim_diagnostico)
[0m12:50:08.169446 [debug] [Thread-1 (]: Began compiling node model.centro_psicologico.dim_diagnostico
[0m12:50:08.173430 [debug] [Thread-1 (]: Writing injected SQL for node "model.centro_psicologico.dim_diagnostico"
[0m12:50:08.191738 [debug] [Thread-1 (]: Began executing node model.centro_psicologico.dim_diagnostico
[0m12:50:08.214229 [debug] [Thread-1 (]: Writing runtime sql for node "model.centro_psicologico.dim_diagnostico"
[0m12:50:08.231464 [debug] [Thread-1 (]: Using postgres connection "model.centro_psicologico.dim_diagnostico"
[0m12:50:08.233037 [debug] [Thread-1 (]: On model.centro_psicologico.dim_diagnostico: BEGIN
[0m12:50:08.234787 [debug] [Thread-1 (]: Opening a new connection, currently in state closed
[0m12:50:08.246366 [debug] [Thread-1 (]: SQL status: BEGIN in 0.012 seconds
[0m12:50:08.248135 [debug] [Thread-1 (]: Using postgres connection "model.centro_psicologico.dim_diagnostico"
[0m12:50:08.249767 [debug] [Thread-1 (]: On model.centro_psicologico.dim_diagnostico: /* {"app": "dbt", "dbt_version": "1.12.0b1", "profile_name": "centro_psicologico", "target_name": "dev", "node_id": "model.centro_psicologico.dim_diagnostico"} */

  
    

  create  table "dm_centro_psicologico"."datamart"."dim_diagnostico__dbt_tmp"
  
  
    as
  
  (
    select distinct
    codigo_cie10,
    descripcion_cie10
from "dm_centro_psicologico"."staging"."stg_diagnosticos"
where codigo_cie10 is not null
  );
  
[0m12:50:08.262806 [debug] [Thread-1 (]: SQL status: SELECT 10 in 0.011 seconds
[0m12:50:08.270131 [debug] [Thread-1 (]: Using postgres connection "model.centro_psicologico.dim_diagnostico"
[0m12:50:08.271793 [debug] [Thread-1 (]: On model.centro_psicologico.dim_diagnostico: /* {"app": "dbt", "dbt_version": "1.12.0b1", "profile_name": "centro_psicologico", "target_name": "dev", "node_id": "model.centro_psicologico.dim_diagnostico"} */
alter table "dm_centro_psicologico"."datamart"."dim_diagnostico" rename to "dim_diagnostico__dbt_backup"
[0m12:50:08.273947 [debug] [Thread-1 (]: SQL status: ALTER TABLE in 0.000 seconds
[0m12:50:08.278262 [debug] [Thread-1 (]: Using postgres connection "model.centro_psicologico.dim_diagnostico"
[0m12:50:08.280113 [debug] [Thread-1 (]: On model.centro_psicologico.dim_diagnostico: /* {"app": "dbt", "dbt_version": "1.12.0b1", "profile_name": "centro_psicologico", "target_name": "dev", "node_id": "model.centro_psicologico.dim_diagnostico"} */
alter table "dm_centro_psicologico"."datamart"."dim_diagnostico__dbt_tmp" rename to "dim_diagnostico"
[0m12:50:08.282184 [debug] [Thread-1 (]: SQL status: ALTER TABLE in 0.000 seconds
[0m12:50:08.284912 [debug] [Thread-1 (]: On model.centro_psicologico.dim_diagnostico: COMMIT
[0m12:50:08.286541 [debug] [Thread-1 (]: Using postgres connection "model.centro_psicologico.dim_diagnostico"
[0m12:50:08.288131 [debug] [Thread-1 (]: On model.centro_psicologico.dim_diagnostico: COMMIT
[0m12:50:08.292054 [debug] [Thread-1 (]: SQL status: COMMIT in 0.002 seconds
[0m12:50:08.295856 [debug] [Thread-1 (]: Applying DROP to: "dm_centro_psicologico"."datamart"."dim_diagnostico__dbt_backup"
[0m12:50:08.300025 [debug] [Thread-1 (]: Using postgres connection "model.centro_psicologico.dim_diagnostico"
[0m12:50:08.301849 [debug] [Thread-1 (]: On model.centro_psicologico.dim_diagnostico: /* {"app": "dbt", "dbt_version": "1.12.0b1", "profile_name": "centro_psicologico", "target_name": "dev", "node_id": "model.centro_psicologico.dim_diagnostico"} */
drop table if exists "dm_centro_psicologico"."datamart"."dim_diagnostico__dbt_backup" cascade
[0m12:50:08.308589 [debug] [Thread-1 (]: SQL status: DROP TABLE in 0.005 seconds
[0m12:50:08.311616 [debug] [Thread-1 (]: On model.centro_psicologico.dim_diagnostico: Close
[0m12:50:08.313854 [debug] [Thread-1 (]: Sending event: {'category': 'dbt', 'action': 'run_model', 'label': '6aaad701-c67c-4d0e-be62-7bf695a1a42e', 'context': [<snowplow_tracker.self_describing_json.SelfDescribingJson object at 0x75e65432b750>]}
[0m12:50:08.318439 [info ] [Thread-1 (]: 10 of 18 OK created sql table model datamart.dim_diagnostico ................... [[32mSELECT 10[0m in 0.15s]
[0m12:50:08.322025 [debug] [Thread-1 (]: Finished running node model.centro_psicologico.dim_diagnostico
[0m12:50:08.323978 [debug] [Thread-1 (]: Began running node model.centro_psicologico.dim_paciente
[0m12:50:08.325996 [info ] [Thread-1 (]: 11 of 18 START sql table model datamart.dim_paciente ........................... [RUN]
[0m12:50:08.328600 [debug] [Thread-1 (]: Re-using an available connection from the pool (formerly model.centro_psicologico.dim_diagnostico, now model.centro_psicologico.dim_paciente)
[0m12:50:08.330504 [debug] [Thread-1 (]: Began compiling node model.centro_psicologico.dim_paciente
[0m12:50:08.334949 [debug] [Thread-1 (]: Writing injected SQL for node "model.centro_psicologico.dim_paciente"
[0m12:50:08.351962 [debug] [Thread-1 (]: Began executing node model.centro_psicologico.dim_paciente
[0m12:50:08.356501 [debug] [Thread-1 (]: Writing runtime sql for node "model.centro_psicologico.dim_paciente"
[0m12:50:08.390774 [debug] [Thread-1 (]: Using postgres connection "model.centro_psicologico.dim_paciente"
[0m12:50:08.392504 [debug] [Thread-1 (]: On model.centro_psicologico.dim_paciente: BEGIN
[0m12:50:08.393903 [debug] [Thread-1 (]: Opening a new connection, currently in state closed
[0m12:50:08.408348 [debug] [Thread-1 (]: SQL status: BEGIN in 0.014 seconds
[0m12:50:08.410086 [debug] [Thread-1 (]: Using postgres connection "model.centro_psicologico.dim_paciente"
[0m12:50:08.411800 [debug] [Thread-1 (]: On model.centro_psicologico.dim_paciente: /* {"app": "dbt", "dbt_version": "1.12.0b1", "profile_name": "centro_psicologico", "target_name": "dev", "node_id": "model.centro_psicologico.dim_paciente"} */

  
    

  create  table "dm_centro_psicologico"."datamart"."dim_paciente__dbt_tmp"
  
  
    as
  
  (
    with pacientes as (
    select * from "dm_centro_psicologico"."staging"."stg_pacientes"
),
historias as (
    select paciente_id, codigo_historia, tipo_historial
    from "dm_centro_psicologico"."staging"."stg_historia_clinica"
)
select
    p.paciente_id,
    h.codigo_historia,
    h.tipo_historial,
    case
        when extract(year from age(current_date, p.fecha_nacimiento)) < 18  then '< 18'
        when extract(year from age(current_date, p.fecha_nacimiento)) <= 25 then '18-25'
        when extract(year from age(current_date, p.fecha_nacimiento)) <= 35 then '26-35'
        when extract(year from age(current_date, p.fecha_nacimiento)) <= 45 then '36-45'
        when extract(year from age(current_date, p.fecha_nacimiento)) <= 60 then '46-60'
        else '60+'
    end                                                               as rango_etario,
    p.sexo,
    p.estado_civil,
    p.grado_instruccion,
    case
        when p.ocupacion ilike '%docente%'    or p.ocupacion ilike '%profesor%'   then 'Educacion'
        when p.ocupacion ilike '%medico%'     or p.ocupacion ilike '%enfermero%'  then 'Salud'
        when p.ocupacion ilike '%comerciante%'                                    then 'Comercio'
        when p.ocupacion ilike '%ingeniero%'  or p.ocupacion ilike '%tecnico%'    then 'Tecnico'
        when p.ocupacion ilike '%abogado%'    or p.ocupacion ilike '%contador%'   then 'Profesional'
        when p.ocupacion ilike '%estudiante%'                                     then 'Estudiantil'
        when p.ocupacion ilike '%conductor%'                                      then 'Transporte'
        when p.ocupacion ilike '%agricultor%'                                     then 'Agro'
        when p.ocupacion ilike '%ama de casa%'                                    then 'Hogar'
        else 'Otros'
    end                                                               as ocupacion_grupo,
    coalesce(p.canal_captacion, 'No registrado')                      as canal_captacion,
    p.estado_paciente,
    p.modalidad_preferida,
    p.fecha_registro                                                  as fecha_primera_consulta
from pacientes p
left join historias h on p.paciente_id = h.paciente_id
  );
  
[0m12:50:08.485103 [debug] [Thread-1 (]: SQL status: SELECT 20 in 0.071 seconds
[0m12:50:08.489877 [debug] [Thread-1 (]: Using postgres connection "model.centro_psicologico.dim_paciente"
[0m12:50:08.491857 [debug] [Thread-1 (]: On model.centro_psicologico.dim_paciente: /* {"app": "dbt", "dbt_version": "1.12.0b1", "profile_name": "centro_psicologico", "target_name": "dev", "node_id": "model.centro_psicologico.dim_paciente"} */
alter table "dm_centro_psicologico"."datamart"."dim_paciente" rename to "dim_paciente__dbt_backup"
[0m12:50:08.495908 [debug] [Thread-1 (]: SQL status: ALTER TABLE in 0.002 seconds
[0m12:50:08.500085 [debug] [Thread-1 (]: Using postgres connection "model.centro_psicologico.dim_paciente"
[0m12:50:08.501872 [debug] [Thread-1 (]: On model.centro_psicologico.dim_paciente: /* {"app": "dbt", "dbt_version": "1.12.0b1", "profile_name": "centro_psicologico", "target_name": "dev", "node_id": "model.centro_psicologico.dim_paciente"} */
alter table "dm_centro_psicologico"."datamart"."dim_paciente__dbt_tmp" rename to "dim_paciente"
[0m12:50:08.504227 [debug] [Thread-1 (]: SQL status: ALTER TABLE in 0.000 seconds
[0m12:50:08.506805 [debug] [Thread-1 (]: On model.centro_psicologico.dim_paciente: COMMIT
[0m12:50:08.508510 [debug] [Thread-1 (]: Using postgres connection "model.centro_psicologico.dim_paciente"
[0m12:50:08.510299 [debug] [Thread-1 (]: On model.centro_psicologico.dim_paciente: COMMIT
[0m12:50:08.514692 [debug] [Thread-1 (]: SQL status: COMMIT in 0.002 seconds
[0m12:50:08.519226 [debug] [Thread-1 (]: Applying DROP to: "dm_centro_psicologico"."datamart"."dim_paciente__dbt_backup"
[0m12:50:08.521310 [debug] [Thread-1 (]: Using postgres connection "model.centro_psicologico.dim_paciente"
[0m12:50:08.523180 [debug] [Thread-1 (]: On model.centro_psicologico.dim_paciente: /* {"app": "dbt", "dbt_version": "1.12.0b1", "profile_name": "centro_psicologico", "target_name": "dev", "node_id": "model.centro_psicologico.dim_paciente"} */
drop table if exists "dm_centro_psicologico"."datamart"."dim_paciente__dbt_backup" cascade
[0m12:50:08.529309 [debug] [Thread-1 (]: SQL status: DROP TABLE in 0.004 seconds
[0m12:50:08.532128 [debug] [Thread-1 (]: On model.centro_psicologico.dim_paciente: Close
[0m12:50:08.534396 [debug] [Thread-1 (]: Sending event: {'category': 'dbt', 'action': 'run_model', 'label': '6aaad701-c67c-4d0e-be62-7bf695a1a42e', 'context': [<snowplow_tracker.self_describing_json.SelfDescribingJson object at 0x75e654304290>]}
[0m12:50:08.536673 [info ] [Thread-1 (]: 11 of 18 OK created sql table model datamart.dim_paciente ...................... [[32mSELECT 20[0m in 0.21s]
[0m12:50:08.538818 [debug] [Thread-1 (]: Finished running node model.centro_psicologico.dim_paciente
[0m12:50:08.540854 [debug] [Thread-1 (]: Began running node model.centro_psicologico.dim_psicologo
[0m12:50:08.542918 [info ] [Thread-1 (]: 12 of 18 START sql table model datamart.dim_psicologo .......................... [RUN]
[0m12:50:08.545100 [debug] [Thread-1 (]: Re-using an available connection from the pool (formerly model.centro_psicologico.dim_paciente, now model.centro_psicologico.dim_psicologo)
[0m12:50:08.546844 [debug] [Thread-1 (]: Began compiling node model.centro_psicologico.dim_psicologo
[0m12:50:08.551411 [debug] [Thread-1 (]: Writing injected SQL for node "model.centro_psicologico.dim_psicologo"
[0m12:50:08.568655 [debug] [Thread-1 (]: Began executing node model.centro_psicologico.dim_psicologo
[0m12:50:08.575463 [debug] [Thread-1 (]: Writing runtime sql for node "model.centro_psicologico.dim_psicologo"
[0m12:50:08.592118 [debug] [Thread-1 (]: Using postgres connection "model.centro_psicologico.dim_psicologo"
[0m12:50:08.594066 [debug] [Thread-1 (]: On model.centro_psicologico.dim_psicologo: BEGIN
[0m12:50:08.595810 [debug] [Thread-1 (]: Opening a new connection, currently in state closed
[0m12:50:08.609422 [debug] [Thread-1 (]: SQL status: BEGIN in 0.014 seconds
[0m12:50:08.611419 [debug] [Thread-1 (]: Using postgres connection "model.centro_psicologico.dim_psicologo"
[0m12:50:08.613436 [debug] [Thread-1 (]: On model.centro_psicologico.dim_psicologo: /* {"app": "dbt", "dbt_version": "1.12.0b1", "profile_name": "centro_psicologico", "target_name": "dev", "node_id": "model.centro_psicologico.dim_psicologo"} */

  
    

  create  table "dm_centro_psicologico"."datamart"."dim_psicologo__dbt_tmp"
  
  
    as
  
  (
    select
    psicologo_id,
    dni,
    nombres,
    especialidad,
    cpp,
    modalidad,
    sede_id,
    estado
from "dm_centro_psicologico"."staging"."stg_psicologos"
  );
  
[0m12:50:08.627068 [debug] [Thread-1 (]: SQL status: SELECT 4 in 0.011 seconds
[0m12:50:08.633130 [debug] [Thread-1 (]: Using postgres connection "model.centro_psicologico.dim_psicologo"
[0m12:50:08.634782 [debug] [Thread-1 (]: On model.centro_psicologico.dim_psicologo: /* {"app": "dbt", "dbt_version": "1.12.0b1", "profile_name": "centro_psicologico", "target_name": "dev", "node_id": "model.centro_psicologico.dim_psicologo"} */
alter table "dm_centro_psicologico"."datamart"."dim_psicologo" rename to "dim_psicologo__dbt_backup"
[0m12:50:08.639862 [debug] [Thread-1 (]: SQL status: ALTER TABLE in 0.001 seconds
[0m12:50:08.645865 [debug] [Thread-1 (]: Using postgres connection "model.centro_psicologico.dim_psicologo"
[0m12:50:08.648126 [debug] [Thread-1 (]: On model.centro_psicologico.dim_psicologo: /* {"app": "dbt", "dbt_version": "1.12.0b1", "profile_name": "centro_psicologico", "target_name": "dev", "node_id": "model.centro_psicologico.dim_psicologo"} */
alter table "dm_centro_psicologico"."datamart"."dim_psicologo__dbt_tmp" rename to "dim_psicologo"
[0m12:50:08.650705 [debug] [Thread-1 (]: SQL status: ALTER TABLE in 0.000 seconds
[0m12:50:08.653403 [debug] [Thread-1 (]: On model.centro_psicologico.dim_psicologo: COMMIT
[0m12:50:08.655261 [debug] [Thread-1 (]: Using postgres connection "model.centro_psicologico.dim_psicologo"
[0m12:50:08.657070 [debug] [Thread-1 (]: On model.centro_psicologico.dim_psicologo: COMMIT
[0m12:50:08.662666 [debug] [Thread-1 (]: SQL status: COMMIT in 0.004 seconds
[0m12:50:08.667689 [debug] [Thread-1 (]: Applying DROP to: "dm_centro_psicologico"."datamart"."dim_psicologo__dbt_backup"
[0m12:50:08.669915 [debug] [Thread-1 (]: Using postgres connection "model.centro_psicologico.dim_psicologo"
[0m12:50:08.671598 [debug] [Thread-1 (]: On model.centro_psicologico.dim_psicologo: /* {"app": "dbt", "dbt_version": "1.12.0b1", "profile_name": "centro_psicologico", "target_name": "dev", "node_id": "model.centro_psicologico.dim_psicologo"} */
drop table if exists "dm_centro_psicologico"."datamart"."dim_psicologo__dbt_backup" cascade
[0m12:50:08.678851 [debug] [Thread-1 (]: SQL status: DROP TABLE in 0.005 seconds
[0m12:50:08.682221 [debug] [Thread-1 (]: On model.centro_psicologico.dim_psicologo: Close
[0m12:50:08.684436 [debug] [Thread-1 (]: Sending event: {'category': 'dbt', 'action': 'run_model', 'label': '6aaad701-c67c-4d0e-be62-7bf695a1a42e', 'context': [<snowplow_tracker.self_describing_json.SelfDescribingJson object at 0x75e65817c950>]}
[0m12:50:08.688337 [info ] [Thread-1 (]: 12 of 18 OK created sql table model datamart.dim_psicologo ..................... [[32mSELECT 4[0m in 0.14s]
[0m12:50:08.690812 [debug] [Thread-1 (]: Finished running node model.centro_psicologico.dim_psicologo
[0m12:50:08.692650 [debug] [Thread-1 (]: Began running node model.centro_psicologico.dim_sede
[0m12:50:08.694646 [info ] [Thread-1 (]: 13 of 18 START sql table model datamart.dim_sede ............................... [RUN]
[0m12:50:08.697055 [debug] [Thread-1 (]: Re-using an available connection from the pool (formerly model.centro_psicologico.dim_psicologo, now model.centro_psicologico.dim_sede)
[0m12:50:08.699306 [debug] [Thread-1 (]: Began compiling node model.centro_psicologico.dim_sede
[0m12:50:08.704051 [debug] [Thread-1 (]: Writing injected SQL for node "model.centro_psicologico.dim_sede"
[0m12:50:08.720781 [debug] [Thread-1 (]: Began executing node model.centro_psicologico.dim_sede
[0m12:50:08.726060 [debug] [Thread-1 (]: Writing runtime sql for node "model.centro_psicologico.dim_sede"
[0m12:50:08.748073 [debug] [Thread-1 (]: Using postgres connection "model.centro_psicologico.dim_sede"
[0m12:50:08.751460 [debug] [Thread-1 (]: On model.centro_psicologico.dim_sede: BEGIN
[0m12:50:08.753960 [debug] [Thread-1 (]: Opening a new connection, currently in state closed
[0m12:50:08.773190 [debug] [Thread-1 (]: SQL status: BEGIN in 0.019 seconds
[0m12:50:08.777265 [debug] [Thread-1 (]: Using postgres connection "model.centro_psicologico.dim_sede"
[0m12:50:08.780185 [debug] [Thread-1 (]: On model.centro_psicologico.dim_sede: /* {"app": "dbt", "dbt_version": "1.12.0b1", "profile_name": "centro_psicologico", "target_name": "dev", "node_id": "model.centro_psicologico.dim_sede"} */

  
    

  create  table "dm_centro_psicologico"."datamart"."dim_sede__dbt_tmp"
  
  
    as
  
  (
    select
    sede_id,
    nombre_sede,
    ciudad,
    tiene_online,
    estado
from "dm_centro_psicologico"."staging"."stg_sedes"
  );
  
[0m12:50:08.832124 [debug] [Thread-1 (]: SQL status: SELECT 3 in 0.050 seconds
[0m12:50:08.845967 [debug] [Thread-1 (]: Using postgres connection "model.centro_psicologico.dim_sede"
[0m12:50:08.849069 [debug] [Thread-1 (]: On model.centro_psicologico.dim_sede: /* {"app": "dbt", "dbt_version": "1.12.0b1", "profile_name": "centro_psicologico", "target_name": "dev", "node_id": "model.centro_psicologico.dim_sede"} */
alter table "dm_centro_psicologico"."datamart"."dim_sede" rename to "dim_sede__dbt_backup"
[0m12:50:08.853672 [debug] [Thread-1 (]: SQL status: ALTER TABLE in 0.001 seconds
[0m12:50:08.862978 [debug] [Thread-1 (]: Using postgres connection "model.centro_psicologico.dim_sede"
[0m12:50:08.865875 [debug] [Thread-1 (]: On model.centro_psicologico.dim_sede: /* {"app": "dbt", "dbt_version": "1.12.0b1", "profile_name": "centro_psicologico", "target_name": "dev", "node_id": "model.centro_psicologico.dim_sede"} */
alter table "dm_centro_psicologico"."datamart"."dim_sede__dbt_tmp" rename to "dim_sede"
[0m12:50:08.869431 [debug] [Thread-1 (]: SQL status: ALTER TABLE in 0.001 seconds
[0m12:50:08.876453 [debug] [Thread-1 (]: On model.centro_psicologico.dim_sede: COMMIT
[0m12:50:08.884341 [debug] [Thread-1 (]: Using postgres connection "model.centro_psicologico.dim_sede"
[0m12:50:08.886705 [debug] [Thread-1 (]: On model.centro_psicologico.dim_sede: COMMIT
[0m12:50:08.893662 [debug] [Thread-1 (]: SQL status: COMMIT in 0.004 seconds
[0m12:50:08.900778 [debug] [Thread-1 (]: Applying DROP to: "dm_centro_psicologico"."datamart"."dim_sede__dbt_backup"
[0m12:50:08.903711 [debug] [Thread-1 (]: Using postgres connection "model.centro_psicologico.dim_sede"
[0m12:50:08.907486 [debug] [Thread-1 (]: On model.centro_psicologico.dim_sede: /* {"app": "dbt", "dbt_version": "1.12.0b1", "profile_name": "centro_psicologico", "target_name": "dev", "node_id": "model.centro_psicologico.dim_sede"} */
drop table if exists "dm_centro_psicologico"."datamart"."dim_sede__dbt_backup" cascade
[0m12:50:08.926677 [debug] [Thread-1 (]: SQL status: DROP TABLE in 0.015 seconds
[0m12:50:08.929223 [debug] [Thread-1 (]: On model.centro_psicologico.dim_sede: Close
[0m12:50:08.931493 [debug] [Thread-1 (]: Sending event: {'category': 'dbt', 'action': 'run_model', 'label': '6aaad701-c67c-4d0e-be62-7bf695a1a42e', 'context': [<snowplow_tracker.self_describing_json.SelfDescribingJson object at 0x75e655489390>]}
[0m12:50:08.933350 [info ] [Thread-1 (]: 13 of 18 OK created sql table model datamart.dim_sede .......................... [[32mSELECT 3[0m in 0.23s]
[0m12:50:08.935150 [debug] [Thread-1 (]: Finished running node model.centro_psicologico.dim_sede
[0m12:50:08.936815 [debug] [Thread-1 (]: Began running node model.centro_psicologico.dim_servicio
[0m12:50:08.942392 [info ] [Thread-1 (]: 14 of 18 START sql table model datamart.dim_servicio ........................... [RUN]
[0m12:50:08.944578 [debug] [Thread-1 (]: Re-using an available connection from the pool (formerly model.centro_psicologico.dim_sede, now model.centro_psicologico.dim_servicio)
[0m12:50:08.946468 [debug] [Thread-1 (]: Began compiling node model.centro_psicologico.dim_servicio
[0m12:50:08.951567 [debug] [Thread-1 (]: Writing injected SQL for node "model.centro_psicologico.dim_servicio"
[0m12:50:08.975829 [debug] [Thread-1 (]: Began executing node model.centro_psicologico.dim_servicio
[0m12:50:08.989605 [debug] [Thread-1 (]: Writing runtime sql for node "model.centro_psicologico.dim_servicio"
[0m12:50:09.019284 [debug] [Thread-1 (]: Using postgres connection "model.centro_psicologico.dim_servicio"
[0m12:50:09.021242 [debug] [Thread-1 (]: On model.centro_psicologico.dim_servicio: BEGIN
[0m12:50:09.022773 [debug] [Thread-1 (]: Opening a new connection, currently in state closed
[0m12:50:09.133766 [debug] [Thread-1 (]: SQL status: BEGIN in 0.111 seconds
[0m12:50:09.135885 [debug] [Thread-1 (]: Using postgres connection "model.centro_psicologico.dim_servicio"
[0m12:50:09.137578 [debug] [Thread-1 (]: On model.centro_psicologico.dim_servicio: /* {"app": "dbt", "dbt_version": "1.12.0b1", "profile_name": "centro_psicologico", "target_name": "dev", "node_id": "model.centro_psicologico.dim_servicio"} */

  
    

  create  table "dm_centro_psicologico"."datamart"."dim_servicio__dbt_tmp"
  
  
    as
  
  (
    with sesiones as (
    select * from "dm_centro_psicologico"."staging"."stg_sesiones"
),
historias as (
    select historia_id, tipo_historial from "dm_centro_psicologico"."staging"."stg_historia_clinica"
)
select distinct
    s.etapa_atencion,
    h.tipo_historial,
    s.modalidad,
    avg(s.duracion_min)::int                                                    as duracion_estandar,
    case when h.tipo_historial = 'PAREJA' then 230.00 else 150.00 end           as precio_base,
    s.etapa_atencion || ' - ' || h.tipo_historial || ' - ' || s.modalidad       as descripcion
from sesiones s
left join historias h on s.historia_id = h.historia_id
where s.etapa_atencion is not null
group by s.etapa_atencion, h.tipo_historial, s.modalidad
  );
  
[0m12:50:09.195148 [debug] [Thread-1 (]: SQL status: SELECT 22 in 0.055 seconds
[0m12:50:09.212007 [debug] [Thread-1 (]: Using postgres connection "model.centro_psicologico.dim_servicio"
[0m12:50:09.218246 [debug] [Thread-1 (]: On model.centro_psicologico.dim_servicio: /* {"app": "dbt", "dbt_version": "1.12.0b1", "profile_name": "centro_psicologico", "target_name": "dev", "node_id": "model.centro_psicologico.dim_servicio"} */
alter table "dm_centro_psicologico"."datamart"."dim_servicio" rename to "dim_servicio__dbt_backup"
[0m12:50:09.223239 [debug] [Thread-1 (]: SQL status: ALTER TABLE in 0.003 seconds
[0m12:50:09.233767 [debug] [Thread-1 (]: Using postgres connection "model.centro_psicologico.dim_servicio"
[0m12:50:09.235736 [debug] [Thread-1 (]: On model.centro_psicologico.dim_servicio: /* {"app": "dbt", "dbt_version": "1.12.0b1", "profile_name": "centro_psicologico", "target_name": "dev", "node_id": "model.centro_psicologico.dim_servicio"} */
alter table "dm_centro_psicologico"."datamart"."dim_servicio__dbt_tmp" rename to "dim_servicio"
[0m12:50:09.238856 [debug] [Thread-1 (]: SQL status: ALTER TABLE in 0.001 seconds
[0m12:50:09.241880 [debug] [Thread-1 (]: On model.centro_psicologico.dim_servicio: COMMIT
[0m12:50:09.243606 [debug] [Thread-1 (]: Using postgres connection "model.centro_psicologico.dim_servicio"
[0m12:50:09.245868 [debug] [Thread-1 (]: On model.centro_psicologico.dim_servicio: COMMIT
[0m12:50:09.251188 [debug] [Thread-1 (]: SQL status: COMMIT in 0.003 seconds
[0m12:50:09.256867 [debug] [Thread-1 (]: Applying DROP to: "dm_centro_psicologico"."datamart"."dim_servicio__dbt_backup"
[0m12:50:09.259908 [debug] [Thread-1 (]: Using postgres connection "model.centro_psicologico.dim_servicio"
[0m12:50:09.275512 [debug] [Thread-1 (]: On model.centro_psicologico.dim_servicio: /* {"app": "dbt", "dbt_version": "1.12.0b1", "profile_name": "centro_psicologico", "target_name": "dev", "node_id": "model.centro_psicologico.dim_servicio"} */
drop table if exists "dm_centro_psicologico"."datamart"."dim_servicio__dbt_backup" cascade
[0m12:50:09.289041 [debug] [Thread-1 (]: SQL status: DROP TABLE in 0.007 seconds
[0m12:50:09.293282 [debug] [Thread-1 (]: On model.centro_psicologico.dim_servicio: Close
[0m12:50:09.300449 [debug] [Thread-1 (]: Sending event: {'category': 'dbt', 'action': 'run_model', 'label': '6aaad701-c67c-4d0e-be62-7bf695a1a42e', 'context': [<snowplow_tracker.self_describing_json.SelfDescribingJson object at 0x75e654396890>]}
[0m12:50:09.304318 [info ] [Thread-1 (]: 14 of 18 OK created sql table model datamart.dim_servicio ...................... [[32mSELECT 22[0m in 0.36s]
[0m12:50:09.309458 [debug] [Thread-1 (]: Finished running node model.centro_psicologico.dim_servicio
[0m12:50:09.311838 [debug] [Thread-1 (]: Began running node model.centro_psicologico.dim_tiempo
[0m12:50:09.315038 [info ] [Thread-1 (]: 15 of 18 START sql table model datamart.dim_tiempo ............................. [RUN]
[0m12:50:09.317729 [debug] [Thread-1 (]: Re-using an available connection from the pool (formerly model.centro_psicologico.dim_servicio, now model.centro_psicologico.dim_tiempo)
[0m12:50:09.319815 [debug] [Thread-1 (]: Began compiling node model.centro_psicologico.dim_tiempo
[0m12:50:09.324160 [debug] [Thread-1 (]: Writing injected SQL for node "model.centro_psicologico.dim_tiempo"
[0m12:50:09.339243 [debug] [Thread-1 (]: Began executing node model.centro_psicologico.dim_tiempo
[0m12:50:09.345247 [debug] [Thread-1 (]: Writing runtime sql for node "model.centro_psicologico.dim_tiempo"
[0m12:50:09.363199 [debug] [Thread-1 (]: Using postgres connection "model.centro_psicologico.dim_tiempo"
[0m12:50:09.366470 [debug] [Thread-1 (]: On model.centro_psicologico.dim_tiempo: BEGIN
[0m12:50:09.368315 [debug] [Thread-1 (]: Opening a new connection, currently in state closed
[0m12:50:09.476304 [debug] [Thread-1 (]: SQL status: BEGIN in 0.108 seconds
[0m12:50:09.477788 [debug] [Thread-1 (]: Using postgres connection "model.centro_psicologico.dim_tiempo"
[0m12:50:09.478979 [debug] [Thread-1 (]: On model.centro_psicologico.dim_tiempo: /* {"app": "dbt", "dbt_version": "1.12.0b1", "profile_name": "centro_psicologico", "target_name": "dev", "node_id": "model.centro_psicologico.dim_tiempo"} */

  
    

  create  table "dm_centro_psicologico"."datamart"."dim_tiempo__dbt_tmp"
  
  
    as
  
  (
    select distinct
    fecha_sesion                                                              as fecha,
    extract(year    from fecha_sesion)::int                                   as anio,
    case when extract(month from fecha_sesion) <= 6 then 1 else 2 end        as semestre,
    extract(quarter from fecha_sesion)::int                                   as trimestre,
    'Q' || extract(quarter from fecha_sesion)::text                           as trim_desc,
    extract(month   from fecha_sesion)::int                                   as mes,
    to_char(fecha_sesion, 'TMMonth')                                          as mes_desc,
    extract(week    from fecha_sesion)::int                                   as semana_anio,
    extract(day     from fecha_sesion)::int                                   as dia_mes,
    extract(isodow  from fecha_sesion)::int                                   as dia_semana,
    to_char(fecha_sesion, 'TMDay')                                            as dia_semana_desc,
    (extract(isodow from fecha_sesion) >= 6)                                  as es_fin_semana
from "dm_centro_psicologico"."staging"."stg_sesiones"
  );
  
[0m12:50:09.529005 [debug] [Thread-1 (]: SQL status: SELECT 48 in 0.048 seconds
[0m12:50:09.534558 [debug] [Thread-1 (]: Using postgres connection "model.centro_psicologico.dim_tiempo"
[0m12:50:09.538449 [debug] [Thread-1 (]: On model.centro_psicologico.dim_tiempo: /* {"app": "dbt", "dbt_version": "1.12.0b1", "profile_name": "centro_psicologico", "target_name": "dev", "node_id": "model.centro_psicologico.dim_tiempo"} */
alter table "dm_centro_psicologico"."datamart"."dim_tiempo" rename to "dim_tiempo__dbt_backup"
[0m12:50:09.542326 [debug] [Thread-1 (]: SQL status: ALTER TABLE in 0.001 seconds
[0m12:50:09.546613 [debug] [Thread-1 (]: Using postgres connection "model.centro_psicologico.dim_tiempo"
[0m12:50:09.548201 [debug] [Thread-1 (]: On model.centro_psicologico.dim_tiempo: /* {"app": "dbt", "dbt_version": "1.12.0b1", "profile_name": "centro_psicologico", "target_name": "dev", "node_id": "model.centro_psicologico.dim_tiempo"} */
alter table "dm_centro_psicologico"."datamart"."dim_tiempo__dbt_tmp" rename to "dim_tiempo"
[0m12:50:09.550673 [debug] [Thread-1 (]: SQL status: ALTER TABLE in 0.001 seconds
[0m12:50:09.554257 [debug] [Thread-1 (]: On model.centro_psicologico.dim_tiempo: COMMIT
[0m12:50:09.556067 [debug] [Thread-1 (]: Using postgres connection "model.centro_psicologico.dim_tiempo"
[0m12:50:09.558252 [debug] [Thread-1 (]: On model.centro_psicologico.dim_tiempo: COMMIT
[0m12:50:09.562570 [debug] [Thread-1 (]: SQL status: COMMIT in 0.002 seconds
[0m12:50:09.566983 [debug] [Thread-1 (]: Applying DROP to: "dm_centro_psicologico"."datamart"."dim_tiempo__dbt_backup"
[0m12:50:09.569751 [debug] [Thread-1 (]: Using postgres connection "model.centro_psicologico.dim_tiempo"
[0m12:50:09.571793 [debug] [Thread-1 (]: On model.centro_psicologico.dim_tiempo: /* {"app": "dbt", "dbt_version": "1.12.0b1", "profile_name": "centro_psicologico", "target_name": "dev", "node_id": "model.centro_psicologico.dim_tiempo"} */
drop table if exists "dm_centro_psicologico"."datamart"."dim_tiempo__dbt_backup" cascade
[0m12:50:09.585299 [debug] [Thread-1 (]: SQL status: DROP TABLE in 0.011 seconds
[0m12:50:09.588103 [debug] [Thread-1 (]: On model.centro_psicologico.dim_tiempo: Close
[0m12:50:09.590652 [debug] [Thread-1 (]: Sending event: {'category': 'dbt', 'action': 'run_model', 'label': '6aaad701-c67c-4d0e-be62-7bf695a1a42e', 'context': [<snowplow_tracker.self_describing_json.SelfDescribingJson object at 0x75e657dfab90>]}
[0m12:50:09.592473 [info ] [Thread-1 (]: 15 of 18 OK created sql table model datamart.dim_tiempo ........................ [[32mSELECT 48[0m in 0.27s]
[0m12:50:09.594687 [debug] [Thread-1 (]: Finished running node model.centro_psicologico.dim_tiempo
[0m12:50:09.596512 [debug] [Thread-1 (]: Began running node model.centro_psicologico.fact_evaluacion
[0m12:50:09.599238 [info ] [Thread-1 (]: 16 of 18 START sql table model datamart.fact_evaluacion ........................ [RUN]
[0m12:50:09.601991 [debug] [Thread-1 (]: Re-using an available connection from the pool (formerly model.centro_psicologico.dim_tiempo, now model.centro_psicologico.fact_evaluacion)
[0m12:50:09.603744 [debug] [Thread-1 (]: Began compiling node model.centro_psicologico.fact_evaluacion
[0m12:50:09.609546 [debug] [Thread-1 (]: Writing injected SQL for node "model.centro_psicologico.fact_evaluacion"
[0m12:50:09.643283 [debug] [Thread-1 (]: Began executing node model.centro_psicologico.fact_evaluacion
[0m12:50:09.655933 [debug] [Thread-1 (]: Writing runtime sql for node "model.centro_psicologico.fact_evaluacion"
[0m12:50:09.688095 [debug] [Thread-1 (]: Using postgres connection "model.centro_psicologico.fact_evaluacion"
[0m12:50:09.689897 [debug] [Thread-1 (]: On model.centro_psicologico.fact_evaluacion: BEGIN
[0m12:50:09.691651 [debug] [Thread-1 (]: Opening a new connection, currently in state closed
[0m12:50:09.945163 [debug] [Thread-1 (]: SQL status: BEGIN in 0.253 seconds
[0m12:50:09.947353 [debug] [Thread-1 (]: Using postgres connection "model.centro_psicologico.fact_evaluacion"
[0m12:50:09.949567 [debug] [Thread-1 (]: On model.centro_psicologico.fact_evaluacion: /* {"app": "dbt", "dbt_version": "1.12.0b1", "profile_name": "centro_psicologico", "target_name": "dev", "node_id": "model.centro_psicologico.fact_evaluacion"} */

  
    

  create  table "dm_centro_psicologico"."datamart"."fact_evaluacion__dbt_tmp"
  
  
    as
  
  (
    with evaluaciones as (
    select * from "dm_centro_psicologico"."staging"."stg_evaluaciones"
),
sesiones as (
    select sesion_id, historia_id, psicologo_id, fecha_sesion from "dm_centro_psicologico"."staging"."stg_sesiones"
),
historias as (
    select historia_id, paciente_id from "dm_centro_psicologico"."staging"."stg_historia_clinica"
)
select
    e.evaluacion_id,
    e.sesion_id,
    s.fecha_sesion,
    h.paciente_id,
    s.psicologo_id,
    s.historia_id,
    e.puntaje_cdi,
    e.puntaje_stai,
    case
        when e.puntaje_cdi  >= 30 then 'SEVERO'
        when e.puntaje_cdi  >= 20 then 'MODERADO'
        when e.puntaje_cdi  >= 10 then 'LEVE'
        else 'NORMAL'
    end                                         as nivel_depresion,
    case
        when e.puntaje_stai >= 60 then 'ALTO'
        when e.puntaje_stai >= 40 then 'MODERADO'
        else 'BAJO'
    end                                         as nivel_ansiedad,
    e.metodos_aplicados,
    e.fecha_evaluacion
from evaluaciones e
left join sesiones  s on e.sesion_id  = s.sesion_id
left join historias h on s.historia_id = h.historia_id
  );
  
[0m12:50:10.132033 [debug] [Thread-1 (]: SQL status: SELECT 9 in 0.181 seconds
[0m12:50:10.137402 [debug] [Thread-1 (]: Using postgres connection "model.centro_psicologico.fact_evaluacion"
[0m12:50:10.139426 [debug] [Thread-1 (]: On model.centro_psicologico.fact_evaluacion: /* {"app": "dbt", "dbt_version": "1.12.0b1", "profile_name": "centro_psicologico", "target_name": "dev", "node_id": "model.centro_psicologico.fact_evaluacion"} */
alter table "dm_centro_psicologico"."datamart"."fact_evaluacion" rename to "fact_evaluacion__dbt_backup"
[0m12:50:10.144532 [debug] [Thread-1 (]: SQL status: ALTER TABLE in 0.003 seconds
[0m12:50:10.151036 [debug] [Thread-1 (]: Using postgres connection "model.centro_psicologico.fact_evaluacion"
[0m12:50:10.153015 [debug] [Thread-1 (]: On model.centro_psicologico.fact_evaluacion: /* {"app": "dbt", "dbt_version": "1.12.0b1", "profile_name": "centro_psicologico", "target_name": "dev", "node_id": "model.centro_psicologico.fact_evaluacion"} */
alter table "dm_centro_psicologico"."datamart"."fact_evaluacion__dbt_tmp" rename to "fact_evaluacion"
[0m12:50:10.155526 [debug] [Thread-1 (]: SQL status: ALTER TABLE in 0.001 seconds
[0m12:50:10.158229 [debug] [Thread-1 (]: On model.centro_psicologico.fact_evaluacion: COMMIT
[0m12:50:10.160203 [debug] [Thread-1 (]: Using postgres connection "model.centro_psicologico.fact_evaluacion"
[0m12:50:10.162113 [debug] [Thread-1 (]: On model.centro_psicologico.fact_evaluacion: COMMIT
[0m12:50:10.166275 [debug] [Thread-1 (]: SQL status: COMMIT in 0.002 seconds
[0m12:50:10.171219 [debug] [Thread-1 (]: Applying DROP to: "dm_centro_psicologico"."datamart"."fact_evaluacion__dbt_backup"
[0m12:50:10.173376 [debug] [Thread-1 (]: Using postgres connection "model.centro_psicologico.fact_evaluacion"
[0m12:50:10.175281 [debug] [Thread-1 (]: On model.centro_psicologico.fact_evaluacion: /* {"app": "dbt", "dbt_version": "1.12.0b1", "profile_name": "centro_psicologico", "target_name": "dev", "node_id": "model.centro_psicologico.fact_evaluacion"} */
drop table if exists "dm_centro_psicologico"."datamart"."fact_evaluacion__dbt_backup" cascade
[0m12:50:10.184188 [debug] [Thread-1 (]: SQL status: DROP TABLE in 0.007 seconds
[0m12:50:10.187846 [debug] [Thread-1 (]: On model.centro_psicologico.fact_evaluacion: Close
[0m12:50:10.190175 [debug] [Thread-1 (]: Sending event: {'category': 'dbt', 'action': 'run_model', 'label': '6aaad701-c67c-4d0e-be62-7bf695a1a42e', 'context': [<snowplow_tracker.self_describing_json.SelfDescribingJson object at 0x75e6542fc7d0>]}
[0m12:50:10.192842 [info ] [Thread-1 (]: 16 of 18 OK created sql table model datamart.fact_evaluacion ................... [[32mSELECT 9[0m in 0.59s]
[0m12:50:10.195483 [debug] [Thread-1 (]: Finished running node model.centro_psicologico.fact_evaluacion
[0m12:50:10.199266 [debug] [Thread-1 (]: Began running node model.centro_psicologico.fact_facturacion
[0m12:50:10.202863 [info ] [Thread-1 (]: 17 of 18 START sql table model datamart.fact_facturacion ....................... [RUN]
[0m12:50:10.208514 [debug] [Thread-1 (]: Re-using an available connection from the pool (formerly model.centro_psicologico.fact_evaluacion, now model.centro_psicologico.fact_facturacion)
[0m12:50:10.209966 [debug] [Thread-1 (]: Began compiling node model.centro_psicologico.fact_facturacion
[0m12:50:10.217654 [debug] [Thread-1 (]: Writing injected SQL for node "model.centro_psicologico.fact_facturacion"
[0m12:50:10.249533 [debug] [Thread-1 (]: Began executing node model.centro_psicologico.fact_facturacion
[0m12:50:10.257395 [debug] [Thread-1 (]: Writing runtime sql for node "model.centro_psicologico.fact_facturacion"
[0m12:50:10.276460 [debug] [Thread-1 (]: Using postgres connection "model.centro_psicologico.fact_facturacion"
[0m12:50:10.279060 [debug] [Thread-1 (]: On model.centro_psicologico.fact_facturacion: BEGIN
[0m12:50:10.280805 [debug] [Thread-1 (]: Opening a new connection, currently in state closed
[0m12:50:10.292836 [debug] [Thread-1 (]: SQL status: BEGIN in 0.012 seconds
[0m12:50:10.295602 [debug] [Thread-1 (]: Using postgres connection "model.centro_psicologico.fact_facturacion"
[0m12:50:10.297367 [debug] [Thread-1 (]: On model.centro_psicologico.fact_facturacion: /* {"app": "dbt", "dbt_version": "1.12.0b1", "profile_name": "centro_psicologico", "target_name": "dev", "node_id": "model.centro_psicologico.fact_facturacion"} */

  
    

  create  table "dm_centro_psicologico"."datamart"."fact_facturacion__dbt_tmp"
  
  
    as
  
  (
    with pagos as (
    select * from "dm_centro_psicologico"."staging"."stg_pagos"
),
sesiones as (
    select sesion_id, historia_id, psicologo_id from "dm_centro_psicologico"."staging"."stg_sesiones"
),
historias as (
    select historia_id, paciente_id from "dm_centro_psicologico"."staging"."stg_historia_clinica"
),
psicologos as (
    select psicologo_id, sede_id from "dm_centro_psicologico"."staging"."stg_psicologos"
)
select
    pg.pago_id,
    pg.sesion_id,
    pg.fecha_pago,
    h.paciente_id,
    s.psicologo_id,
    p.sede_id,
    pg.monto                        as monto_cobrado,
    pg.metodo_pago,
    pg.estado_pago,
    pg.comprobante
from pagos pg
left join sesiones   s  on pg.sesion_id   = s.sesion_id
left join historias  h  on s.historia_id  = h.historia_id
left join psicologos p  on s.psicologo_id = p.psicologo_id
where pg.estado_pago = 'PAGADO'
  );
  
[0m12:50:10.323283 [debug] [Thread-1 (]: SQL status: SELECT 45 in 0.024 seconds
[0m12:50:10.328402 [debug] [Thread-1 (]: Using postgres connection "model.centro_psicologico.fact_facturacion"
[0m12:50:10.329898 [debug] [Thread-1 (]: On model.centro_psicologico.fact_facturacion: /* {"app": "dbt", "dbt_version": "1.12.0b1", "profile_name": "centro_psicologico", "target_name": "dev", "node_id": "model.centro_psicologico.fact_facturacion"} */
alter table "dm_centro_psicologico"."datamart"."fact_facturacion" rename to "fact_facturacion__dbt_backup"
[0m12:50:10.331802 [debug] [Thread-1 (]: SQL status: ALTER TABLE in 0.001 seconds
[0m12:50:10.336685 [debug] [Thread-1 (]: Using postgres connection "model.centro_psicologico.fact_facturacion"
[0m12:50:10.338104 [debug] [Thread-1 (]: On model.centro_psicologico.fact_facturacion: /* {"app": "dbt", "dbt_version": "1.12.0b1", "profile_name": "centro_psicologico", "target_name": "dev", "node_id": "model.centro_psicologico.fact_facturacion"} */
alter table "dm_centro_psicologico"."datamart"."fact_facturacion__dbt_tmp" rename to "fact_facturacion"
[0m12:50:10.339839 [debug] [Thread-1 (]: SQL status: ALTER TABLE in 0.000 seconds
[0m12:50:10.342542 [debug] [Thread-1 (]: On model.centro_psicologico.fact_facturacion: COMMIT
[0m12:50:10.344547 [debug] [Thread-1 (]: Using postgres connection "model.centro_psicologico.fact_facturacion"
[0m12:50:10.346131 [debug] [Thread-1 (]: On model.centro_psicologico.fact_facturacion: COMMIT
[0m12:50:10.350034 [debug] [Thread-1 (]: SQL status: COMMIT in 0.002 seconds
[0m12:50:10.354560 [debug] [Thread-1 (]: Applying DROP to: "dm_centro_psicologico"."datamart"."fact_facturacion__dbt_backup"
[0m12:50:10.356194 [debug] [Thread-1 (]: Using postgres connection "model.centro_psicologico.fact_facturacion"
[0m12:50:10.357638 [debug] [Thread-1 (]: On model.centro_psicologico.fact_facturacion: /* {"app": "dbt", "dbt_version": "1.12.0b1", "profile_name": "centro_psicologico", "target_name": "dev", "node_id": "model.centro_psicologico.fact_facturacion"} */
drop table if exists "dm_centro_psicologico"."datamart"."fact_facturacion__dbt_backup" cascade
[0m12:50:10.363010 [debug] [Thread-1 (]: SQL status: DROP TABLE in 0.004 seconds
[0m12:50:10.365299 [debug] [Thread-1 (]: On model.centro_psicologico.fact_facturacion: Close
[0m12:50:10.367266 [debug] [Thread-1 (]: Sending event: {'category': 'dbt', 'action': 'run_model', 'label': '6aaad701-c67c-4d0e-be62-7bf695a1a42e', 'context': [<snowplow_tracker.self_describing_json.SelfDescribingJson object at 0x75e655570e90>]}
[0m12:50:10.369038 [info ] [Thread-1 (]: 17 of 18 OK created sql table model datamart.fact_facturacion .................. [[32mSELECT 45[0m in 0.16s]
[0m12:50:10.370914 [debug] [Thread-1 (]: Finished running node model.centro_psicologico.fact_facturacion
[0m12:50:10.372569 [debug] [Thread-1 (]: Began running node model.centro_psicologico.fact_sesion
[0m12:50:10.374368 [info ] [Thread-1 (]: 18 of 18 START sql table model datamart.fact_sesion ............................ [RUN]
[0m12:50:10.376757 [debug] [Thread-1 (]: Re-using an available connection from the pool (formerly model.centro_psicologico.fact_facturacion, now model.centro_psicologico.fact_sesion)
[0m12:50:10.378607 [debug] [Thread-1 (]: Began compiling node model.centro_psicologico.fact_sesion
[0m12:50:10.383081 [debug] [Thread-1 (]: Writing injected SQL for node "model.centro_psicologico.fact_sesion"
[0m12:50:10.395491 [debug] [Thread-1 (]: Began executing node model.centro_psicologico.fact_sesion
[0m12:50:10.404590 [debug] [Thread-1 (]: Writing runtime sql for node "model.centro_psicologico.fact_sesion"
[0m12:50:10.416802 [debug] [Thread-1 (]: Using postgres connection "model.centro_psicologico.fact_sesion"
[0m12:50:10.418243 [debug] [Thread-1 (]: On model.centro_psicologico.fact_sesion: BEGIN
[0m12:50:10.419727 [debug] [Thread-1 (]: Opening a new connection, currently in state closed
[0m12:50:10.433828 [debug] [Thread-1 (]: SQL status: BEGIN in 0.014 seconds
[0m12:50:10.435406 [debug] [Thread-1 (]: Using postgres connection "model.centro_psicologico.fact_sesion"
[0m12:50:10.436765 [debug] [Thread-1 (]: On model.centro_psicologico.fact_sesion: /* {"app": "dbt", "dbt_version": "1.12.0b1", "profile_name": "centro_psicologico", "target_name": "dev", "node_id": "model.centro_psicologico.fact_sesion"} */

  
    

  create  table "dm_centro_psicologico"."datamart"."fact_sesion__dbt_tmp"
  
  
    as
  
  (
    with sesiones as (
    select * from "dm_centro_psicologico"."staging"."stg_sesiones"
),
historias as (
    select historia_id, paciente_id, tipo_historial from "dm_centro_psicologico"."staging"."stg_historia_clinica"
),
psicologos as (
    select psicologo_id, sede_id from "dm_centro_psicologico"."staging"."stg_psicologos"
)
select
    s.sesion_id,
    s.fecha_sesion,
    h.paciente_id,
    s.psicologo_id,
    p.sede_id,
    s.historia_id,
    s.nro_sesion,
    h.tipo_historial,
    s.etapa_atencion,
    s.modalidad,
    s.duracion_min,
    (s.estado_sesion = 'REALIZADA')::int    as flag_realizada,
    (s.estado_sesion = 'CANCELADA')::int    as flag_cancelada,
    (s.estado_sesion = 'NO_SHOW')::int      as flag_noshow,
    (s.nro_sesion = 1)::int                 as flag_primera_sesion,
    s.estado_sesion
from sesiones s
left join historias  h on s.historia_id  = h.historia_id
left join psicologos p on s.psicologo_id = p.psicologo_id
  );
  
[0m12:50:10.457685 [debug] [Thread-1 (]: SQL status: SELECT 52 in 0.019 seconds
[0m12:50:10.462029 [debug] [Thread-1 (]: Using postgres connection "model.centro_psicologico.fact_sesion"
[0m12:50:10.463820 [debug] [Thread-1 (]: On model.centro_psicologico.fact_sesion: /* {"app": "dbt", "dbt_version": "1.12.0b1", "profile_name": "centro_psicologico", "target_name": "dev", "node_id": "model.centro_psicologico.fact_sesion"} */
alter table "dm_centro_psicologico"."datamart"."fact_sesion" rename to "fact_sesion__dbt_backup"
[0m12:50:10.465881 [debug] [Thread-1 (]: SQL status: ALTER TABLE in 0.000 seconds
[0m12:50:10.470163 [debug] [Thread-1 (]: Using postgres connection "model.centro_psicologico.fact_sesion"
[0m12:50:10.472208 [debug] [Thread-1 (]: On model.centro_psicologico.fact_sesion: /* {"app": "dbt", "dbt_version": "1.12.0b1", "profile_name": "centro_psicologico", "target_name": "dev", "node_id": "model.centro_psicologico.fact_sesion"} */
alter table "dm_centro_psicologico"."datamart"."fact_sesion__dbt_tmp" rename to "fact_sesion"
[0m12:50:10.474488 [debug] [Thread-1 (]: SQL status: ALTER TABLE in 0.000 seconds
[0m12:50:10.476686 [debug] [Thread-1 (]: On model.centro_psicologico.fact_sesion: COMMIT
[0m12:50:10.478263 [debug] [Thread-1 (]: Using postgres connection "model.centro_psicologico.fact_sesion"
[0m12:50:10.479577 [debug] [Thread-1 (]: On model.centro_psicologico.fact_sesion: COMMIT
[0m12:50:10.482862 [debug] [Thread-1 (]: SQL status: COMMIT in 0.002 seconds
[0m12:50:10.486986 [debug] [Thread-1 (]: Applying DROP to: "dm_centro_psicologico"."datamart"."fact_sesion__dbt_backup"
[0m12:50:10.490607 [debug] [Thread-1 (]: Using postgres connection "model.centro_psicologico.fact_sesion"
[0m12:50:10.492432 [debug] [Thread-1 (]: On model.centro_psicologico.fact_sesion: /* {"app": "dbt", "dbt_version": "1.12.0b1", "profile_name": "centro_psicologico", "target_name": "dev", "node_id": "model.centro_psicologico.fact_sesion"} */
drop table if exists "dm_centro_psicologico"."datamart"."fact_sesion__dbt_backup" cascade
[0m12:50:10.501514 [debug] [Thread-1 (]: SQL status: DROP TABLE in 0.007 seconds
[0m12:50:10.504348 [debug] [Thread-1 (]: On model.centro_psicologico.fact_sesion: Close
[0m12:50:10.506670 [debug] [Thread-1 (]: Sending event: {'category': 'dbt', 'action': 'run_model', 'label': '6aaad701-c67c-4d0e-be62-7bf695a1a42e', 'context': [<snowplow_tracker.self_describing_json.SelfDescribingJson object at 0x75e659a5b190>]}
[0m12:50:10.508874 [info ] [Thread-1 (]: 18 of 18 OK created sql table model datamart.fact_sesion ....................... [[32mSELECT 52[0m in 0.13s]
[0m12:50:10.511123 [debug] [Thread-1 (]: Finished running node model.centro_psicologico.fact_sesion
[0m12:50:10.516829 [debug] [MainThread]: Using postgres connection "master"
[0m12:50:10.518909 [debug] [MainThread]: On master: BEGIN
[0m12:50:10.521413 [debug] [MainThread]: Opening a new connection, currently in state closed
[0m12:50:10.543895 [debug] [MainThread]: SQL status: BEGIN in 0.023 seconds
[0m12:50:10.545814 [debug] [MainThread]: On master: COMMIT
[0m12:50:10.548234 [debug] [MainThread]: Using postgres connection "master"
[0m12:50:10.552324 [debug] [MainThread]: On master: COMMIT
[0m12:50:10.554866 [debug] [MainThread]: SQL status: COMMIT in 0.000 seconds
[0m12:50:10.557605 [debug] [MainThread]: On master: Close
[0m12:50:10.559579 [debug] [MainThread]: Connection 'master' was properly closed.
[0m12:50:10.561833 [debug] [MainThread]: Connection 'model.centro_psicologico.fact_sesion' was properly closed.
[0m12:50:10.566675 [info ] [MainThread]: 
[0m12:50:10.569510 [info ] [MainThread]: Finished running 9 table models, 9 view models in 0 hours 0 minutes and 4.09 seconds (4.09s).
[0m12:50:10.576783 [debug] [MainThread]: Command end result
[0m12:50:10.724085 [debug] [MainThread]: Wrote artifact WritableManifest to /dbt/target/manifest.json
[0m12:50:10.739777 [debug] [MainThread]: Wrote artifact SemanticManifest to /dbt/target/semantic_manifest.json
[0m12:50:10.762032 [debug] [MainThread]: Wrote artifact RunExecutionResult to /dbt/target/run_results.json
[0m12:50:10.765117 [info ] [MainThread]: 
[0m12:50:10.767864 [info ] [MainThread]: [32mCompleted successfully[0m
[0m12:50:10.769881 [info ] [MainThread]: 
[0m12:50:10.772306 [info ] [MainThread]: Done. PASS=18 WARN=0 ERROR=0 SKIP=0 NO-OP=0 TOTAL=18
[0m12:50:10.775123 [debug] [MainThread]: Resource report: {"command_name": "run", "command_success": true, "command_wall_clock_time": 6.281904, "process_in_blocks": "0", "process_kernel_time": 0.867765, "process_mem_max_rss": "135388", "process_out_blocks": "3336", "process_user_time": 4.162757}
[0m12:50:10.777457 [debug] [MainThread]: Command `dbt run` succeeded at 12:50:10.777052 after 6.28 seconds
[0m12:50:10.781366 [debug] [MainThread]: Sending event: {'category': 'dbt', 'action': 'invocation', 'label': 'end', 'context': [<snowplow_tracker.self_describing_json.SelfDescribingJson object at 0x75e659c4f450>, <snowplow_tracker.self_describing_json.SelfDescribingJson object at 0x75e659af0350>, <snowplow_tracker.self_describing_json.SelfDescribingJson object at 0x75e659dc7f10>]}
[0m12:50:10.783633 [debug] [MainThread]: Flushing usage events
[0m12:50:11.559156 [debug] [MainThread]: An error was encountered while trying to flush usage events
[0m12:55:23.542232 [debug] [MainThread]: Sending event: {'category': 'dbt', 'action': 'invocation', 'label': 'start', 'context': [<snowplow_tracker.self_describing_json.SelfDescribingJson object at 0x774d8c92bd10>, <snowplow_tracker.self_describing_json.SelfDescribingJson object at 0x774d8ca83490>, <snowplow_tracker.self_describing_json.SelfDescribingJson object at 0x774d8ca83850>]}


============================== 12:55:23.551558 | fdf55102-9b2c-4f3f-8c17-dbcc5693fcea ==============================
[0m12:55:23.551558 [info ] [MainThread]: Running with dbt=1.12.0-b1
[0m12:55:23.553200 [debug] [MainThread]: running dbt with arguments {'invocation_command': 'dbt run --profiles-dir /dbt --project-dir /dbt', 'profiles_dir': '/dbt', 'use_experimental_parser': 'False', 'warn_error': 'None', 'fail_fast': 'False', 'version_check': 'True', 'debug': 'False', 'partial_parse': 'True', 'send_anonymous_usage_stats': 'True', 'introspect': 'True', 'warn_error_options': 'WarnErrorOptionsV2(error=[], warn=[], silence=[])', 'log_format': 'default', 'printer_width': '80', 'empty': 'False', 'log_cache_events': 'False', 'target_path': 'None', 'write_json': 'True', 'use_colors': 'True', 'indirect_selection': 'eager', 'no_print': 'None', 'cache_selected_only': 'False', 'quiet': 'False', 'log_path': '/dbt/logs', 'static_parser': 'True'}
[0m12:55:23.739566 [debug] [MainThread]: Sending event: {'category': 'dbt', 'action': 'project_id', 'label': 'fdf55102-9b2c-4f3f-8c17-dbcc5693fcea', 'context': [<snowplow_tracker.self_describing_json.SelfDescribingJson object at 0x774d8cee81d0>]}
[0m12:55:23.815717 [debug] [MainThread]: Sending event: {'category': 'dbt', 'action': 'adapter_info', 'label': 'fdf55102-9b2c-4f3f-8c17-dbcc5693fcea', 'context': [<snowplow_tracker.self_describing_json.SelfDescribingJson object at 0x774d8c96d210>]}
[0m12:55:23.819106 [info ] [MainThread]: Registered adapter: postgres=1.8.2
[0m12:55:23.919228 [debug] [MainThread]: checksum: 1a7660dd75a24e23ad8c25eccbd441ee29cfe6a52c305ba0de52fcc42234c020, vars: {}, profile: centro_psicologico, target: dev, version: 1.12.0b1
[0m12:55:24.028456 [info ] [MainThread]: Unable to do partial parsing because a project config has changed
[0m12:55:24.030438 [debug] [MainThread]: Sending event: {'category': 'dbt', 'action': 'partial_parser', 'label': 'fdf55102-9b2c-4f3f-8c17-dbcc5693fcea', 'context': [<snowplow_tracker.self_describing_json.SelfDescribingJson object at 0x774d8d92f750>]}
[0m12:55:26.408428 [debug] [MainThread]: Sending event: {'category': 'dbt', 'action': 'load_project', 'label': 'fdf55102-9b2c-4f3f-8c17-dbcc5693fcea', 'context': [<snowplow_tracker.self_describing_json.SelfDescribingJson object at 0x774d8a5d92d0>]}
[0m12:55:26.523389 [debug] [MainThread]: Wrote artifact WritableManifest to /dbt/target/manifest.json
[0m12:55:26.534584 [debug] [MainThread]: Wrote artifact SemanticManifest to /dbt/target/semantic_manifest.json
[0m12:55:26.566820 [debug] [MainThread]: Sending event: {'category': 'dbt', 'action': 'resource_counts', 'label': 'fdf55102-9b2c-4f3f-8c17-dbcc5693fcea', 'context': [<snowplow_tracker.self_describing_json.SelfDescribingJson object at 0x774d88b14390>]}
[0m12:55:26.568672 [info ] [MainThread]: Found 18 models, 9 sources, 474 macros
[0m12:55:26.570837 [debug] [MainThread]: Sending event: {'category': 'dbt', 'action': 'runnable_timing', 'label': 'fdf55102-9b2c-4f3f-8c17-dbcc5693fcea', 'context': [<snowplow_tracker.self_describing_json.SelfDescribingJson object at 0x774d8cf30510>]}
[0m12:55:26.576551 [info ] [MainThread]: 
[0m12:55:26.578475 [info ] [MainThread]: Concurrency: 1 threads (target='dev')
[0m12:55:26.580456 [info ] [MainThread]: 
[0m12:55:26.583046 [debug] [MainThread]: Acquiring new postgres connection 'master'
[0m12:55:26.591531 [debug] [ThreadPool]: Acquiring new postgres connection 'list_dm_centro_psicologico'
[0m12:55:26.675985 [debug] [ThreadPool]: Using postgres connection "list_dm_centro_psicologico"
[0m12:55:26.677699 [debug] [ThreadPool]: On list_dm_centro_psicologico: /* {"app": "dbt", "dbt_version": "1.12.0b1", "profile_name": "centro_psicologico", "target_name": "dev", "connection_name": "list_dm_centro_psicologico"} */

    select distinct nspname from pg_namespace
  
[0m12:55:26.679297 [debug] [ThreadPool]: Opening a new connection, currently in state init
[0m12:55:26.697213 [debug] [ThreadPool]: SQL status: SELECT 7 in 0.018 seconds
[0m12:55:26.699817 [debug] [ThreadPool]: On list_dm_centro_psicologico: Close
[0m12:55:26.704043 [debug] [ThreadPool]: Using postgres connection "list_dm_centro_psicologico"
[0m12:55:26.705720 [debug] [ThreadPool]: On list_dm_centro_psicologico: /* {"app": "dbt", "dbt_version": "1.12.0b1", "profile_name": "centro_psicologico", "target_name": "dev", "connection_name": "list_dm_centro_psicologico"} */

    select distinct nspname from pg_namespace
  
[0m12:55:26.707290 [debug] [ThreadPool]: Opening a new connection, currently in state closed
[0m12:55:26.719562 [debug] [ThreadPool]: SQL status: SELECT 7 in 0.012 seconds
[0m12:55:26.722133 [debug] [ThreadPool]: On list_dm_centro_psicologico: Close
[0m12:55:26.725910 [debug] [ThreadPool]: Re-using an available connection from the pool (formerly list_dm_centro_psicologico, now list_dm_centro_psicologico_staging)
[0m12:55:26.787612 [debug] [ThreadPool]: Using postgres connection "list_dm_centro_psicologico_staging"
[0m12:55:26.789354 [debug] [ThreadPool]: On list_dm_centro_psicologico_staging: BEGIN
[0m12:55:26.791128 [debug] [ThreadPool]: Opening a new connection, currently in state closed
[0m12:55:26.803039 [debug] [ThreadPool]: SQL status: BEGIN in 0.012 seconds
[0m12:55:26.804960 [debug] [ThreadPool]: Using postgres connection "list_dm_centro_psicologico_staging"
[0m12:55:26.806586 [debug] [ThreadPool]: On list_dm_centro_psicologico_staging: /* {"app": "dbt", "dbt_version": "1.12.0b1", "profile_name": "centro_psicologico", "target_name": "dev", "connection_name": "list_dm_centro_psicologico_staging"} */
select
      'dm_centro_psicologico' as database,
      tablename as name,
      schemaname as schema,
      'table' as type
    from pg_tables
    where schemaname ilike 'staging'
    union all
    select
      'dm_centro_psicologico' as database,
      viewname as name,
      schemaname as schema,
      'view' as type
    from pg_views
    where schemaname ilike 'staging'
    union all
    select
      'dm_centro_psicologico' as database,
      matviewname as name,
      schemaname as schema,
      'materialized_view' as type
    from pg_matviews
    where schemaname ilike 'staging'
  
[0m12:55:26.811598 [debug] [ThreadPool]: SQL status: SELECT 9 in 0.003 seconds
[0m12:55:26.814372 [debug] [ThreadPool]: On list_dm_centro_psicologico_staging: ROLLBACK
[0m12:55:26.816233 [debug] [ThreadPool]: On list_dm_centro_psicologico_staging: Close
[0m12:55:26.817942 [debug] [ThreadPool]: Re-using an available connection from the pool (formerly list_dm_centro_psicologico_staging, now list_dm_centro_psicologico_datamart)
[0m12:55:26.822182 [debug] [ThreadPool]: Using postgres connection "list_dm_centro_psicologico_datamart"
[0m12:55:26.823971 [debug] [ThreadPool]: On list_dm_centro_psicologico_datamart: BEGIN
[0m12:55:26.825428 [debug] [ThreadPool]: Opening a new connection, currently in state closed
[0m12:55:26.836325 [debug] [ThreadPool]: SQL status: BEGIN in 0.011 seconds
[0m12:55:26.838155 [debug] [ThreadPool]: Using postgres connection "list_dm_centro_psicologico_datamart"
[0m12:55:26.839869 [debug] [ThreadPool]: On list_dm_centro_psicologico_datamart: /* {"app": "dbt", "dbt_version": "1.12.0b1", "profile_name": "centro_psicologico", "target_name": "dev", "connection_name": "list_dm_centro_psicologico_datamart"} */
select
      'dm_centro_psicologico' as database,
      tablename as name,
      schemaname as schema,
      'table' as type
    from pg_tables
    where schemaname ilike 'datamart'
    union all
    select
      'dm_centro_psicologico' as database,
      viewname as name,
      schemaname as schema,
      'view' as type
    from pg_views
    where schemaname ilike 'datamart'
    union all
    select
      'dm_centro_psicologico' as database,
      matviewname as name,
      schemaname as schema,
      'materialized_view' as type
    from pg_matviews
    where schemaname ilike 'datamart'
  
[0m12:55:26.844839 [debug] [ThreadPool]: SQL status: SELECT 9 in 0.003 seconds
[0m12:55:26.847363 [debug] [ThreadPool]: On list_dm_centro_psicologico_datamart: ROLLBACK
[0m12:55:26.849360 [debug] [ThreadPool]: On list_dm_centro_psicologico_datamart: Close
[0m12:55:26.857991 [debug] [MainThread]: Using postgres connection "master"
[0m12:55:26.859608 [debug] [MainThread]: On master: BEGIN
[0m12:55:26.861197 [debug] [MainThread]: Opening a new connection, currently in state init
[0m12:55:26.873003 [debug] [MainThread]: SQL status: BEGIN in 0.012 seconds
[0m12:55:26.875005 [debug] [MainThread]: Using postgres connection "master"
[0m12:55:26.876648 [debug] [MainThread]: On master: /* {"app": "dbt", "dbt_version": "1.12.0b1", "profile_name": "centro_psicologico", "target_name": "dev", "connection_name": "master"} */
with relation as (
        select
            pg_rewrite.ev_class as class,
            pg_rewrite.oid as id
        from pg_rewrite
    ),
    class as (
        select
            oid as id,
            relname as name,
            relnamespace as schema,
            relkind as kind
        from pg_class
    ),
    dependency as (
        select distinct
            pg_depend.objid as id,
            pg_depend.refobjid as ref
        from pg_depend
    ),
    schema as (
        select
            pg_namespace.oid as id,
            pg_namespace.nspname as name
        from pg_namespace
        where nspname != 'information_schema' and nspname not like 'pg\_%'
    ),
    referenced as (
        select
            relation.id AS id,
            referenced_class.name ,
            referenced_class.schema ,
            referenced_class.kind
        from relation
        join class as referenced_class on relation.class=referenced_class.id
        where referenced_class.kind in ('r', 'v', 'm')
    ),
    relationships as (
        select
            referenced.name as referenced_name,
            referenced.schema as referenced_schema_id,
            dependent_class.name as dependent_name,
            dependent_class.schema as dependent_schema_id,
            referenced.kind as kind
        from referenced
        join dependency on referenced.id=dependency.id
        join class as dependent_class on dependency.ref=dependent_class.id
        where
            (referenced.name != dependent_class.name or
             referenced.schema != dependent_class.schema)
    )

    select
        referenced_schema.name as referenced_schema,
        relationships.referenced_name as referenced_name,
        dependent_schema.name as dependent_schema,
        relationships.dependent_name as dependent_name
    from relationships
    join schema as dependent_schema on relationships.dependent_schema_id=dependent_schema.id
    join schema as referenced_schema on relationships.referenced_schema_id=referenced_schema.id
    group by referenced_schema, referenced_name, dependent_schema, dependent_name
    order by referenced_schema, referenced_name, dependent_schema, dependent_name;
[0m12:55:26.885863 [debug] [MainThread]: SQL status: SELECT 9 in 0.008 seconds
[0m12:55:26.888375 [debug] [MainThread]: Sending event: {'category': 'dbt', 'action': 'runnable_timing', 'label': 'fdf55102-9b2c-4f3f-8c17-dbcc5693fcea', 'context': [<snowplow_tracker.self_describing_json.SelfDescribingJson object at 0x774d88c002d0>]}
[0m12:55:26.889940 [debug] [MainThread]: On master: ROLLBACK
[0m12:55:26.891760 [debug] [MainThread]: Using postgres connection "master"
[0m12:55:26.893185 [debug] [MainThread]: On master: BEGIN
[0m12:55:26.895061 [debug] [MainThread]: SQL status: BEGIN in 0.000 seconds
[0m12:55:26.896364 [debug] [MainThread]: On master: COMMIT
[0m12:55:26.897846 [debug] [MainThread]: Using postgres connection "master"
[0m12:55:26.899228 [debug] [MainThread]: On master: COMMIT
[0m12:55:26.900961 [debug] [MainThread]: SQL status: COMMIT in 0.000 seconds
[0m12:55:26.902487 [debug] [MainThread]: On master: Close
[0m12:55:26.909200 [debug] [Thread-1 (]: Began running node model.centro_psicologico.stg_diagnosticos
[0m12:55:26.911121 [info ] [Thread-1 (]: 1 of 18 START sql table model staging.stg_diagnosticos ......................... [RUN]
[0m12:55:26.928983 [debug] [Thread-1 (]: Re-using an available connection from the pool (formerly list_dm_centro_psicologico_datamart, now model.centro_psicologico.stg_diagnosticos)
[0m12:55:26.931182 [debug] [Thread-1 (]: Began compiling node model.centro_psicologico.stg_diagnosticos
[0m12:55:26.941623 [debug] [Thread-1 (]: Writing injected SQL for node "model.centro_psicologico.stg_diagnosticos"
[0m12:55:26.956773 [debug] [Thread-1 (]: Began executing node model.centro_psicologico.stg_diagnosticos
[0m12:55:27.000573 [debug] [Thread-1 (]: Writing runtime sql for node "model.centro_psicologico.stg_diagnosticos"
[0m12:55:27.018601 [debug] [Thread-1 (]: Using postgres connection "model.centro_psicologico.stg_diagnosticos"
[0m12:55:27.021874 [debug] [Thread-1 (]: On model.centro_psicologico.stg_diagnosticos: BEGIN
[0m12:55:27.024550 [debug] [Thread-1 (]: Opening a new connection, currently in state closed
[0m12:55:27.042021 [debug] [Thread-1 (]: SQL status: BEGIN in 0.017 seconds
[0m12:55:27.044041 [debug] [Thread-1 (]: Using postgres connection "model.centro_psicologico.stg_diagnosticos"
[0m12:55:27.046523 [debug] [Thread-1 (]: On model.centro_psicologico.stg_diagnosticos: /* {"app": "dbt", "dbt_version": "1.12.0b1", "profile_name": "centro_psicologico", "target_name": "dev", "node_id": "model.centro_psicologico.stg_diagnosticos"} */

  
    

  create  table "dm_centro_psicologico"."staging"."stg_diagnosticos__dbt_tmp"
  
  
    as
  
  (
    select
    diagnostico_id,
    sesion_id,
    codigo_cie10,
    descripcion_cie10,
    diagnostico_clinico
from "dm_centro_psicologico"."raw"."diagnosticos"
where codigo_cie10 is not null
  );
  
[0m12:55:27.063403 [debug] [Thread-1 (]: SQL status: SELECT 31 in 0.015 seconds
[0m12:55:27.076767 [debug] [Thread-1 (]: Using postgres connection "model.centro_psicologico.stg_diagnosticos"
[0m12:55:27.078578 [debug] [Thread-1 (]: On model.centro_psicologico.stg_diagnosticos: /* {"app": "dbt", "dbt_version": "1.12.0b1", "profile_name": "centro_psicologico", "target_name": "dev", "node_id": "model.centro_psicologico.stg_diagnosticos"} */
alter table "dm_centro_psicologico"."staging"."stg_diagnosticos" rename to "stg_diagnosticos__dbt_backup"
[0m12:55:27.082023 [debug] [Thread-1 (]: SQL status: ALTER TABLE in 0.002 seconds
[0m12:55:27.086834 [debug] [Thread-1 (]: Using postgres connection "model.centro_psicologico.stg_diagnosticos"
[0m12:55:27.088512 [debug] [Thread-1 (]: On model.centro_psicologico.stg_diagnosticos: /* {"app": "dbt", "dbt_version": "1.12.0b1", "profile_name": "centro_psicologico", "target_name": "dev", "node_id": "model.centro_psicologico.stg_diagnosticos"} */
alter table "dm_centro_psicologico"."staging"."stg_diagnosticos__dbt_tmp" rename to "stg_diagnosticos"
[0m12:55:27.090574 [debug] [Thread-1 (]: SQL status: ALTER TABLE in 0.000 seconds
[0m12:55:27.112230 [debug] [Thread-1 (]: On model.centro_psicologico.stg_diagnosticos: COMMIT
[0m12:55:27.114324 [debug] [Thread-1 (]: Using postgres connection "model.centro_psicologico.stg_diagnosticos"
[0m12:55:27.116084 [debug] [Thread-1 (]: On model.centro_psicologico.stg_diagnosticos: COMMIT
[0m12:55:27.121799 [debug] [Thread-1 (]: SQL status: COMMIT in 0.004 seconds
[0m12:55:27.130513 [debug] [Thread-1 (]: Applying DROP to: "dm_centro_psicologico"."staging"."stg_diagnosticos__dbt_backup"
[0m12:55:27.137550 [debug] [Thread-1 (]: Using postgres connection "model.centro_psicologico.stg_diagnosticos"
[0m12:55:27.139268 [debug] [Thread-1 (]: On model.centro_psicologico.stg_diagnosticos: /* {"app": "dbt", "dbt_version": "1.12.0b1", "profile_name": "centro_psicologico", "target_name": "dev", "node_id": "model.centro_psicologico.stg_diagnosticos"} */
drop view if exists "dm_centro_psicologico"."staging"."stg_diagnosticos__dbt_backup" cascade
[0m12:55:27.145445 [debug] [Thread-1 (]: SQL status: DROP VIEW in 0.004 seconds
[0m12:55:27.148987 [debug] [Thread-1 (]: On model.centro_psicologico.stg_diagnosticos: Close
[0m12:55:27.152142 [debug] [Thread-1 (]: Sending event: {'category': 'dbt', 'action': 'run_model', 'label': 'fdf55102-9b2c-4f3f-8c17-dbcc5693fcea', 'context': [<snowplow_tracker.self_describing_json.SelfDescribingJson object at 0x774d8ad955d0>]}
[0m12:55:27.154812 [info ] [Thread-1 (]: 1 of 18 OK created sql table model staging.stg_diagnosticos .................... [[32mSELECT 31[0m in 0.22s]
[0m12:55:27.156892 [debug] [Thread-1 (]: Finished running node model.centro_psicologico.stg_diagnosticos
[0m12:55:27.158852 [debug] [Thread-1 (]: Began running node model.centro_psicologico.stg_evaluaciones
[0m12:55:27.160418 [info ] [Thread-1 (]: 2 of 18 START sql table model staging.stg_evaluaciones ......................... [RUN]
[0m12:55:27.162061 [debug] [Thread-1 (]: Re-using an available connection from the pool (formerly model.centro_psicologico.stg_diagnosticos, now model.centro_psicologico.stg_evaluaciones)
[0m12:55:27.164029 [debug] [Thread-1 (]: Began compiling node model.centro_psicologico.stg_evaluaciones
[0m12:55:27.168289 [debug] [Thread-1 (]: Writing injected SQL for node "model.centro_psicologico.stg_evaluaciones"
[0m12:55:27.183440 [debug] [Thread-1 (]: Began executing node model.centro_psicologico.stg_evaluaciones
[0m12:55:27.187771 [debug] [Thread-1 (]: Writing runtime sql for node "model.centro_psicologico.stg_evaluaciones"
[0m12:55:27.201494 [debug] [Thread-1 (]: Using postgres connection "model.centro_psicologico.stg_evaluaciones"
[0m12:55:27.203093 [debug] [Thread-1 (]: On model.centro_psicologico.stg_evaluaciones: BEGIN
[0m12:55:27.204523 [debug] [Thread-1 (]: Opening a new connection, currently in state closed
[0m12:55:27.215728 [debug] [Thread-1 (]: SQL status: BEGIN in 0.011 seconds
[0m12:55:27.217430 [debug] [Thread-1 (]: Using postgres connection "model.centro_psicologico.stg_evaluaciones"
[0m12:55:27.218902 [debug] [Thread-1 (]: On model.centro_psicologico.stg_evaluaciones: /* {"app": "dbt", "dbt_version": "1.12.0b1", "profile_name": "centro_psicologico", "target_name": "dev", "node_id": "model.centro_psicologico.stg_evaluaciones"} */

  
    

  create  table "dm_centro_psicologico"."staging"."stg_evaluaciones__dbt_tmp"
  
  
    as
  
  (
    select
    evaluacion_id,
    sesion_id,
    metodos_aplicados,
    resultados,
    coalesce(puntaje_cdi,  0)       as puntaje_cdi,
    coalesce(puntaje_stai, 0)       as puntaje_stai,
    observaciones,
    (DATE '1970-01-01' + fecha_evaluacion) as fecha_evaluacion
from "dm_centro_psicologico"."raw"."evaluacion_psicologica"
  );
  
[0m12:55:27.233297 [debug] [Thread-1 (]: SQL status: SELECT 9 in 0.013 seconds
[0m12:55:27.237469 [debug] [Thread-1 (]: Using postgres connection "model.centro_psicologico.stg_evaluaciones"
[0m12:55:27.239205 [debug] [Thread-1 (]: On model.centro_psicologico.stg_evaluaciones: /* {"app": "dbt", "dbt_version": "1.12.0b1", "profile_name": "centro_psicologico", "target_name": "dev", "node_id": "model.centro_psicologico.stg_evaluaciones"} */
alter table "dm_centro_psicologico"."staging"."stg_evaluaciones" rename to "stg_evaluaciones__dbt_backup"
[0m12:55:27.241484 [debug] [Thread-1 (]: SQL status: ALTER TABLE in 0.001 seconds
[0m12:55:27.245723 [debug] [Thread-1 (]: Using postgres connection "model.centro_psicologico.stg_evaluaciones"
[0m12:55:27.247265 [debug] [Thread-1 (]: On model.centro_psicologico.stg_evaluaciones: /* {"app": "dbt", "dbt_version": "1.12.0b1", "profile_name": "centro_psicologico", "target_name": "dev", "node_id": "model.centro_psicologico.stg_evaluaciones"} */
alter table "dm_centro_psicologico"."staging"."stg_evaluaciones__dbt_tmp" rename to "stg_evaluaciones"
[0m12:55:27.249455 [debug] [Thread-1 (]: SQL status: ALTER TABLE in 0.000 seconds
[0m12:55:27.251927 [debug] [Thread-1 (]: On model.centro_psicologico.stg_evaluaciones: COMMIT
[0m12:55:27.253452 [debug] [Thread-1 (]: Using postgres connection "model.centro_psicologico.stg_evaluaciones"
[0m12:55:27.254841 [debug] [Thread-1 (]: On model.centro_psicologico.stg_evaluaciones: COMMIT
[0m12:55:27.260160 [debug] [Thread-1 (]: SQL status: COMMIT in 0.004 seconds
[0m12:55:27.264115 [debug] [Thread-1 (]: Applying DROP to: "dm_centro_psicologico"."staging"."stg_evaluaciones__dbt_backup"
[0m12:55:27.265771 [debug] [Thread-1 (]: Using postgres connection "model.centro_psicologico.stg_evaluaciones"
[0m12:55:27.267210 [debug] [Thread-1 (]: On model.centro_psicologico.stg_evaluaciones: /* {"app": "dbt", "dbt_version": "1.12.0b1", "profile_name": "centro_psicologico", "target_name": "dev", "node_id": "model.centro_psicologico.stg_evaluaciones"} */
drop view if exists "dm_centro_psicologico"."staging"."stg_evaluaciones__dbt_backup" cascade
[0m12:55:27.272937 [debug] [Thread-1 (]: SQL status: DROP VIEW in 0.004 seconds
[0m12:55:27.276231 [debug] [Thread-1 (]: On model.centro_psicologico.stg_evaluaciones: Close
[0m12:55:27.278381 [debug] [Thread-1 (]: Sending event: {'category': 'dbt', 'action': 'run_model', 'label': 'fdf55102-9b2c-4f3f-8c17-dbcc5693fcea', 'context': [<snowplow_tracker.self_describing_json.SelfDescribingJson object at 0x774d8ad95250>]}
[0m12:55:27.280585 [info ] [Thread-1 (]: 2 of 18 OK created sql table model staging.stg_evaluaciones .................... [[32mSELECT 9[0m in 0.12s]
[0m12:55:27.282508 [debug] [Thread-1 (]: Finished running node model.centro_psicologico.stg_evaluaciones
[0m12:55:27.284065 [debug] [Thread-1 (]: Began running node model.centro_psicologico.stg_historia_clinica
[0m12:55:27.285578 [info ] [Thread-1 (]: 3 of 18 START sql table model staging.stg_historia_clinica ..................... [RUN]
[0m12:55:27.287204 [debug] [Thread-1 (]: Re-using an available connection from the pool (formerly model.centro_psicologico.stg_evaluaciones, now model.centro_psicologico.stg_historia_clinica)
[0m12:55:27.289107 [debug] [Thread-1 (]: Began compiling node model.centro_psicologico.stg_historia_clinica
[0m12:55:27.293286 [debug] [Thread-1 (]: Writing injected SQL for node "model.centro_psicologico.stg_historia_clinica"
[0m12:55:27.308555 [debug] [Thread-1 (]: Began executing node model.centro_psicologico.stg_historia_clinica
[0m12:55:27.312692 [debug] [Thread-1 (]: Writing runtime sql for node "model.centro_psicologico.stg_historia_clinica"
[0m12:55:27.343871 [debug] [Thread-1 (]: Using postgres connection "model.centro_psicologico.stg_historia_clinica"
[0m12:55:27.345513 [debug] [Thread-1 (]: On model.centro_psicologico.stg_historia_clinica: BEGIN
[0m12:55:27.346880 [debug] [Thread-1 (]: Opening a new connection, currently in state closed
[0m12:55:27.358596 [debug] [Thread-1 (]: SQL status: BEGIN in 0.012 seconds
[0m12:55:27.360460 [debug] [Thread-1 (]: Using postgres connection "model.centro_psicologico.stg_historia_clinica"
[0m12:55:27.362173 [debug] [Thread-1 (]: On model.centro_psicologico.stg_historia_clinica: /* {"app": "dbt", "dbt_version": "1.12.0b1", "profile_name": "centro_psicologico", "target_name": "dev", "node_id": "model.centro_psicologico.stg_historia_clinica"} */

  
    

  create  table "dm_centro_psicologico"."staging"."stg_historia_clinica__dbt_tmp"
  
  
    as
  
  (
    select
    historia_id,
    paciente_id,
    codigo_historia,
    tipo_historial,
    (DATE '1970-01-01' + fecha_apertura) as fecha_apertura,
    estado_historia
from "dm_centro_psicologico"."raw"."historia_clinica"
  );
  
[0m12:55:27.381408 [debug] [Thread-1 (]: SQL status: SELECT 20 in 0.018 seconds
[0m12:55:27.385772 [debug] [Thread-1 (]: Using postgres connection "model.centro_psicologico.stg_historia_clinica"
[0m12:55:27.387445 [debug] [Thread-1 (]: On model.centro_psicologico.stg_historia_clinica: /* {"app": "dbt", "dbt_version": "1.12.0b1", "profile_name": "centro_psicologico", "target_name": "dev", "node_id": "model.centro_psicologico.stg_historia_clinica"} */
alter table "dm_centro_psicologico"."staging"."stg_historia_clinica" rename to "stg_historia_clinica__dbt_backup"
[0m12:55:27.389778 [debug] [Thread-1 (]: SQL status: ALTER TABLE in 0.001 seconds
[0m12:55:27.394986 [debug] [Thread-1 (]: Using postgres connection "model.centro_psicologico.stg_historia_clinica"
[0m12:55:27.396830 [debug] [Thread-1 (]: On model.centro_psicologico.stg_historia_clinica: /* {"app": "dbt", "dbt_version": "1.12.0b1", "profile_name": "centro_psicologico", "target_name": "dev", "node_id": "model.centro_psicologico.stg_historia_clinica"} */
alter table "dm_centro_psicologico"."staging"."stg_historia_clinica__dbt_tmp" rename to "stg_historia_clinica"
[0m12:55:27.398899 [debug] [Thread-1 (]: SQL status: ALTER TABLE in 0.000 seconds
[0m12:55:27.401403 [debug] [Thread-1 (]: On model.centro_psicologico.stg_historia_clinica: COMMIT
[0m12:55:27.402990 [debug] [Thread-1 (]: Using postgres connection "model.centro_psicologico.stg_historia_clinica"
[0m12:55:27.404608 [debug] [Thread-1 (]: On model.centro_psicologico.stg_historia_clinica: COMMIT
[0m12:55:27.408471 [debug] [Thread-1 (]: SQL status: COMMIT in 0.002 seconds
[0m12:55:27.414111 [debug] [Thread-1 (]: Applying DROP to: "dm_centro_psicologico"."staging"."stg_historia_clinica__dbt_backup"
[0m12:55:27.415754 [debug] [Thread-1 (]: Using postgres connection "model.centro_psicologico.stg_historia_clinica"
[0m12:55:27.417131 [debug] [Thread-1 (]: On model.centro_psicologico.stg_historia_clinica: /* {"app": "dbt", "dbt_version": "1.12.0b1", "profile_name": "centro_psicologico", "target_name": "dev", "node_id": "model.centro_psicologico.stg_historia_clinica"} */
drop view if exists "dm_centro_psicologico"."staging"."stg_historia_clinica__dbt_backup" cascade
[0m12:55:27.421879 [debug] [Thread-1 (]: SQL status: DROP VIEW in 0.003 seconds
[0m12:55:27.425483 [debug] [Thread-1 (]: On model.centro_psicologico.stg_historia_clinica: Close
[0m12:55:27.427380 [debug] [Thread-1 (]: Sending event: {'category': 'dbt', 'action': 'run_model', 'label': 'fdf55102-9b2c-4f3f-8c17-dbcc5693fcea', 'context': [<snowplow_tracker.self_describing_json.SelfDescribingJson object at 0x774d8b9b64d0>]}
[0m12:55:27.429245 [info ] [Thread-1 (]: 3 of 18 OK created sql table model staging.stg_historia_clinica ................ [[32mSELECT 20[0m in 0.14s]
[0m12:55:27.431156 [debug] [Thread-1 (]: Finished running node model.centro_psicologico.stg_historia_clinica
[0m12:55:27.432878 [debug] [Thread-1 (]: Began running node model.centro_psicologico.stg_pacientes
[0m12:55:27.434440 [info ] [Thread-1 (]: 4 of 18 START sql table model staging.stg_pacientes ............................ [RUN]
[0m12:55:27.436172 [debug] [Thread-1 (]: Re-using an available connection from the pool (formerly model.centro_psicologico.stg_historia_clinica, now model.centro_psicologico.stg_pacientes)
[0m12:55:27.437674 [debug] [Thread-1 (]: Began compiling node model.centro_psicologico.stg_pacientes
[0m12:55:27.442299 [debug] [Thread-1 (]: Writing injected SQL for node "model.centro_psicologico.stg_pacientes"
[0m12:55:27.458696 [debug] [Thread-1 (]: Began executing node model.centro_psicologico.stg_pacientes
[0m12:55:27.464960 [debug] [Thread-1 (]: Writing runtime sql for node "model.centro_psicologico.stg_pacientes"
[0m12:55:27.481841 [debug] [Thread-1 (]: Using postgres connection "model.centro_psicologico.stg_pacientes"
[0m12:55:27.483572 [debug] [Thread-1 (]: On model.centro_psicologico.stg_pacientes: BEGIN
[0m12:55:27.485132 [debug] [Thread-1 (]: Opening a new connection, currently in state closed
[0m12:55:27.497667 [debug] [Thread-1 (]: SQL status: BEGIN in 0.013 seconds
[0m12:55:27.499320 [debug] [Thread-1 (]: Using postgres connection "model.centro_psicologico.stg_pacientes"
[0m12:55:27.500996 [debug] [Thread-1 (]: On model.centro_psicologico.stg_pacientes: /* {"app": "dbt", "dbt_version": "1.12.0b1", "profile_name": "centro_psicologico", "target_name": "dev", "node_id": "model.centro_psicologico.stg_pacientes"} */

  
    

  create  table "dm_centro_psicologico"."staging"."stg_pacientes__dbt_tmp"
  
  
    as
  
  (
    select
    paciente_id,
    nombres,
    apellido_paterno,
    apellido_materno,
    tipo_documento,
    numero_documento,
    (DATE '1970-01-01' + fecha_nacimiento) as fecha_nacimiento,
    sexo,
    estado_civil,
    grado_instruccion,
    ocupacion,
    celular,
    email,
    direccion,
    (DATE '1970-01-01' + fecha_registro) as fecha_registro,
    canal_captacion,
    estado_paciente,
    modalidad_preferida,
    sede_id
from "dm_centro_psicologico"."raw"."pacientes"
  );
  
[0m12:55:27.509926 [debug] [Thread-1 (]: SQL status: SELECT 20 in 0.007 seconds
[0m12:55:27.514379 [debug] [Thread-1 (]: Using postgres connection "model.centro_psicologico.stg_pacientes"
[0m12:55:27.516039 [debug] [Thread-1 (]: On model.centro_psicologico.stg_pacientes: /* {"app": "dbt", "dbt_version": "1.12.0b1", "profile_name": "centro_psicologico", "target_name": "dev", "node_id": "model.centro_psicologico.stg_pacientes"} */
alter table "dm_centro_psicologico"."staging"."stg_pacientes" rename to "stg_pacientes__dbt_backup"
[0m12:55:27.517928 [debug] [Thread-1 (]: SQL status: ALTER TABLE in 0.001 seconds
[0m12:55:27.522493 [debug] [Thread-1 (]: Using postgres connection "model.centro_psicologico.stg_pacientes"
[0m12:55:27.524127 [debug] [Thread-1 (]: On model.centro_psicologico.stg_pacientes: /* {"app": "dbt", "dbt_version": "1.12.0b1", "profile_name": "centro_psicologico", "target_name": "dev", "node_id": "model.centro_psicologico.stg_pacientes"} */
alter table "dm_centro_psicologico"."staging"."stg_pacientes__dbt_tmp" rename to "stg_pacientes"
[0m12:55:27.527101 [debug] [Thread-1 (]: SQL status: ALTER TABLE in 0.002 seconds
[0m12:55:27.529953 [debug] [Thread-1 (]: On model.centro_psicologico.stg_pacientes: COMMIT
[0m12:55:27.531666 [debug] [Thread-1 (]: Using postgres connection "model.centro_psicologico.stg_pacientes"
[0m12:55:27.533061 [debug] [Thread-1 (]: On model.centro_psicologico.stg_pacientes: COMMIT
[0m12:55:27.536986 [debug] [Thread-1 (]: SQL status: COMMIT in 0.002 seconds
[0m12:55:27.540863 [debug] [Thread-1 (]: Applying DROP to: "dm_centro_psicologico"."staging"."stg_pacientes__dbt_backup"
[0m12:55:27.542770 [debug] [Thread-1 (]: Using postgres connection "model.centro_psicologico.stg_pacientes"
[0m12:55:27.544344 [debug] [Thread-1 (]: On model.centro_psicologico.stg_pacientes: /* {"app": "dbt", "dbt_version": "1.12.0b1", "profile_name": "centro_psicologico", "target_name": "dev", "node_id": "model.centro_psicologico.stg_pacientes"} */
drop view if exists "dm_centro_psicologico"."staging"."stg_pacientes__dbt_backup" cascade
[0m12:55:27.549291 [debug] [Thread-1 (]: SQL status: DROP VIEW in 0.004 seconds
[0m12:55:27.551870 [debug] [Thread-1 (]: On model.centro_psicologico.stg_pacientes: Close
[0m12:55:27.553973 [debug] [Thread-1 (]: Sending event: {'category': 'dbt', 'action': 'run_model', 'label': 'fdf55102-9b2c-4f3f-8c17-dbcc5693fcea', 'context': [<snowplow_tracker.self_describing_json.SelfDescribingJson object at 0x774d8b946350>]}
[0m12:55:27.555935 [info ] [Thread-1 (]: 4 of 18 OK created sql table model staging.stg_pacientes ....................... [[32mSELECT 20[0m in 0.12s]
[0m12:55:27.557984 [debug] [Thread-1 (]: Finished running node model.centro_psicologico.stg_pacientes
[0m12:55:27.559546 [debug] [Thread-1 (]: Began running node model.centro_psicologico.stg_pagos
[0m12:55:27.561110 [info ] [Thread-1 (]: 5 of 18 START sql table model staging.stg_pagos ................................ [RUN]
[0m12:55:27.562639 [debug] [Thread-1 (]: Re-using an available connection from the pool (formerly model.centro_psicologico.stg_pacientes, now model.centro_psicologico.stg_pagos)
[0m12:55:27.564140 [debug] [Thread-1 (]: Began compiling node model.centro_psicologico.stg_pagos
[0m12:55:27.567750 [debug] [Thread-1 (]: Writing injected SQL for node "model.centro_psicologico.stg_pagos"
[0m12:55:27.581432 [debug] [Thread-1 (]: Began executing node model.centro_psicologico.stg_pagos
[0m12:55:27.586140 [debug] [Thread-1 (]: Writing runtime sql for node "model.centro_psicologico.stg_pagos"
[0m12:55:27.601525 [debug] [Thread-1 (]: Using postgres connection "model.centro_psicologico.stg_pagos"
[0m12:55:27.603424 [debug] [Thread-1 (]: On model.centro_psicologico.stg_pagos: BEGIN
[0m12:55:27.604945 [debug] [Thread-1 (]: Opening a new connection, currently in state closed
[0m12:55:27.617015 [debug] [Thread-1 (]: SQL status: BEGIN in 0.012 seconds
[0m12:55:27.618953 [debug] [Thread-1 (]: Using postgres connection "model.centro_psicologico.stg_pagos"
[0m12:55:27.620809 [debug] [Thread-1 (]: On model.centro_psicologico.stg_pagos: /* {"app": "dbt", "dbt_version": "1.12.0b1", "profile_name": "centro_psicologico", "target_name": "dev", "node_id": "model.centro_psicologico.stg_pagos"} */

  
    

  create  table "dm_centro_psicologico"."staging"."stg_pagos__dbt_tmp"
  
  
    as
  
  (
    select
    pago_id,
    sesion_id,
    (DATE '1970-01-01' + fecha_pago) as fecha_pago,
    coalesce(monto, 0.00)           as monto,
    comprobante,
    metodo_pago,
    estado_pago
from "dm_centro_psicologico"."raw"."pagos"
  );
  
[0m12:55:27.632340 [debug] [Thread-1 (]: SQL status: SELECT 45 in 0.010 seconds
[0m12:55:27.637489 [debug] [Thread-1 (]: Using postgres connection "model.centro_psicologico.stg_pagos"
[0m12:55:27.639233 [debug] [Thread-1 (]: On model.centro_psicologico.stg_pagos: /* {"app": "dbt", "dbt_version": "1.12.0b1", "profile_name": "centro_psicologico", "target_name": "dev", "node_id": "model.centro_psicologico.stg_pagos"} */
alter table "dm_centro_psicologico"."staging"."stg_pagos" rename to "stg_pagos__dbt_backup"
[0m12:55:27.642146 [debug] [Thread-1 (]: SQL status: ALTER TABLE in 0.001 seconds
[0m12:55:27.646415 [debug] [Thread-1 (]: Using postgres connection "model.centro_psicologico.stg_pagos"
[0m12:55:27.648170 [debug] [Thread-1 (]: On model.centro_psicologico.stg_pagos: /* {"app": "dbt", "dbt_version": "1.12.0b1", "profile_name": "centro_psicologico", "target_name": "dev", "node_id": "model.centro_psicologico.stg_pagos"} */
alter table "dm_centro_psicologico"."staging"."stg_pagos__dbt_tmp" rename to "stg_pagos"
[0m12:55:27.650488 [debug] [Thread-1 (]: SQL status: ALTER TABLE in 0.001 seconds
[0m12:55:27.653197 [debug] [Thread-1 (]: On model.centro_psicologico.stg_pagos: COMMIT
[0m12:55:27.654769 [debug] [Thread-1 (]: Using postgres connection "model.centro_psicologico.stg_pagos"
[0m12:55:27.656270 [debug] [Thread-1 (]: On model.centro_psicologico.stg_pagos: COMMIT
[0m12:55:27.659857 [debug] [Thread-1 (]: SQL status: COMMIT in 0.002 seconds
[0m12:55:27.664959 [debug] [Thread-1 (]: Applying DROP to: "dm_centro_psicologico"."staging"."stg_pagos__dbt_backup"
[0m12:55:27.666908 [debug] [Thread-1 (]: Using postgres connection "model.centro_psicologico.stg_pagos"
[0m12:55:27.668514 [debug] [Thread-1 (]: On model.centro_psicologico.stg_pagos: /* {"app": "dbt", "dbt_version": "1.12.0b1", "profile_name": "centro_psicologico", "target_name": "dev", "node_id": "model.centro_psicologico.stg_pagos"} */
drop view if exists "dm_centro_psicologico"."staging"."stg_pagos__dbt_backup" cascade
[0m12:55:27.673341 [debug] [Thread-1 (]: SQL status: DROP VIEW in 0.003 seconds
[0m12:55:27.676044 [debug] [Thread-1 (]: On model.centro_psicologico.stg_pagos: Close
[0m12:55:27.677933 [debug] [Thread-1 (]: Sending event: {'category': 'dbt', 'action': 'run_model', 'label': 'fdf55102-9b2c-4f3f-8c17-dbcc5693fcea', 'context': [<snowplow_tracker.self_describing_json.SelfDescribingJson object at 0x774d8c8eb090>]}
[0m12:55:27.679816 [info ] [Thread-1 (]: 5 of 18 OK created sql table model staging.stg_pagos ........................... [[32mSELECT 45[0m in 0.12s]
[0m12:55:27.682116 [debug] [Thread-1 (]: Finished running node model.centro_psicologico.stg_pagos
[0m12:55:27.683904 [debug] [Thread-1 (]: Began running node model.centro_psicologico.stg_planes
[0m12:55:27.685549 [info ] [Thread-1 (]: 6 of 18 START sql table model staging.stg_planes ............................... [RUN]
[0m12:55:27.687284 [debug] [Thread-1 (]: Re-using an available connection from the pool (formerly model.centro_psicologico.stg_pagos, now model.centro_psicologico.stg_planes)
[0m12:55:27.688800 [debug] [Thread-1 (]: Began compiling node model.centro_psicologico.stg_planes
[0m12:55:27.693686 [debug] [Thread-1 (]: Writing injected SQL for node "model.centro_psicologico.stg_planes"
[0m12:55:27.707305 [debug] [Thread-1 (]: Began executing node model.centro_psicologico.stg_planes
[0m12:55:27.711352 [debug] [Thread-1 (]: Writing runtime sql for node "model.centro_psicologico.stg_planes"
[0m12:55:27.725229 [debug] [Thread-1 (]: Using postgres connection "model.centro_psicologico.stg_planes"
[0m12:55:27.726617 [debug] [Thread-1 (]: On model.centro_psicologico.stg_planes: BEGIN
[0m12:55:27.727777 [debug] [Thread-1 (]: Opening a new connection, currently in state closed
[0m12:55:27.739240 [debug] [Thread-1 (]: SQL status: BEGIN in 0.011 seconds
[0m12:55:27.740874 [debug] [Thread-1 (]: Using postgres connection "model.centro_psicologico.stg_planes"
[0m12:55:27.742517 [debug] [Thread-1 (]: On model.centro_psicologico.stg_planes: /* {"app": "dbt", "dbt_version": "1.12.0b1", "profile_name": "centro_psicologico", "target_name": "dev", "node_id": "model.centro_psicologico.stg_planes"} */

  
    

  create  table "dm_centro_psicologico"."staging"."stg_planes__dbt_tmp"
  
  
    as
  
  (
    select
    plan_id,
    sesion_id,
    objetivos,
    intervenciones,
    recomendaciones,
    (DATE '1970-01-01' + fecha_inicio) as fecha_inicio,
    (DATE '1970-01-01' + fecha_fin)   as fecha_fin,
    estado_plan
from "dm_centro_psicologico"."raw"."plan_intervencion"
  );
  
[0m12:55:27.757828 [debug] [Thread-1 (]: SQL status: SELECT 9 in 0.014 seconds
[0m12:55:27.761979 [debug] [Thread-1 (]: Using postgres connection "model.centro_psicologico.stg_planes"
[0m12:55:27.763586 [debug] [Thread-1 (]: On model.centro_psicologico.stg_planes: /* {"app": "dbt", "dbt_version": "1.12.0b1", "profile_name": "centro_psicologico", "target_name": "dev", "node_id": "model.centro_psicologico.stg_planes"} */
alter table "dm_centro_psicologico"."staging"."stg_planes" rename to "stg_planes__dbt_backup"
[0m12:55:27.765288 [debug] [Thread-1 (]: SQL status: ALTER TABLE in 0.000 seconds
[0m12:55:27.769350 [debug] [Thread-1 (]: Using postgres connection "model.centro_psicologico.stg_planes"
[0m12:55:27.771062 [debug] [Thread-1 (]: On model.centro_psicologico.stg_planes: /* {"app": "dbt", "dbt_version": "1.12.0b1", "profile_name": "centro_psicologico", "target_name": "dev", "node_id": "model.centro_psicologico.stg_planes"} */
alter table "dm_centro_psicologico"."staging"."stg_planes__dbt_tmp" rename to "stg_planes"
[0m12:55:27.773125 [debug] [Thread-1 (]: SQL status: ALTER TABLE in 0.001 seconds
[0m12:55:27.775539 [debug] [Thread-1 (]: On model.centro_psicologico.stg_planes: COMMIT
[0m12:55:27.777068 [debug] [Thread-1 (]: Using postgres connection "model.centro_psicologico.stg_planes"
[0m12:55:27.778772 [debug] [Thread-1 (]: On model.centro_psicologico.stg_planes: COMMIT
[0m12:55:27.783004 [debug] [Thread-1 (]: SQL status: COMMIT in 0.002 seconds
[0m12:55:27.786479 [debug] [Thread-1 (]: Applying DROP to: "dm_centro_psicologico"."staging"."stg_planes__dbt_backup"
[0m12:55:27.788094 [debug] [Thread-1 (]: Using postgres connection "model.centro_psicologico.stg_planes"
[0m12:55:27.789613 [debug] [Thread-1 (]: On model.centro_psicologico.stg_planes: /* {"app": "dbt", "dbt_version": "1.12.0b1", "profile_name": "centro_psicologico", "target_name": "dev", "node_id": "model.centro_psicologico.stg_planes"} */
drop view if exists "dm_centro_psicologico"."staging"."stg_planes__dbt_backup" cascade
[0m12:55:27.795682 [debug] [Thread-1 (]: SQL status: DROP VIEW in 0.004 seconds
[0m12:55:27.798260 [debug] [Thread-1 (]: On model.centro_psicologico.stg_planes: Close
[0m12:55:27.800084 [debug] [Thread-1 (]: Sending event: {'category': 'dbt', 'action': 'run_model', 'label': 'fdf55102-9b2c-4f3f-8c17-dbcc5693fcea', 'context': [<snowplow_tracker.self_describing_json.SelfDescribingJson object at 0x774d8b50b890>]}
[0m12:55:27.803160 [info ] [Thread-1 (]: 6 of 18 OK created sql table model staging.stg_planes .......................... [[32mSELECT 9[0m in 0.11s]
[0m12:55:27.804960 [debug] [Thread-1 (]: Finished running node model.centro_psicologico.stg_planes
[0m12:55:27.806337 [debug] [Thread-1 (]: Began running node model.centro_psicologico.stg_psicologos
[0m12:55:27.807837 [info ] [Thread-1 (]: 7 of 18 START sql table model staging.stg_psicologos ........................... [RUN]
[0m12:55:27.810242 [debug] [Thread-1 (]: Re-using an available connection from the pool (formerly model.centro_psicologico.stg_planes, now model.centro_psicologico.stg_psicologos)
[0m12:55:27.811963 [debug] [Thread-1 (]: Began compiling node model.centro_psicologico.stg_psicologos
[0m12:55:27.815604 [debug] [Thread-1 (]: Writing injected SQL for node "model.centro_psicologico.stg_psicologos"
[0m12:55:27.828794 [debug] [Thread-1 (]: Began executing node model.centro_psicologico.stg_psicologos
[0m12:55:27.833581 [debug] [Thread-1 (]: Writing runtime sql for node "model.centro_psicologico.stg_psicologos"
[0m12:55:27.848322 [debug] [Thread-1 (]: Using postgres connection "model.centro_psicologico.stg_psicologos"
[0m12:55:27.849784 [debug] [Thread-1 (]: On model.centro_psicologico.stg_psicologos: BEGIN
[0m12:55:27.851138 [debug] [Thread-1 (]: Opening a new connection, currently in state closed
[0m12:55:27.862390 [debug] [Thread-1 (]: SQL status: BEGIN in 0.011 seconds
[0m12:55:27.864228 [debug] [Thread-1 (]: Using postgres connection "model.centro_psicologico.stg_psicologos"
[0m12:55:27.865817 [debug] [Thread-1 (]: On model.centro_psicologico.stg_psicologos: /* {"app": "dbt", "dbt_version": "1.12.0b1", "profile_name": "centro_psicologico", "target_name": "dev", "node_id": "model.centro_psicologico.stg_psicologos"} */

  
    

  create  table "dm_centro_psicologico"."staging"."stg_psicologos__dbt_tmp"
  
  
    as
  
  (
    select
    psicologo_id,
    dni,
    nombres,
    especialidad,
    cpp,
    modalidad,
    sede_id,
    estado
from "dm_centro_psicologico"."raw"."psicologos"
  );
  
[0m12:55:27.874240 [debug] [Thread-1 (]: SQL status: SELECT 4 in 0.007 seconds
[0m12:55:27.879104 [debug] [Thread-1 (]: Using postgres connection "model.centro_psicologico.stg_psicologos"
[0m12:55:27.880812 [debug] [Thread-1 (]: On model.centro_psicologico.stg_psicologos: /* {"app": "dbt", "dbt_version": "1.12.0b1", "profile_name": "centro_psicologico", "target_name": "dev", "node_id": "model.centro_psicologico.stg_psicologos"} */
alter table "dm_centro_psicologico"."staging"."stg_psicologos" rename to "stg_psicologos__dbt_backup"
[0m12:55:27.882890 [debug] [Thread-1 (]: SQL status: ALTER TABLE in 0.001 seconds
[0m12:55:27.887389 [debug] [Thread-1 (]: Using postgres connection "model.centro_psicologico.stg_psicologos"
[0m12:55:27.889111 [debug] [Thread-1 (]: On model.centro_psicologico.stg_psicologos: /* {"app": "dbt", "dbt_version": "1.12.0b1", "profile_name": "centro_psicologico", "target_name": "dev", "node_id": "model.centro_psicologico.stg_psicologos"} */
alter table "dm_centro_psicologico"."staging"."stg_psicologos__dbt_tmp" rename to "stg_psicologos"
[0m12:55:27.891012 [debug] [Thread-1 (]: SQL status: ALTER TABLE in 0.000 seconds
[0m12:55:27.893565 [debug] [Thread-1 (]: On model.centro_psicologico.stg_psicologos: COMMIT
[0m12:55:27.895120 [debug] [Thread-1 (]: Using postgres connection "model.centro_psicologico.stg_psicologos"
[0m12:55:27.896589 [debug] [Thread-1 (]: On model.centro_psicologico.stg_psicologos: COMMIT
[0m12:55:27.900257 [debug] [Thread-1 (]: SQL status: COMMIT in 0.002 seconds
[0m12:55:27.905407 [debug] [Thread-1 (]: Applying DROP to: "dm_centro_psicologico"."staging"."stg_psicologos__dbt_backup"
[0m12:55:27.907535 [debug] [Thread-1 (]: Using postgres connection "model.centro_psicologico.stg_psicologos"
[0m12:55:27.909284 [debug] [Thread-1 (]: On model.centro_psicologico.stg_psicologos: /* {"app": "dbt", "dbt_version": "1.12.0b1", "profile_name": "centro_psicologico", "target_name": "dev", "node_id": "model.centro_psicologico.stg_psicologos"} */
drop view if exists "dm_centro_psicologico"."staging"."stg_psicologos__dbt_backup" cascade
[0m12:55:27.914451 [debug] [Thread-1 (]: SQL status: DROP VIEW in 0.004 seconds
[0m12:55:27.917242 [debug] [Thread-1 (]: On model.centro_psicologico.stg_psicologos: Close
[0m12:55:27.919226 [debug] [Thread-1 (]: Sending event: {'category': 'dbt', 'action': 'run_model', 'label': 'fdf55102-9b2c-4f3f-8c17-dbcc5693fcea', 'context': [<snowplow_tracker.self_describing_json.SelfDescribingJson object at 0x774d881d8f10>]}
[0m12:55:27.921128 [info ] [Thread-1 (]: 7 of 18 OK created sql table model staging.stg_psicologos ...................... [[32mSELECT 4[0m in 0.11s]
[0m12:55:27.922777 [debug] [Thread-1 (]: Finished running node model.centro_psicologico.stg_psicologos
[0m12:55:27.924496 [debug] [Thread-1 (]: Began running node model.centro_psicologico.stg_sedes
[0m12:55:27.926405 [info ] [Thread-1 (]: 8 of 18 START sql table model staging.stg_sedes ................................ [RUN]
[0m12:55:27.928261 [debug] [Thread-1 (]: Re-using an available connection from the pool (formerly model.centro_psicologico.stg_psicologos, now model.centro_psicologico.stg_sedes)
[0m12:55:27.929920 [debug] [Thread-1 (]: Began compiling node model.centro_psicologico.stg_sedes
[0m12:55:27.934214 [debug] [Thread-1 (]: Writing injected SQL for node "model.centro_psicologico.stg_sedes"
[0m12:55:27.947983 [debug] [Thread-1 (]: Began executing node model.centro_psicologico.stg_sedes
[0m12:55:27.952471 [debug] [Thread-1 (]: Writing runtime sql for node "model.centro_psicologico.stg_sedes"
[0m12:55:27.966486 [debug] [Thread-1 (]: Using postgres connection "model.centro_psicologico.stg_sedes"
[0m12:55:27.967791 [debug] [Thread-1 (]: On model.centro_psicologico.stg_sedes: BEGIN
[0m12:55:27.968987 [debug] [Thread-1 (]: Opening a new connection, currently in state closed
[0m12:55:27.984414 [debug] [Thread-1 (]: SQL status: BEGIN in 0.015 seconds
[0m12:55:27.986209 [debug] [Thread-1 (]: Using postgres connection "model.centro_psicologico.stg_sedes"
[0m12:55:27.987642 [debug] [Thread-1 (]: On model.centro_psicologico.stg_sedes: /* {"app": "dbt", "dbt_version": "1.12.0b1", "profile_name": "centro_psicologico", "target_name": "dev", "node_id": "model.centro_psicologico.stg_sedes"} */

  
    

  create  table "dm_centro_psicologico"."staging"."stg_sedes__dbt_tmp"
  
  
    as
  
  (
    select
    sede_id,
    nombre_sede,
    ciudad,
    (tiene_online <> 0)      as tiene_online,
    estado
from "dm_centro_psicologico"."raw"."sedes"
  );
  
[0m12:55:27.998764 [debug] [Thread-1 (]: SQL status: SELECT 3 in 0.009 seconds
[0m12:55:28.004927 [debug] [Thread-1 (]: Using postgres connection "model.centro_psicologico.stg_sedes"
[0m12:55:28.007030 [debug] [Thread-1 (]: On model.centro_psicologico.stg_sedes: /* {"app": "dbt", "dbt_version": "1.12.0b1", "profile_name": "centro_psicologico", "target_name": "dev", "node_id": "model.centro_psicologico.stg_sedes"} */
alter table "dm_centro_psicologico"."staging"."stg_sedes" rename to "stg_sedes__dbt_backup"
[0m12:55:28.009215 [debug] [Thread-1 (]: SQL status: ALTER TABLE in 0.001 seconds
[0m12:55:28.013401 [debug] [Thread-1 (]: Using postgres connection "model.centro_psicologico.stg_sedes"
[0m12:55:28.014955 [debug] [Thread-1 (]: On model.centro_psicologico.stg_sedes: /* {"app": "dbt", "dbt_version": "1.12.0b1", "profile_name": "centro_psicologico", "target_name": "dev", "node_id": "model.centro_psicologico.stg_sedes"} */
alter table "dm_centro_psicologico"."staging"."stg_sedes__dbt_tmp" rename to "stg_sedes"
[0m12:55:28.016878 [debug] [Thread-1 (]: SQL status: ALTER TABLE in 0.000 seconds
[0m12:55:28.019275 [debug] [Thread-1 (]: On model.centro_psicologico.stg_sedes: COMMIT
[0m12:55:28.021020 [debug] [Thread-1 (]: Using postgres connection "model.centro_psicologico.stg_sedes"
[0m12:55:28.022892 [debug] [Thread-1 (]: On model.centro_psicologico.stg_sedes: COMMIT
[0m12:55:28.026689 [debug] [Thread-1 (]: SQL status: COMMIT in 0.002 seconds
[0m12:55:28.030508 [debug] [Thread-1 (]: Applying DROP to: "dm_centro_psicologico"."staging"."stg_sedes__dbt_backup"
[0m12:55:28.032209 [debug] [Thread-1 (]: Using postgres connection "model.centro_psicologico.stg_sedes"
[0m12:55:28.033642 [debug] [Thread-1 (]: On model.centro_psicologico.stg_sedes: /* {"app": "dbt", "dbt_version": "1.12.0b1", "profile_name": "centro_psicologico", "target_name": "dev", "node_id": "model.centro_psicologico.stg_sedes"} */
drop view if exists "dm_centro_psicologico"."staging"."stg_sedes__dbt_backup" cascade
[0m12:55:28.038478 [debug] [Thread-1 (]: SQL status: DROP VIEW in 0.003 seconds
[0m12:55:28.042055 [debug] [Thread-1 (]: On model.centro_psicologico.stg_sedes: Close
[0m12:55:28.044155 [debug] [Thread-1 (]: Sending event: {'category': 'dbt', 'action': 'run_model', 'label': 'fdf55102-9b2c-4f3f-8c17-dbcc5693fcea', 'context': [<snowplow_tracker.self_describing_json.SelfDescribingJson object at 0x774d881d9110>]}
[0m12:55:28.045984 [info ] [Thread-1 (]: 8 of 18 OK created sql table model staging.stg_sedes ........................... [[32mSELECT 3[0m in 0.12s]
[0m12:55:28.047790 [debug] [Thread-1 (]: Finished running node model.centro_psicologico.stg_sedes
[0m12:55:28.049448 [debug] [Thread-1 (]: Began running node model.centro_psicologico.stg_sesiones
[0m12:55:28.051174 [info ] [Thread-1 (]: 9 of 18 START sql table model staging.stg_sesiones ............................. [RUN]
[0m12:55:28.053084 [debug] [Thread-1 (]: Re-using an available connection from the pool (formerly model.centro_psicologico.stg_sedes, now model.centro_psicologico.stg_sesiones)
[0m12:55:28.055279 [debug] [Thread-1 (]: Began compiling node model.centro_psicologico.stg_sesiones
[0m12:55:28.060705 [debug] [Thread-1 (]: Writing injected SQL for node "model.centro_psicologico.stg_sesiones"
[0m12:55:28.077914 [debug] [Thread-1 (]: Began executing node model.centro_psicologico.stg_sesiones
[0m12:55:28.085340 [debug] [Thread-1 (]: Writing runtime sql for node "model.centro_psicologico.stg_sesiones"
[0m12:55:28.102527 [debug] [Thread-1 (]: Using postgres connection "model.centro_psicologico.stg_sesiones"
[0m12:55:28.104248 [debug] [Thread-1 (]: On model.centro_psicologico.stg_sesiones: BEGIN
[0m12:55:28.105903 [debug] [Thread-1 (]: Opening a new connection, currently in state closed
[0m12:55:28.117429 [debug] [Thread-1 (]: SQL status: BEGIN in 0.011 seconds
[0m12:55:28.119436 [debug] [Thread-1 (]: Using postgres connection "model.centro_psicologico.stg_sesiones"
[0m12:55:28.123329 [debug] [Thread-1 (]: On model.centro_psicologico.stg_sesiones: /* {"app": "dbt", "dbt_version": "1.12.0b1", "profile_name": "centro_psicologico", "target_name": "dev", "node_id": "model.centro_psicologico.stg_sesiones"} */

  
    

  create  table "dm_centro_psicologico"."staging"."stg_sesiones__dbt_tmp"
  
  
    as
  
  (
    select
    sesion_id,
    historia_id,
    psicologo_id,
    (DATE '1970-01-01' + fecha_sesion) as fecha_sesion,
    hora_sesion,
    nro_sesion,
    etapa_atencion,
    modalidad,
    coalesce(duracion_min, 0)       as duracion_min,
    motivo_consulta,
    estado_sesion
from "dm_centro_psicologico"."raw"."sesiones"
  );
  
[0m12:55:28.141335 [debug] [Thread-1 (]: SQL status: SELECT 52 in 0.016 seconds
[0m12:55:28.145805 [debug] [Thread-1 (]: Using postgres connection "model.centro_psicologico.stg_sesiones"
[0m12:55:28.147428 [debug] [Thread-1 (]: On model.centro_psicologico.stg_sesiones: /* {"app": "dbt", "dbt_version": "1.12.0b1", "profile_name": "centro_psicologico", "target_name": "dev", "node_id": "model.centro_psicologico.stg_sesiones"} */
alter table "dm_centro_psicologico"."staging"."stg_sesiones" rename to "stg_sesiones__dbt_backup"
[0m12:55:28.149666 [debug] [Thread-1 (]: SQL status: ALTER TABLE in 0.001 seconds
[0m12:55:28.154280 [debug] [Thread-1 (]: Using postgres connection "model.centro_psicologico.stg_sesiones"
[0m12:55:28.156434 [debug] [Thread-1 (]: On model.centro_psicologico.stg_sesiones: /* {"app": "dbt", "dbt_version": "1.12.0b1", "profile_name": "centro_psicologico", "target_name": "dev", "node_id": "model.centro_psicologico.stg_sesiones"} */
alter table "dm_centro_psicologico"."staging"."stg_sesiones__dbt_tmp" rename to "stg_sesiones"
[0m12:55:28.158655 [debug] [Thread-1 (]: SQL status: ALTER TABLE in 0.000 seconds
[0m12:55:28.161269 [debug] [Thread-1 (]: On model.centro_psicologico.stg_sesiones: COMMIT
[0m12:55:28.162797 [debug] [Thread-1 (]: Using postgres connection "model.centro_psicologico.stg_sesiones"
[0m12:55:28.164110 [debug] [Thread-1 (]: On model.centro_psicologico.stg_sesiones: COMMIT
[0m12:55:28.167793 [debug] [Thread-1 (]: SQL status: COMMIT in 0.002 seconds
[0m12:55:28.173586 [debug] [Thread-1 (]: Applying DROP to: "dm_centro_psicologico"."staging"."stg_sesiones__dbt_backup"
[0m12:55:28.175699 [debug] [Thread-1 (]: Using postgres connection "model.centro_psicologico.stg_sesiones"
[0m12:55:28.177472 [debug] [Thread-1 (]: On model.centro_psicologico.stg_sesiones: /* {"app": "dbt", "dbt_version": "1.12.0b1", "profile_name": "centro_psicologico", "target_name": "dev", "node_id": "model.centro_psicologico.stg_sesiones"} */
drop view if exists "dm_centro_psicologico"."staging"."stg_sesiones__dbt_backup" cascade
[0m12:55:28.182852 [debug] [Thread-1 (]: SQL status: DROP VIEW in 0.004 seconds
[0m12:55:28.185451 [debug] [Thread-1 (]: On model.centro_psicologico.stg_sesiones: Close
[0m12:55:28.187439 [debug] [Thread-1 (]: Sending event: {'category': 'dbt', 'action': 'run_model', 'label': 'fdf55102-9b2c-4f3f-8c17-dbcc5693fcea', 'context': [<snowplow_tracker.self_describing_json.SelfDescribingJson object at 0x774d63f5d490>]}
[0m12:55:28.190824 [info ] [Thread-1 (]: 9 of 18 OK created sql table model staging.stg_sesiones ........................ [[32mSELECT 52[0m in 0.13s]
[0m12:55:28.193306 [debug] [Thread-1 (]: Finished running node model.centro_psicologico.stg_sesiones
[0m12:55:28.195255 [debug] [Thread-1 (]: Began running node model.centro_psicologico.dim_diagnostico
[0m12:55:28.196925 [info ] [Thread-1 (]: 10 of 18 START sql table model datamart.dim_diagnostico ........................ [RUN]
[0m12:55:28.199075 [debug] [Thread-1 (]: Re-using an available connection from the pool (formerly model.centro_psicologico.stg_sesiones, now model.centro_psicologico.dim_diagnostico)
[0m12:55:28.200919 [debug] [Thread-1 (]: Began compiling node model.centro_psicologico.dim_diagnostico
[0m12:55:28.206949 [debug] [Thread-1 (]: Writing injected SQL for node "model.centro_psicologico.dim_diagnostico"
[0m12:55:28.222758 [debug] [Thread-1 (]: Began executing node model.centro_psicologico.dim_diagnostico
[0m12:55:28.226995 [debug] [Thread-1 (]: Writing runtime sql for node "model.centro_psicologico.dim_diagnostico"
[0m12:55:28.250430 [debug] [Thread-1 (]: Using postgres connection "model.centro_psicologico.dim_diagnostico"
[0m12:55:28.252080 [debug] [Thread-1 (]: On model.centro_psicologico.dim_diagnostico: BEGIN
[0m12:55:28.253723 [debug] [Thread-1 (]: Opening a new connection, currently in state closed
[0m12:55:28.267856 [debug] [Thread-1 (]: SQL status: BEGIN in 0.014 seconds
[0m12:55:28.269990 [debug] [Thread-1 (]: Using postgres connection "model.centro_psicologico.dim_diagnostico"
[0m12:55:28.271822 [debug] [Thread-1 (]: On model.centro_psicologico.dim_diagnostico: /* {"app": "dbt", "dbt_version": "1.12.0b1", "profile_name": "centro_psicologico", "target_name": "dev", "node_id": "model.centro_psicologico.dim_diagnostico"} */

  
    

  create  table "dm_centro_psicologico"."datamart"."dim_diagnostico__dbt_tmp"
  
  
    as
  
  (
    select distinct
    codigo_cie10,
    descripcion_cie10
from "dm_centro_psicologico"."staging"."stg_diagnosticos"
where codigo_cie10 is not null
  );
  
[0m12:55:28.284409 [debug] [Thread-1 (]: SQL status: SELECT 10 in 0.011 seconds
[0m12:55:28.293831 [debug] [Thread-1 (]: Using postgres connection "model.centro_psicologico.dim_diagnostico"
[0m12:55:28.295863 [debug] [Thread-1 (]: On model.centro_psicologico.dim_diagnostico: /* {"app": "dbt", "dbt_version": "1.12.0b1", "profile_name": "centro_psicologico", "target_name": "dev", "node_id": "model.centro_psicologico.dim_diagnostico"} */
alter table "dm_centro_psicologico"."datamart"."dim_diagnostico" rename to "dim_diagnostico__dbt_backup"
[0m12:55:28.298303 [debug] [Thread-1 (]: SQL status: ALTER TABLE in 0.000 seconds
[0m12:55:28.302671 [debug] [Thread-1 (]: Using postgres connection "model.centro_psicologico.dim_diagnostico"
[0m12:55:28.304285 [debug] [Thread-1 (]: On model.centro_psicologico.dim_diagnostico: /* {"app": "dbt", "dbt_version": "1.12.0b1", "profile_name": "centro_psicologico", "target_name": "dev", "node_id": "model.centro_psicologico.dim_diagnostico"} */
alter table "dm_centro_psicologico"."datamart"."dim_diagnostico__dbt_tmp" rename to "dim_diagnostico"
[0m12:55:28.306110 [debug] [Thread-1 (]: SQL status: ALTER TABLE in 0.000 seconds
[0m12:55:28.308572 [debug] [Thread-1 (]: On model.centro_psicologico.dim_diagnostico: COMMIT
[0m12:55:28.310211 [debug] [Thread-1 (]: Using postgres connection "model.centro_psicologico.dim_diagnostico"
[0m12:55:28.312484 [debug] [Thread-1 (]: On model.centro_psicologico.dim_diagnostico: COMMIT
[0m12:55:28.317436 [debug] [Thread-1 (]: SQL status: COMMIT in 0.003 seconds
[0m12:55:28.321069 [debug] [Thread-1 (]: Applying DROP to: "dm_centro_psicologico"."datamart"."dim_diagnostico__dbt_backup"
[0m12:55:28.325749 [debug] [Thread-1 (]: Using postgres connection "model.centro_psicologico.dim_diagnostico"
[0m12:55:28.327958 [debug] [Thread-1 (]: On model.centro_psicologico.dim_diagnostico: /* {"app": "dbt", "dbt_version": "1.12.0b1", "profile_name": "centro_psicologico", "target_name": "dev", "node_id": "model.centro_psicologico.dim_diagnostico"} */
drop table if exists "dm_centro_psicologico"."datamart"."dim_diagnostico__dbt_backup" cascade
[0m12:55:28.334793 [debug] [Thread-1 (]: SQL status: DROP TABLE in 0.005 seconds
[0m12:55:28.337768 [debug] [Thread-1 (]: On model.centro_psicologico.dim_diagnostico: Close
[0m12:55:28.339758 [debug] [Thread-1 (]: Sending event: {'category': 'dbt', 'action': 'run_model', 'label': 'fdf55102-9b2c-4f3f-8c17-dbcc5693fcea', 'context': [<snowplow_tracker.self_describing_json.SelfDescribingJson object at 0x774d63f5cd90>]}
[0m12:55:28.341848 [info ] [Thread-1 (]: 10 of 18 OK created sql table model datamart.dim_diagnostico ................... [[32mSELECT 10[0m in 0.14s]
[0m12:55:28.345358 [debug] [Thread-1 (]: Finished running node model.centro_psicologico.dim_diagnostico
[0m12:55:28.347313 [debug] [Thread-1 (]: Began running node model.centro_psicologico.dim_paciente
[0m12:55:28.349339 [info ] [Thread-1 (]: 11 of 18 START sql table model datamart.dim_paciente ........................... [RUN]
[0m12:55:28.351694 [debug] [Thread-1 (]: Re-using an available connection from the pool (formerly model.centro_psicologico.dim_diagnostico, now model.centro_psicologico.dim_paciente)
[0m12:55:28.353675 [debug] [Thread-1 (]: Began compiling node model.centro_psicologico.dim_paciente
[0m12:55:28.358709 [debug] [Thread-1 (]: Writing injected SQL for node "model.centro_psicologico.dim_paciente"
[0m12:55:28.376708 [debug] [Thread-1 (]: Began executing node model.centro_psicologico.dim_paciente
[0m12:55:28.381935 [debug] [Thread-1 (]: Writing runtime sql for node "model.centro_psicologico.dim_paciente"
[0m12:55:28.398841 [debug] [Thread-1 (]: Using postgres connection "model.centro_psicologico.dim_paciente"
[0m12:55:28.400897 [debug] [Thread-1 (]: On model.centro_psicologico.dim_paciente: BEGIN
[0m12:55:28.402612 [debug] [Thread-1 (]: Opening a new connection, currently in state closed
[0m12:55:28.472836 [debug] [Thread-1 (]: SQL status: BEGIN in 0.070 seconds
[0m12:55:28.475708 [debug] [Thread-1 (]: Using postgres connection "model.centro_psicologico.dim_paciente"
[0m12:55:28.477655 [debug] [Thread-1 (]: On model.centro_psicologico.dim_paciente: /* {"app": "dbt", "dbt_version": "1.12.0b1", "profile_name": "centro_psicologico", "target_name": "dev", "node_id": "model.centro_psicologico.dim_paciente"} */

  
    

  create  table "dm_centro_psicologico"."datamart"."dim_paciente__dbt_tmp"
  
  
    as
  
  (
    with pacientes as (
    select * from "dm_centro_psicologico"."staging"."stg_pacientes"
),
historias as (
    select paciente_id, codigo_historia, tipo_historial
    from "dm_centro_psicologico"."staging"."stg_historia_clinica"
)
select
    p.paciente_id,
    h.codigo_historia,
    h.tipo_historial,
    case
        when extract(year from age(current_date, p.fecha_nacimiento)) < 18  then '< 18'
        when extract(year from age(current_date, p.fecha_nacimiento)) <= 25 then '18-25'
        when extract(year from age(current_date, p.fecha_nacimiento)) <= 35 then '26-35'
        when extract(year from age(current_date, p.fecha_nacimiento)) <= 45 then '36-45'
        when extract(year from age(current_date, p.fecha_nacimiento)) <= 60 then '46-60'
        else '60+'
    end                                                               as rango_etario,
    p.sexo,
    p.estado_civil,
    p.grado_instruccion,
    case
        when p.ocupacion ilike '%docente%'    or p.ocupacion ilike '%profesor%'   then 'Educacion'
        when p.ocupacion ilike '%medico%'     or p.ocupacion ilike '%enfermero%'  then 'Salud'
        when p.ocupacion ilike '%comerciante%'                                    then 'Comercio'
        when p.ocupacion ilike '%ingeniero%'  or p.ocupacion ilike '%tecnico%'    then 'Tecnico'
        when p.ocupacion ilike '%abogado%'    or p.ocupacion ilike '%contador%'   then 'Profesional'
        when p.ocupacion ilike '%estudiante%'                                     then 'Estudiantil'
        when p.ocupacion ilike '%conductor%'                                      then 'Transporte'
        when p.ocupacion ilike '%agricultor%'                                     then 'Agro'
        when p.ocupacion ilike '%ama de casa%'                                    then 'Hogar'
        else 'Otros'
    end                                                               as ocupacion_grupo,
    coalesce(p.canal_captacion, 'No registrado')                      as canal_captacion,
    p.estado_paciente,
    p.modalidad_preferida,
    p.fecha_registro                                                  as fecha_primera_consulta
from pacientes p
left join historias h on p.paciente_id = h.paciente_id
  );
  
[0m12:55:28.506025 [debug] [Thread-1 (]: SQL status: SELECT 20 in 0.026 seconds
[0m12:55:28.512511 [debug] [Thread-1 (]: Using postgres connection "model.centro_psicologico.dim_paciente"
[0m12:55:28.514270 [debug] [Thread-1 (]: On model.centro_psicologico.dim_paciente: /* {"app": "dbt", "dbt_version": "1.12.0b1", "profile_name": "centro_psicologico", "target_name": "dev", "node_id": "model.centro_psicologico.dim_paciente"} */
alter table "dm_centro_psicologico"."datamart"."dim_paciente" rename to "dim_paciente__dbt_backup"
[0m12:55:28.516176 [debug] [Thread-1 (]: SQL status: ALTER TABLE in 0.000 seconds
[0m12:55:28.521297 [debug] [Thread-1 (]: Using postgres connection "model.centro_psicologico.dim_paciente"
[0m12:55:28.523051 [debug] [Thread-1 (]: On model.centro_psicologico.dim_paciente: /* {"app": "dbt", "dbt_version": "1.12.0b1", "profile_name": "centro_psicologico", "target_name": "dev", "node_id": "model.centro_psicologico.dim_paciente"} */
alter table "dm_centro_psicologico"."datamart"."dim_paciente__dbt_tmp" rename to "dim_paciente"
[0m12:55:28.525824 [debug] [Thread-1 (]: SQL status: ALTER TABLE in 0.001 seconds
[0m12:55:28.528456 [debug] [Thread-1 (]: On model.centro_psicologico.dim_paciente: COMMIT
[0m12:55:28.530264 [debug] [Thread-1 (]: Using postgres connection "model.centro_psicologico.dim_paciente"
[0m12:55:28.532424 [debug] [Thread-1 (]: On model.centro_psicologico.dim_paciente: COMMIT
[0m12:55:28.537780 [debug] [Thread-1 (]: SQL status: COMMIT in 0.002 seconds
[0m12:55:28.547431 [debug] [Thread-1 (]: Applying DROP to: "dm_centro_psicologico"."datamart"."dim_paciente__dbt_backup"
[0m12:55:28.549723 [debug] [Thread-1 (]: Using postgres connection "model.centro_psicologico.dim_paciente"
[0m12:55:28.551618 [debug] [Thread-1 (]: On model.centro_psicologico.dim_paciente: /* {"app": "dbt", "dbt_version": "1.12.0b1", "profile_name": "centro_psicologico", "target_name": "dev", "node_id": "model.centro_psicologico.dim_paciente"} */
drop table if exists "dm_centro_psicologico"."datamart"."dim_paciente__dbt_backup" cascade
[0m12:55:28.557397 [debug] [Thread-1 (]: SQL status: DROP TABLE in 0.003 seconds
[0m12:55:28.559970 [debug] [Thread-1 (]: On model.centro_psicologico.dim_paciente: Close
[0m12:55:28.562577 [debug] [Thread-1 (]: Sending event: {'category': 'dbt', 'action': 'run_model', 'label': 'fdf55102-9b2c-4f3f-8c17-dbcc5693fcea', 'context': [<snowplow_tracker.self_describing_json.SelfDescribingJson object at 0x774d63fe7990>]}
[0m12:55:28.565224 [info ] [Thread-1 (]: 11 of 18 OK created sql table model datamart.dim_paciente ...................... [[32mSELECT 20[0m in 0.21s]
[0m12:55:28.567493 [debug] [Thread-1 (]: Finished running node model.centro_psicologico.dim_paciente
[0m12:55:28.572358 [debug] [Thread-1 (]: Began running node model.centro_psicologico.dim_psicologo
[0m12:55:28.574567 [info ] [Thread-1 (]: 12 of 18 START sql table model datamart.dim_psicologo .......................... [RUN]
[0m12:55:28.576537 [debug] [Thread-1 (]: Re-using an available connection from the pool (formerly model.centro_psicologico.dim_paciente, now model.centro_psicologico.dim_psicologo)
[0m12:55:28.578137 [debug] [Thread-1 (]: Began compiling node model.centro_psicologico.dim_psicologo
[0m12:55:28.582898 [debug] [Thread-1 (]: Writing injected SQL for node "model.centro_psicologico.dim_psicologo"
[0m12:55:28.597371 [debug] [Thread-1 (]: Began executing node model.centro_psicologico.dim_psicologo
[0m12:55:28.603131 [debug] [Thread-1 (]: Writing runtime sql for node "model.centro_psicologico.dim_psicologo"
[0m12:55:28.617565 [debug] [Thread-1 (]: Using postgres connection "model.centro_psicologico.dim_psicologo"
[0m12:55:28.619706 [debug] [Thread-1 (]: On model.centro_psicologico.dim_psicologo: BEGIN
[0m12:55:28.621861 [debug] [Thread-1 (]: Opening a new connection, currently in state closed
[0m12:55:28.635713 [debug] [Thread-1 (]: SQL status: BEGIN in 0.014 seconds
[0m12:55:28.637743 [debug] [Thread-1 (]: Using postgres connection "model.centro_psicologico.dim_psicologo"
[0m12:55:28.639699 [debug] [Thread-1 (]: On model.centro_psicologico.dim_psicologo: /* {"app": "dbt", "dbt_version": "1.12.0b1", "profile_name": "centro_psicologico", "target_name": "dev", "node_id": "model.centro_psicologico.dim_psicologo"} */

  
    

  create  table "dm_centro_psicologico"."datamart"."dim_psicologo__dbt_tmp"
  
  
    as
  
  (
    select
    psicologo_id,
    dni,
    nombres,
    especialidad,
    cpp,
    modalidad,
    sede_id,
    estado
from "dm_centro_psicologico"."staging"."stg_psicologos"
  );
  
[0m12:55:28.649804 [debug] [Thread-1 (]: SQL status: SELECT 4 in 0.008 seconds
[0m12:55:28.656587 [debug] [Thread-1 (]: Using postgres connection "model.centro_psicologico.dim_psicologo"
[0m12:55:28.659384 [debug] [Thread-1 (]: On model.centro_psicologico.dim_psicologo: /* {"app": "dbt", "dbt_version": "1.12.0b1", "profile_name": "centro_psicologico", "target_name": "dev", "node_id": "model.centro_psicologico.dim_psicologo"} */
alter table "dm_centro_psicologico"."datamart"."dim_psicologo" rename to "dim_psicologo__dbt_backup"
[0m12:55:28.661651 [debug] [Thread-1 (]: SQL status: ALTER TABLE in 0.000 seconds
[0m12:55:28.668469 [debug] [Thread-1 (]: Using postgres connection "model.centro_psicologico.dim_psicologo"
[0m12:55:28.670245 [debug] [Thread-1 (]: On model.centro_psicologico.dim_psicologo: /* {"app": "dbt", "dbt_version": "1.12.0b1", "profile_name": "centro_psicologico", "target_name": "dev", "node_id": "model.centro_psicologico.dim_psicologo"} */
alter table "dm_centro_psicologico"."datamart"."dim_psicologo__dbt_tmp" rename to "dim_psicologo"
[0m12:55:28.673245 [debug] [Thread-1 (]: SQL status: ALTER TABLE in 0.001 seconds
[0m12:55:28.675824 [debug] [Thread-1 (]: On model.centro_psicologico.dim_psicologo: COMMIT
[0m12:55:28.677582 [debug] [Thread-1 (]: Using postgres connection "model.centro_psicologico.dim_psicologo"
[0m12:55:28.679250 [debug] [Thread-1 (]: On model.centro_psicologico.dim_psicologo: COMMIT
[0m12:55:28.686349 [debug] [Thread-1 (]: SQL status: COMMIT in 0.005 seconds
[0m12:55:28.691050 [debug] [Thread-1 (]: Applying DROP to: "dm_centro_psicologico"."datamart"."dim_psicologo__dbt_backup"
[0m12:55:28.692814 [debug] [Thread-1 (]: Using postgres connection "model.centro_psicologico.dim_psicologo"
[0m12:55:28.694317 [debug] [Thread-1 (]: On model.centro_psicologico.dim_psicologo: /* {"app": "dbt", "dbt_version": "1.12.0b1", "profile_name": "centro_psicologico", "target_name": "dev", "node_id": "model.centro_psicologico.dim_psicologo"} */
drop table if exists "dm_centro_psicologico"."datamart"."dim_psicologo__dbt_backup" cascade
[0m12:55:28.702399 [debug] [Thread-1 (]: SQL status: DROP TABLE in 0.006 seconds
[0m12:55:28.706555 [debug] [Thread-1 (]: On model.centro_psicologico.dim_psicologo: Close
[0m12:55:28.709486 [debug] [Thread-1 (]: Sending event: {'category': 'dbt', 'action': 'run_model', 'label': 'fdf55102-9b2c-4f3f-8c17-dbcc5693fcea', 'context': [<snowplow_tracker.self_describing_json.SelfDescribingJson object at 0x774d63fdcf10>]}
[0m12:55:28.713630 [info ] [Thread-1 (]: 12 of 18 OK created sql table model datamart.dim_psicologo ..................... [[32mSELECT 4[0m in 0.13s]
[0m12:55:28.716609 [debug] [Thread-1 (]: Finished running node model.centro_psicologico.dim_psicologo
[0m12:55:28.719539 [debug] [Thread-1 (]: Began running node model.centro_psicologico.dim_sede
[0m12:55:28.724603 [info ] [Thread-1 (]: 13 of 18 START sql table model datamart.dim_sede ............................... [RUN]
[0m12:55:28.727195 [debug] [Thread-1 (]: Re-using an available connection from the pool (formerly model.centro_psicologico.dim_psicologo, now model.centro_psicologico.dim_sede)
[0m12:55:28.729768 [debug] [Thread-1 (]: Began compiling node model.centro_psicologico.dim_sede
[0m12:55:28.734584 [debug] [Thread-1 (]: Writing injected SQL for node "model.centro_psicologico.dim_sede"
[0m12:55:28.748092 [debug] [Thread-1 (]: Began executing node model.centro_psicologico.dim_sede
[0m12:55:28.754292 [debug] [Thread-1 (]: Writing runtime sql for node "model.centro_psicologico.dim_sede"
[0m12:55:28.768175 [debug] [Thread-1 (]: Using postgres connection "model.centro_psicologico.dim_sede"
[0m12:55:28.769721 [debug] [Thread-1 (]: On model.centro_psicologico.dim_sede: BEGIN
[0m12:55:28.771383 [debug] [Thread-1 (]: Opening a new connection, currently in state closed
[0m12:55:28.787837 [debug] [Thread-1 (]: SQL status: BEGIN in 0.016 seconds
[0m12:55:28.790047 [debug] [Thread-1 (]: Using postgres connection "model.centro_psicologico.dim_sede"
[0m12:55:28.792058 [debug] [Thread-1 (]: On model.centro_psicologico.dim_sede: /* {"app": "dbt", "dbt_version": "1.12.0b1", "profile_name": "centro_psicologico", "target_name": "dev", "node_id": "model.centro_psicologico.dim_sede"} */

  
    

  create  table "dm_centro_psicologico"."datamart"."dim_sede__dbt_tmp"
  
  
    as
  
  (
    select
    sede_id,
    nombre_sede,
    ciudad,
    tiene_online,
    estado
from "dm_centro_psicologico"."staging"."stg_sedes"
  );
  
[0m12:55:28.802762 [debug] [Thread-1 (]: SQL status: SELECT 3 in 0.008 seconds
[0m12:55:28.809096 [debug] [Thread-1 (]: Using postgres connection "model.centro_psicologico.dim_sede"
[0m12:55:28.811049 [debug] [Thread-1 (]: On model.centro_psicologico.dim_sede: /* {"app": "dbt", "dbt_version": "1.12.0b1", "profile_name": "centro_psicologico", "target_name": "dev", "node_id": "model.centro_psicologico.dim_sede"} */
alter table "dm_centro_psicologico"."datamart"."dim_sede" rename to "dim_sede__dbt_backup"
[0m12:55:28.813730 [debug] [Thread-1 (]: SQL status: ALTER TABLE in 0.001 seconds
[0m12:55:28.821040 [debug] [Thread-1 (]: Using postgres connection "model.centro_psicologico.dim_sede"
[0m12:55:28.825955 [debug] [Thread-1 (]: On model.centro_psicologico.dim_sede: /* {"app": "dbt", "dbt_version": "1.12.0b1", "profile_name": "centro_psicologico", "target_name": "dev", "node_id": "model.centro_psicologico.dim_sede"} */
alter table "dm_centro_psicologico"."datamart"."dim_sede__dbt_tmp" rename to "dim_sede"
[0m12:55:28.829466 [debug] [Thread-1 (]: SQL status: ALTER TABLE in 0.002 seconds
[0m12:55:28.833769 [debug] [Thread-1 (]: On model.centro_psicologico.dim_sede: COMMIT
[0m12:55:28.835642 [debug] [Thread-1 (]: Using postgres connection "model.centro_psicologico.dim_sede"
[0m12:55:28.837456 [debug] [Thread-1 (]: On model.centro_psicologico.dim_sede: COMMIT
[0m12:55:28.841427 [debug] [Thread-1 (]: SQL status: COMMIT in 0.002 seconds
[0m12:55:28.846914 [debug] [Thread-1 (]: Applying DROP to: "dm_centro_psicologico"."datamart"."dim_sede__dbt_backup"
[0m12:55:28.849205 [debug] [Thread-1 (]: Using postgres connection "model.centro_psicologico.dim_sede"
[0m12:55:28.851270 [debug] [Thread-1 (]: On model.centro_psicologico.dim_sede: /* {"app": "dbt", "dbt_version": "1.12.0b1", "profile_name": "centro_psicologico", "target_name": "dev", "node_id": "model.centro_psicologico.dim_sede"} */
drop table if exists "dm_centro_psicologico"."datamart"."dim_sede__dbt_backup" cascade
[0m12:55:28.857007 [debug] [Thread-1 (]: SQL status: DROP TABLE in 0.003 seconds
[0m12:55:28.861242 [debug] [Thread-1 (]: On model.centro_psicologico.dim_sede: Close
[0m12:55:28.863596 [debug] [Thread-1 (]: Sending event: {'category': 'dbt', 'action': 'run_model', 'label': 'fdf55102-9b2c-4f3f-8c17-dbcc5693fcea', 'context': [<snowplow_tracker.self_describing_json.SelfDescribingJson object at 0x774d63f302d0>]}
[0m12:55:28.865985 [info ] [Thread-1 (]: 13 of 18 OK created sql table model datamart.dim_sede .......................... [[32mSELECT 3[0m in 0.14s]
[0m12:55:28.868654 [debug] [Thread-1 (]: Finished running node model.centro_psicologico.dim_sede
[0m12:55:28.871460 [debug] [Thread-1 (]: Began running node model.centro_psicologico.dim_servicio
[0m12:55:28.873884 [info ] [Thread-1 (]: 14 of 18 START sql table model datamart.dim_servicio ........................... [RUN]
[0m12:55:28.876115 [debug] [Thread-1 (]: Re-using an available connection from the pool (formerly model.centro_psicologico.dim_sede, now model.centro_psicologico.dim_servicio)
[0m12:55:28.878680 [debug] [Thread-1 (]: Began compiling node model.centro_psicologico.dim_servicio
[0m12:55:28.886035 [debug] [Thread-1 (]: Writing injected SQL for node "model.centro_psicologico.dim_servicio"
[0m12:55:28.899606 [debug] [Thread-1 (]: Began executing node model.centro_psicologico.dim_servicio
[0m12:55:28.905872 [debug] [Thread-1 (]: Writing runtime sql for node "model.centro_psicologico.dim_servicio"
[0m12:55:28.920003 [debug] [Thread-1 (]: Using postgres connection "model.centro_psicologico.dim_servicio"
[0m12:55:28.921912 [debug] [Thread-1 (]: On model.centro_psicologico.dim_servicio: BEGIN
[0m12:55:28.923854 [debug] [Thread-1 (]: Opening a new connection, currently in state closed
[0m12:55:28.938412 [debug] [Thread-1 (]: SQL status: BEGIN in 0.014 seconds
[0m12:55:28.940161 [debug] [Thread-1 (]: Using postgres connection "model.centro_psicologico.dim_servicio"
[0m12:55:28.941718 [debug] [Thread-1 (]: On model.centro_psicologico.dim_servicio: /* {"app": "dbt", "dbt_version": "1.12.0b1", "profile_name": "centro_psicologico", "target_name": "dev", "node_id": "model.centro_psicologico.dim_servicio"} */

  
    

  create  table "dm_centro_psicologico"."datamart"."dim_servicio__dbt_tmp"
  
  
    as
  
  (
    with sesiones as (
    select * from "dm_centro_psicologico"."staging"."stg_sesiones"
),
historias as (
    select historia_id, tipo_historial from "dm_centro_psicologico"."staging"."stg_historia_clinica"
)
select distinct
    s.etapa_atencion,
    h.tipo_historial,
    s.modalidad,
    avg(s.duracion_min)::int                                                    as duracion_estandar,
    case when h.tipo_historial = 'PAREJA' then 230.00 else 150.00 end           as precio_base,
    s.etapa_atencion || ' - ' || h.tipo_historial || ' - ' || s.modalidad       as descripcion
from sesiones s
left join historias h on s.historia_id = h.historia_id
where s.etapa_atencion is not null
group by s.etapa_atencion, h.tipo_historial, s.modalidad
  );
  
[0m12:55:28.952302 [debug] [Thread-1 (]: SQL status: SELECT 22 in 0.009 seconds
[0m12:55:28.957463 [debug] [Thread-1 (]: Using postgres connection "model.centro_psicologico.dim_servicio"
[0m12:55:28.959545 [debug] [Thread-1 (]: On model.centro_psicologico.dim_servicio: /* {"app": "dbt", "dbt_version": "1.12.0b1", "profile_name": "centro_psicologico", "target_name": "dev", "node_id": "model.centro_psicologico.dim_servicio"} */
alter table "dm_centro_psicologico"."datamart"."dim_servicio" rename to "dim_servicio__dbt_backup"
[0m12:55:28.961528 [debug] [Thread-1 (]: SQL status: ALTER TABLE in 0.000 seconds
[0m12:55:28.966182 [debug] [Thread-1 (]: Using postgres connection "model.centro_psicologico.dim_servicio"
[0m12:55:28.968239 [debug] [Thread-1 (]: On model.centro_psicologico.dim_servicio: /* {"app": "dbt", "dbt_version": "1.12.0b1", "profile_name": "centro_psicologico", "target_name": "dev", "node_id": "model.centro_psicologico.dim_servicio"} */
alter table "dm_centro_psicologico"."datamart"."dim_servicio__dbt_tmp" rename to "dim_servicio"
[0m12:55:28.970274 [debug] [Thread-1 (]: SQL status: ALTER TABLE in 0.000 seconds
[0m12:55:28.972522 [debug] [Thread-1 (]: On model.centro_psicologico.dim_servicio: COMMIT
[0m12:55:28.974123 [debug] [Thread-1 (]: Using postgres connection "model.centro_psicologico.dim_servicio"
[0m12:55:28.975721 [debug] [Thread-1 (]: On model.centro_psicologico.dim_servicio: COMMIT
[0m12:55:28.979851 [debug] [Thread-1 (]: SQL status: COMMIT in 0.002 seconds
[0m12:55:28.985377 [debug] [Thread-1 (]: Applying DROP to: "dm_centro_psicologico"."datamart"."dim_servicio__dbt_backup"
[0m12:55:28.987737 [debug] [Thread-1 (]: Using postgres connection "model.centro_psicologico.dim_servicio"
[0m12:55:28.989545 [debug] [Thread-1 (]: On model.centro_psicologico.dim_servicio: /* {"app": "dbt", "dbt_version": "1.12.0b1", "profile_name": "centro_psicologico", "target_name": "dev", "node_id": "model.centro_psicologico.dim_servicio"} */
drop table if exists "dm_centro_psicologico"."datamart"."dim_servicio__dbt_backup" cascade
[0m12:55:28.993778 [debug] [Thread-1 (]: SQL status: DROP TABLE in 0.003 seconds
[0m12:55:28.996862 [debug] [Thread-1 (]: On model.centro_psicologico.dim_servicio: Close
[0m12:55:28.998933 [debug] [Thread-1 (]: Sending event: {'category': 'dbt', 'action': 'run_model', 'label': 'fdf55102-9b2c-4f3f-8c17-dbcc5693fcea', 'context': [<snowplow_tracker.self_describing_json.SelfDescribingJson object at 0x774d88c4df10>]}
[0m12:55:29.000906 [info ] [Thread-1 (]: 14 of 18 OK created sql table model datamart.dim_servicio ...................... [[32mSELECT 22[0m in 0.12s]
[0m12:55:29.003618 [debug] [Thread-1 (]: Finished running node model.centro_psicologico.dim_servicio
[0m12:55:29.005035 [debug] [Thread-1 (]: Began running node model.centro_psicologico.dim_tiempo
[0m12:55:29.007124 [info ] [Thread-1 (]: 15 of 18 START sql table model datamart.dim_tiempo ............................. [RUN]
[0m12:55:29.009709 [debug] [Thread-1 (]: Re-using an available connection from the pool (formerly model.centro_psicologico.dim_servicio, now model.centro_psicologico.dim_tiempo)
[0m12:55:29.011446 [debug] [Thread-1 (]: Began compiling node model.centro_psicologico.dim_tiempo
[0m12:55:29.017690 [debug] [Thread-1 (]: Writing injected SQL for node "model.centro_psicologico.dim_tiempo"
[0m12:55:29.030446 [debug] [Thread-1 (]: Began executing node model.centro_psicologico.dim_tiempo
[0m12:55:29.034771 [debug] [Thread-1 (]: Writing runtime sql for node "model.centro_psicologico.dim_tiempo"
[0m12:55:29.049277 [debug] [Thread-1 (]: Using postgres connection "model.centro_psicologico.dim_tiempo"
[0m12:55:29.050555 [debug] [Thread-1 (]: On model.centro_psicologico.dim_tiempo: BEGIN
[0m12:55:29.052308 [debug] [Thread-1 (]: Opening a new connection, currently in state closed
[0m12:55:29.064703 [debug] [Thread-1 (]: SQL status: BEGIN in 0.012 seconds
[0m12:55:29.066394 [debug] [Thread-1 (]: Using postgres connection "model.centro_psicologico.dim_tiempo"
[0m12:55:29.068533 [debug] [Thread-1 (]: On model.centro_psicologico.dim_tiempo: /* {"app": "dbt", "dbt_version": "1.12.0b1", "profile_name": "centro_psicologico", "target_name": "dev", "node_id": "model.centro_psicologico.dim_tiempo"} */

  
    

  create  table "dm_centro_psicologico"."datamart"."dim_tiempo__dbt_tmp"
  
  
    as
  
  (
    select distinct
    fecha_sesion                                                              as fecha,
    extract(year    from fecha_sesion)::int                                   as anio,
    case when extract(month from fecha_sesion) <= 6 then 1 else 2 end        as semestre,
    extract(quarter from fecha_sesion)::int                                   as trimestre,
    'Q' || extract(quarter from fecha_sesion)::text                           as trim_desc,
    extract(month   from fecha_sesion)::int                                   as mes,
    to_char(fecha_sesion, 'TMMonth')                                          as mes_desc,
    extract(week    from fecha_sesion)::int                                   as semana_anio,
    extract(day     from fecha_sesion)::int                                   as dia_mes,
    extract(isodow  from fecha_sesion)::int                                   as dia_semana,
    to_char(fecha_sesion, 'TMDay')                                            as dia_semana_desc,
    (extract(isodow from fecha_sesion) >= 6)                                  as es_fin_semana
from "dm_centro_psicologico"."staging"."stg_sesiones"
  );
  
[0m12:55:29.082611 [debug] [Thread-1 (]: SQL status: SELECT 48 in 0.011 seconds
[0m12:55:29.108715 [debug] [Thread-1 (]: Using postgres connection "model.centro_psicologico.dim_tiempo"
[0m12:55:29.119468 [debug] [Thread-1 (]: On model.centro_psicologico.dim_tiempo: /* {"app": "dbt", "dbt_version": "1.12.0b1", "profile_name": "centro_psicologico", "target_name": "dev", "node_id": "model.centro_psicologico.dim_tiempo"} */
alter table "dm_centro_psicologico"."datamart"."dim_tiempo" rename to "dim_tiempo__dbt_backup"
[0m12:55:29.122633 [debug] [Thread-1 (]: SQL status: ALTER TABLE in 0.001 seconds
[0m12:55:29.126988 [debug] [Thread-1 (]: Using postgres connection "model.centro_psicologico.dim_tiempo"
[0m12:55:29.128687 [debug] [Thread-1 (]: On model.centro_psicologico.dim_tiempo: /* {"app": "dbt", "dbt_version": "1.12.0b1", "profile_name": "centro_psicologico", "target_name": "dev", "node_id": "model.centro_psicologico.dim_tiempo"} */
alter table "dm_centro_psicologico"."datamart"."dim_tiempo__dbt_tmp" rename to "dim_tiempo"
[0m12:55:29.130714 [debug] [Thread-1 (]: SQL status: ALTER TABLE in 0.000 seconds
[0m12:55:29.134650 [debug] [Thread-1 (]: On model.centro_psicologico.dim_tiempo: COMMIT
[0m12:55:29.137070 [debug] [Thread-1 (]: Using postgres connection "model.centro_psicologico.dim_tiempo"
[0m12:55:29.138953 [debug] [Thread-1 (]: On model.centro_psicologico.dim_tiempo: COMMIT
[0m12:55:29.143734 [debug] [Thread-1 (]: SQL status: COMMIT in 0.003 seconds
[0m12:55:29.152665 [debug] [Thread-1 (]: Applying DROP to: "dm_centro_psicologico"."datamart"."dim_tiempo__dbt_backup"
[0m12:55:29.156977 [debug] [Thread-1 (]: Using postgres connection "model.centro_psicologico.dim_tiempo"
[0m12:55:29.159430 [debug] [Thread-1 (]: On model.centro_psicologico.dim_tiempo: /* {"app": "dbt", "dbt_version": "1.12.0b1", "profile_name": "centro_psicologico", "target_name": "dev", "node_id": "model.centro_psicologico.dim_tiempo"} */
drop table if exists "dm_centro_psicologico"."datamart"."dim_tiempo__dbt_backup" cascade
[0m12:55:29.164973 [debug] [Thread-1 (]: SQL status: DROP TABLE in 0.003 seconds
[0m12:55:29.169861 [debug] [Thread-1 (]: On model.centro_psicologico.dim_tiempo: Close
[0m12:55:29.172098 [debug] [Thread-1 (]: Sending event: {'category': 'dbt', 'action': 'run_model', 'label': 'fdf55102-9b2c-4f3f-8c17-dbcc5693fcea', 'context': [<snowplow_tracker.self_describing_json.SelfDescribingJson object at 0x774d8a5b14d0>]}
[0m12:55:29.175132 [info ] [Thread-1 (]: 15 of 18 OK created sql table model datamart.dim_tiempo ........................ [[32mSELECT 48[0m in 0.16s]
[0m12:55:29.177893 [debug] [Thread-1 (]: Finished running node model.centro_psicologico.dim_tiempo
[0m12:55:29.183220 [debug] [Thread-1 (]: Began running node model.centro_psicologico.fact_evaluacion
[0m12:55:29.186578 [info ] [Thread-1 (]: 16 of 18 START sql table model datamart.fact_evaluacion ........................ [RUN]
[0m12:55:29.189264 [debug] [Thread-1 (]: Re-using an available connection from the pool (formerly model.centro_psicologico.dim_tiempo, now model.centro_psicologico.fact_evaluacion)
[0m12:55:29.191550 [debug] [Thread-1 (]: Began compiling node model.centro_psicologico.fact_evaluacion
[0m12:55:29.207465 [debug] [Thread-1 (]: Writing injected SQL for node "model.centro_psicologico.fact_evaluacion"
[0m12:55:29.222526 [debug] [Thread-1 (]: Began executing node model.centro_psicologico.fact_evaluacion
[0m12:55:29.227517 [debug] [Thread-1 (]: Writing runtime sql for node "model.centro_psicologico.fact_evaluacion"
[0m12:55:29.244149 [debug] [Thread-1 (]: Using postgres connection "model.centro_psicologico.fact_evaluacion"
[0m12:55:29.245853 [debug] [Thread-1 (]: On model.centro_psicologico.fact_evaluacion: BEGIN
[0m12:55:29.247509 [debug] [Thread-1 (]: Opening a new connection, currently in state closed
[0m12:55:29.548614 [debug] [Thread-1 (]: SQL status: BEGIN in 0.301 seconds
[0m12:55:29.552225 [debug] [Thread-1 (]: Using postgres connection "model.centro_psicologico.fact_evaluacion"
[0m12:55:29.555067 [debug] [Thread-1 (]: On model.centro_psicologico.fact_evaluacion: /* {"app": "dbt", "dbt_version": "1.12.0b1", "profile_name": "centro_psicologico", "target_name": "dev", "node_id": "model.centro_psicologico.fact_evaluacion"} */

  
    

  create  table "dm_centro_psicologico"."datamart"."fact_evaluacion__dbt_tmp"
  
  
    as
  
  (
    with evaluaciones as (
    select * from "dm_centro_psicologico"."staging"."stg_evaluaciones"
),
sesiones as (
    select sesion_id, historia_id, psicologo_id, fecha_sesion from "dm_centro_psicologico"."staging"."stg_sesiones"
),
historias as (
    select historia_id, paciente_id from "dm_centro_psicologico"."staging"."stg_historia_clinica"
)
select
    e.evaluacion_id,
    e.sesion_id,
    s.fecha_sesion,
    h.paciente_id,
    s.psicologo_id,
    s.historia_id,
    e.puntaje_cdi,
    e.puntaje_stai,
    case
        when e.puntaje_cdi  >= 30 then 'SEVERO'
        when e.puntaje_cdi  >= 20 then 'MODERADO'
        when e.puntaje_cdi  >= 10 then 'LEVE'
        else 'NORMAL'
    end                                         as nivel_depresion,
    case
        when e.puntaje_stai >= 60 then 'ALTO'
        when e.puntaje_stai >= 40 then 'MODERADO'
        else 'BAJO'
    end                                         as nivel_ansiedad,
    e.metodos_aplicados,
    e.fecha_evaluacion
from evaluaciones e
left join sesiones  s on e.sesion_id  = s.sesion_id
left join historias h on s.historia_id = h.historia_id
  );
  
[0m12:55:29.594063 [debug] [Thread-1 (]: SQL status: SELECT 9 in 0.037 seconds
[0m12:55:29.599989 [debug] [Thread-1 (]: Using postgres connection "model.centro_psicologico.fact_evaluacion"
[0m12:55:29.602092 [debug] [Thread-1 (]: On model.centro_psicologico.fact_evaluacion: /* {"app": "dbt", "dbt_version": "1.12.0b1", "profile_name": "centro_psicologico", "target_name": "dev", "node_id": "model.centro_psicologico.fact_evaluacion"} */
alter table "dm_centro_psicologico"."datamart"."fact_evaluacion" rename to "fact_evaluacion__dbt_backup"
[0m12:55:29.604653 [debug] [Thread-1 (]: SQL status: ALTER TABLE in 0.001 seconds
[0m12:55:29.608923 [debug] [Thread-1 (]: Using postgres connection "model.centro_psicologico.fact_evaluacion"
[0m12:55:29.613534 [debug] [Thread-1 (]: On model.centro_psicologico.fact_evaluacion: /* {"app": "dbt", "dbt_version": "1.12.0b1", "profile_name": "centro_psicologico", "target_name": "dev", "node_id": "model.centro_psicologico.fact_evaluacion"} */
alter table "dm_centro_psicologico"."datamart"."fact_evaluacion__dbt_tmp" rename to "fact_evaluacion"
[0m12:55:29.617477 [debug] [Thread-1 (]: SQL status: ALTER TABLE in 0.001 seconds
[0m12:55:29.620813 [debug] [Thread-1 (]: On model.centro_psicologico.fact_evaluacion: COMMIT
[0m12:55:29.622644 [debug] [Thread-1 (]: Using postgres connection "model.centro_psicologico.fact_evaluacion"
[0m12:55:29.624234 [debug] [Thread-1 (]: On model.centro_psicologico.fact_evaluacion: COMMIT
[0m12:55:29.629003 [debug] [Thread-1 (]: SQL status: COMMIT in 0.002 seconds
[0m12:55:29.635773 [debug] [Thread-1 (]: Applying DROP to: "dm_centro_psicologico"."datamart"."fact_evaluacion__dbt_backup"
[0m12:55:29.638143 [debug] [Thread-1 (]: Using postgres connection "model.centro_psicologico.fact_evaluacion"
[0m12:55:29.640071 [debug] [Thread-1 (]: On model.centro_psicologico.fact_evaluacion: /* {"app": "dbt", "dbt_version": "1.12.0b1", "profile_name": "centro_psicologico", "target_name": "dev", "node_id": "model.centro_psicologico.fact_evaluacion"} */
drop table if exists "dm_centro_psicologico"."datamart"."fact_evaluacion__dbt_backup" cascade
[0m12:55:29.646229 [debug] [Thread-1 (]: SQL status: DROP TABLE in 0.004 seconds
[0m12:55:29.650153 [debug] [Thread-1 (]: On model.centro_psicologico.fact_evaluacion: Close
[0m12:55:29.652009 [debug] [Thread-1 (]: Sending event: {'category': 'dbt', 'action': 'run_model', 'label': 'fdf55102-9b2c-4f3f-8c17-dbcc5693fcea', 'context': [<snowplow_tracker.self_describing_json.SelfDescribingJson object at 0x774d8a5649d0>]}
[0m12:55:29.654316 [info ] [Thread-1 (]: 16 of 18 OK created sql table model datamart.fact_evaluacion ................... [[32mSELECT 9[0m in 0.46s]
[0m12:55:29.656849 [debug] [Thread-1 (]: Finished running node model.centro_psicologico.fact_evaluacion
[0m12:55:29.658876 [debug] [Thread-1 (]: Began running node model.centro_psicologico.fact_facturacion
[0m12:55:29.660703 [info ] [Thread-1 (]: 17 of 18 START sql table model datamart.fact_facturacion ....................... [RUN]
[0m12:55:29.664823 [debug] [Thread-1 (]: Re-using an available connection from the pool (formerly model.centro_psicologico.fact_evaluacion, now model.centro_psicologico.fact_facturacion)
[0m12:55:29.667003 [debug] [Thread-1 (]: Began compiling node model.centro_psicologico.fact_facturacion
[0m12:55:29.672105 [debug] [Thread-1 (]: Writing injected SQL for node "model.centro_psicologico.fact_facturacion"
[0m12:55:29.686759 [debug] [Thread-1 (]: Began executing node model.centro_psicologico.fact_facturacion
[0m12:55:29.692865 [debug] [Thread-1 (]: Writing runtime sql for node "model.centro_psicologico.fact_facturacion"
[0m12:55:29.712739 [debug] [Thread-1 (]: Using postgres connection "model.centro_psicologico.fact_facturacion"
[0m12:55:29.714699 [debug] [Thread-1 (]: On model.centro_psicologico.fact_facturacion: BEGIN
[0m12:55:29.716598 [debug] [Thread-1 (]: Opening a new connection, currently in state closed
[0m12:55:29.801182 [debug] [Thread-1 (]: SQL status: BEGIN in 0.085 seconds
[0m12:55:29.803356 [debug] [Thread-1 (]: Using postgres connection "model.centro_psicologico.fact_facturacion"
[0m12:55:29.805418 [debug] [Thread-1 (]: On model.centro_psicologico.fact_facturacion: /* {"app": "dbt", "dbt_version": "1.12.0b1", "profile_name": "centro_psicologico", "target_name": "dev", "node_id": "model.centro_psicologico.fact_facturacion"} */

  
    

  create  table "dm_centro_psicologico"."datamart"."fact_facturacion__dbt_tmp"
  
  
    as
  
  (
    with pagos as (
    select * from "dm_centro_psicologico"."staging"."stg_pagos"
),
sesiones as (
    select sesion_id, historia_id, psicologo_id from "dm_centro_psicologico"."staging"."stg_sesiones"
),
historias as (
    select historia_id, paciente_id from "dm_centro_psicologico"."staging"."stg_historia_clinica"
),
psicologos as (
    select psicologo_id, sede_id from "dm_centro_psicologico"."staging"."stg_psicologos"
)
select
    pg.pago_id,
    pg.sesion_id,
    pg.fecha_pago,
    h.paciente_id,
    s.psicologo_id,
    p.sede_id,
    pg.monto                        as monto_cobrado,
    pg.metodo_pago,
    pg.estado_pago,
    pg.comprobante
from pagos pg
left join sesiones   s  on pg.sesion_id   = s.sesion_id
left join historias  h  on s.historia_id  = h.historia_id
left join psicologos p  on s.psicologo_id = p.psicologo_id
where pg.estado_pago = 'PAGADO'
  );
  
[0m12:55:29.843617 [debug] [Thread-1 (]: SQL status: SELECT 45 in 0.036 seconds
[0m12:55:29.848527 [debug] [Thread-1 (]: Using postgres connection "model.centro_psicologico.fact_facturacion"
[0m12:55:29.850950 [debug] [Thread-1 (]: On model.centro_psicologico.fact_facturacion: /* {"app": "dbt", "dbt_version": "1.12.0b1", "profile_name": "centro_psicologico", "target_name": "dev", "node_id": "model.centro_psicologico.fact_facturacion"} */
alter table "dm_centro_psicologico"."datamart"."fact_facturacion" rename to "fact_facturacion__dbt_backup"
[0m12:55:29.855236 [debug] [Thread-1 (]: SQL status: ALTER TABLE in 0.002 seconds
[0m12:55:29.863373 [debug] [Thread-1 (]: Using postgres connection "model.centro_psicologico.fact_facturacion"
[0m12:55:29.865945 [debug] [Thread-1 (]: On model.centro_psicologico.fact_facturacion: /* {"app": "dbt", "dbt_version": "1.12.0b1", "profile_name": "centro_psicologico", "target_name": "dev", "node_id": "model.centro_psicologico.fact_facturacion"} */
alter table "dm_centro_psicologico"."datamart"."fact_facturacion__dbt_tmp" rename to "fact_facturacion"
[0m12:55:29.868903 [debug] [Thread-1 (]: SQL status: ALTER TABLE in 0.001 seconds
[0m12:55:29.873547 [debug] [Thread-1 (]: On model.centro_psicologico.fact_facturacion: COMMIT
[0m12:55:29.876664 [debug] [Thread-1 (]: Using postgres connection "model.centro_psicologico.fact_facturacion"
[0m12:55:29.878475 [debug] [Thread-1 (]: On model.centro_psicologico.fact_facturacion: COMMIT
[0m12:55:29.883300 [debug] [Thread-1 (]: SQL status: COMMIT in 0.003 seconds
[0m12:55:29.887470 [debug] [Thread-1 (]: Applying DROP to: "dm_centro_psicologico"."datamart"."fact_facturacion__dbt_backup"
[0m12:55:29.891018 [debug] [Thread-1 (]: Using postgres connection "model.centro_psicologico.fact_facturacion"
[0m12:55:29.892618 [debug] [Thread-1 (]: On model.centro_psicologico.fact_facturacion: /* {"app": "dbt", "dbt_version": "1.12.0b1", "profile_name": "centro_psicologico", "target_name": "dev", "node_id": "model.centro_psicologico.fact_facturacion"} */
drop table if exists "dm_centro_psicologico"."datamart"."fact_facturacion__dbt_backup" cascade
[0m12:55:29.898885 [debug] [Thread-1 (]: SQL status: DROP TABLE in 0.005 seconds
[0m12:55:29.901637 [debug] [Thread-1 (]: On model.centro_psicologico.fact_facturacion: Close
[0m12:55:29.904135 [debug] [Thread-1 (]: Sending event: {'category': 'dbt', 'action': 'run_model', 'label': 'fdf55102-9b2c-4f3f-8c17-dbcc5693fcea', 'context': [<snowplow_tracker.self_describing_json.SelfDescribingJson object at 0x774d6260d750>]}
[0m12:55:29.910524 [info ] [Thread-1 (]: 17 of 18 OK created sql table model datamart.fact_facturacion .................. [[32mSELECT 45[0m in 0.24s]
[0m12:55:29.913310 [debug] [Thread-1 (]: Finished running node model.centro_psicologico.fact_facturacion
[0m12:55:29.915581 [debug] [Thread-1 (]: Began running node model.centro_psicologico.fact_sesion
[0m12:55:29.917665 [info ] [Thread-1 (]: 18 of 18 START sql table model datamart.fact_sesion ............................ [RUN]
[0m12:55:29.919699 [debug] [Thread-1 (]: Re-using an available connection from the pool (formerly model.centro_psicologico.fact_facturacion, now model.centro_psicologico.fact_sesion)
[0m12:55:29.922945 [debug] [Thread-1 (]: Began compiling node model.centro_psicologico.fact_sesion
[0m12:55:29.930483 [debug] [Thread-1 (]: Writing injected SQL for node "model.centro_psicologico.fact_sesion"
[0m12:55:29.947057 [debug] [Thread-1 (]: Began executing node model.centro_psicologico.fact_sesion
[0m12:55:29.953712 [debug] [Thread-1 (]: Writing runtime sql for node "model.centro_psicologico.fact_sesion"
[0m12:55:29.972397 [debug] [Thread-1 (]: Using postgres connection "model.centro_psicologico.fact_sesion"
[0m12:55:29.974228 [debug] [Thread-1 (]: On model.centro_psicologico.fact_sesion: BEGIN
[0m12:55:29.975459 [debug] [Thread-1 (]: Opening a new connection, currently in state closed
[0m12:55:29.993232 [debug] [Thread-1 (]: SQL status: BEGIN in 0.018 seconds
[0m12:55:29.997573 [debug] [Thread-1 (]: Using postgres connection "model.centro_psicologico.fact_sesion"
[0m12:55:29.999116 [debug] [Thread-1 (]: On model.centro_psicologico.fact_sesion: /* {"app": "dbt", "dbt_version": "1.12.0b1", "profile_name": "centro_psicologico", "target_name": "dev", "node_id": "model.centro_psicologico.fact_sesion"} */

  
    

  create  table "dm_centro_psicologico"."datamart"."fact_sesion__dbt_tmp"
  
  
    as
  
  (
    with sesiones as (
    select * from "dm_centro_psicologico"."staging"."stg_sesiones"
),
historias as (
    select historia_id, paciente_id, tipo_historial from "dm_centro_psicologico"."staging"."stg_historia_clinica"
),
psicologos as (
    select psicologo_id, sede_id from "dm_centro_psicologico"."staging"."stg_psicologos"
)
select
    s.sesion_id,
    s.fecha_sesion,
    h.paciente_id,
    s.psicologo_id,
    p.sede_id,
    s.historia_id,
    s.nro_sesion,
    h.tipo_historial,
    s.etapa_atencion,
    s.modalidad,
    s.duracion_min,
    (s.estado_sesion = 'REALIZADA')::int    as flag_realizada,
    (s.estado_sesion = 'CANCELADA')::int    as flag_cancelada,
    (s.estado_sesion = 'NO_SHOW')::int      as flag_noshow,
    (s.nro_sesion = 1)::int                 as flag_primera_sesion,
    s.estado_sesion
from sesiones s
left join historias  h on s.historia_id  = h.historia_id
left join psicologos p on s.psicologo_id = p.psicologo_id
  );
  
[0m12:55:30.020715 [debug] [Thread-1 (]: SQL status: SELECT 52 in 0.020 seconds
[0m12:55:30.031480 [debug] [Thread-1 (]: Using postgres connection "model.centro_psicologico.fact_sesion"
[0m12:55:30.037580 [debug] [Thread-1 (]: On model.centro_psicologico.fact_sesion: /* {"app": "dbt", "dbt_version": "1.12.0b1", "profile_name": "centro_psicologico", "target_name": "dev", "node_id": "model.centro_psicologico.fact_sesion"} */
alter table "dm_centro_psicologico"."datamart"."fact_sesion" rename to "fact_sesion__dbt_backup"
[0m12:55:30.044033 [debug] [Thread-1 (]: SQL status: ALTER TABLE in 0.000 seconds
[0m12:55:30.052559 [debug] [Thread-1 (]: Using postgres connection "model.centro_psicologico.fact_sesion"
[0m12:55:30.058744 [debug] [Thread-1 (]: On model.centro_psicologico.fact_sesion: /* {"app": "dbt", "dbt_version": "1.12.0b1", "profile_name": "centro_psicologico", "target_name": "dev", "node_id": "model.centro_psicologico.fact_sesion"} */
alter table "dm_centro_psicologico"."datamart"."fact_sesion__dbt_tmp" rename to "fact_sesion"
[0m12:55:30.065785 [debug] [Thread-1 (]: SQL status: ALTER TABLE in 0.003 seconds
[0m12:55:30.070754 [debug] [Thread-1 (]: On model.centro_psicologico.fact_sesion: COMMIT
[0m12:55:30.073982 [debug] [Thread-1 (]: Using postgres connection "model.centro_psicologico.fact_sesion"
[0m12:55:30.077616 [debug] [Thread-1 (]: On model.centro_psicologico.fact_sesion: COMMIT
[0m12:55:30.084067 [debug] [Thread-1 (]: SQL status: COMMIT in 0.004 seconds
[0m12:55:30.088934 [debug] [Thread-1 (]: Applying DROP to: "dm_centro_psicologico"."datamart"."fact_sesion__dbt_backup"
[0m12:55:30.090914 [debug] [Thread-1 (]: Using postgres connection "model.centro_psicologico.fact_sesion"
[0m12:55:30.092750 [debug] [Thread-1 (]: On model.centro_psicologico.fact_sesion: /* {"app": "dbt", "dbt_version": "1.12.0b1", "profile_name": "centro_psicologico", "target_name": "dev", "node_id": "model.centro_psicologico.fact_sesion"} */
drop table if exists "dm_centro_psicologico"."datamart"."fact_sesion__dbt_backup" cascade
[0m12:55:30.100747 [debug] [Thread-1 (]: SQL status: DROP TABLE in 0.006 seconds
[0m12:55:30.103489 [debug] [Thread-1 (]: On model.centro_psicologico.fact_sesion: Close
[0m12:55:30.105381 [debug] [Thread-1 (]: Sending event: {'category': 'dbt', 'action': 'run_model', 'label': 'fdf55102-9b2c-4f3f-8c17-dbcc5693fcea', 'context': [<snowplow_tracker.self_describing_json.SelfDescribingJson object at 0x774d63febad0>]}
[0m12:55:30.106918 [info ] [Thread-1 (]: 18 of 18 OK created sql table model datamart.fact_sesion ....................... [[32mSELECT 52[0m in 0.19s]
[0m12:55:30.109843 [debug] [Thread-1 (]: Finished running node model.centro_psicologico.fact_sesion
[0m12:55:30.113356 [debug] [MainThread]: Using postgres connection "master"
[0m12:55:30.115371 [debug] [MainThread]: On master: BEGIN
[0m12:55:30.116750 [debug] [MainThread]: Opening a new connection, currently in state closed
[0m12:55:30.286198 [debug] [MainThread]: SQL status: BEGIN in 0.169 seconds
[0m12:55:30.288992 [debug] [MainThread]: On master: COMMIT
[0m12:55:30.291133 [debug] [MainThread]: Using postgres connection "master"
[0m12:55:30.293460 [debug] [MainThread]: On master: COMMIT
[0m12:55:30.295848 [debug] [MainThread]: SQL status: COMMIT in 0.000 seconds
[0m12:55:30.297684 [debug] [MainThread]: On master: Close
[0m12:55:30.299753 [debug] [MainThread]: Connection 'master' was properly closed.
[0m12:55:30.301504 [debug] [MainThread]: Connection 'model.centro_psicologico.fact_sesion' was properly closed.
[0m12:55:30.304045 [info ] [MainThread]: 
[0m12:55:30.306346 [info ] [MainThread]: Finished running 18 table models in 0 hours 0 minutes and 3.72 seconds (3.72s).
[0m12:55:30.311918 [debug] [MainThread]: Command end result
[0m12:55:30.476929 [debug] [MainThread]: Wrote artifact WritableManifest to /dbt/target/manifest.json
[0m12:55:30.493394 [debug] [MainThread]: Wrote artifact SemanticManifest to /dbt/target/semantic_manifest.json
[0m12:55:30.513708 [debug] [MainThread]: Wrote artifact RunExecutionResult to /dbt/target/run_results.json
[0m12:55:30.515828 [info ] [MainThread]: 
[0m12:55:30.518478 [info ] [MainThread]: [32mCompleted successfully[0m
[0m12:55:30.520753 [info ] [MainThread]: 
[0m12:55:30.523285 [info ] [MainThread]: Done. PASS=18 WARN=0 ERROR=0 SKIP=0 NO-OP=0 TOTAL=18
[0m12:55:30.526284 [debug] [MainThread]: Resource report: {"command_name": "run", "command_success": true, "command_wall_clock_time": 7.0724654, "process_in_blocks": "8", "process_kernel_time": 1.169134, "process_mem_max_rss": "139008", "process_out_blocks": "3336", "process_user_time": 5.112903}
[0m12:55:30.528150 [debug] [MainThread]: Command `dbt run` succeeded at 12:55:30.527990 after 7.07 seconds
[0m12:55:30.529518 [debug] [MainThread]: Sending event: {'category': 'dbt', 'action': 'invocation', 'label': 'end', 'context': [<snowplow_tracker.self_describing_json.SelfDescribingJson object at 0x774d8c8bc710>, <snowplow_tracker.self_describing_json.SelfDescribingJson object at 0x774d8c96ffd0>, <snowplow_tracker.self_describing_json.SelfDescribingJson object at 0x774d8cc54110>]}
[0m12:55:30.530721 [debug] [MainThread]: Flushing usage events
[0m12:55:31.292985 [debug] [MainThread]: An error was encountered while trying to flush usage events
[0m13:02:23.210950 [debug] [MainThread]: Sending event: {'category': 'dbt', 'action': 'invocation', 'label': 'start', 'context': [<snowplow_tracker.self_describing_json.SelfDescribingJson object at 0x70f94c909f50>, <snowplow_tracker.self_describing_json.SelfDescribingJson object at 0x70f94c96b390>, <snowplow_tracker.self_describing_json.SelfDescribingJson object at 0x70f94c80a9d0>]}


============================== 13:02:23.229900 | c15b9610-3101-4acf-9f7a-061c0787f9a7 ==============================
[0m13:02:23.229900 [info ] [MainThread]: Running with dbt=1.12.0-b1
[0m13:02:23.232957 [debug] [MainThread]: running dbt with arguments {'cache_selected_only': 'False', 'target_path': 'None', 'partial_parse': 'True', 'send_anonymous_usage_stats': 'True', 'invocation_command': 'dbt run --profiles-dir /dbt --project-dir /dbt', 'write_json': 'True', 'indirect_selection': 'eager', 'quiet': 'False', 'no_print': 'None', 'log_format': 'default', 'version_check': 'True', 'use_experimental_parser': 'False', 'static_parser': 'True', 'log_path': '/dbt/logs', 'debug': 'False', 'introspect': 'True', 'warn_error': 'None', 'log_cache_events': 'False', 'profiles_dir': '/dbt', 'use_colors': 'True', 'warn_error_options': 'WarnErrorOptionsV2(error=[], warn=[], silence=[])', 'fail_fast': 'False', 'empty': 'False', 'printer_width': '80'}
[0m13:02:23.431190 [debug] [MainThread]: Sending event: {'category': 'dbt', 'action': 'project_id', 'label': 'c15b9610-3101-4acf-9f7a-061c0787f9a7', 'context': [<snowplow_tracker.self_describing_json.SelfDescribingJson object at 0x70f94bbf39d0>]}
[0m13:02:23.505786 [debug] [MainThread]: Sending event: {'category': 'dbt', 'action': 'adapter_info', 'label': 'c15b9610-3101-4acf-9f7a-061c0787f9a7', 'context': [<snowplow_tracker.self_describing_json.SelfDescribingJson object at 0x70f94f9a8650>]}
[0m13:02:23.508855 [info ] [MainThread]: Registered adapter: postgres=1.8.2
[0m13:02:23.617193 [debug] [MainThread]: checksum: 1a7660dd75a24e23ad8c25eccbd441ee29cfe6a52c305ba0de52fcc42234c020, vars: {}, profile: centro_psicologico, target: dev, version: 1.12.0b1
[0m13:02:24.092258 [debug] [MainThread]: Partial parsing enabled: 0 files deleted, 3 files added, 0 files changed.
[0m13:02:24.095235 [debug] [MainThread]: Partial parsing: added file: centro_psicologico://models/marts/semantic_models.yml
[0m13:02:24.097838 [debug] [MainThread]: Partial parsing: added file: centro_psicologico://models/marts/exposures.yml
[0m13:02:24.099890 [debug] [MainThread]: Partial parsing: added file: centro_psicologico://models/marts/metrics.yml
[0m13:02:24.599804 [error] [MainThread]: [[31mERROR[0m]: Encountered an error:
Parsing Error
  The semantic layer requires a time spine model with granularity DAY or smaller in the project, but none was found. Guidance on creating this model can be found on our docs site (https://docs.getdbt.com/docs/build/metricflow-time-spine).
[0m13:02:24.602886 [debug] [MainThread]: Resource report: {"command_name": "run", "command_success": false, "command_wall_clock_time": 1.5937293, "process_in_blocks": "0", "process_kernel_time": 0.962825, "process_mem_max_rss": "122044", "process_out_blocks": "3216", "process_user_time": 3.309711}
[0m13:02:24.604638 [debug] [MainThread]: Command `dbt run` failed at 13:02:24.604456 after 1.60 seconds
[0m13:02:24.606129 [debug] [MainThread]: Sending event: {'category': 'dbt', 'action': 'invocation', 'label': 'end', 'context': [<snowplow_tracker.self_describing_json.SelfDescribingJson object at 0x70f94c867950>, <snowplow_tracker.self_describing_json.SelfDescribingJson object at 0x70f94c8677d0>, <snowplow_tracker.self_describing_json.SelfDescribingJson object at 0x70f94bb5f490>]}
[0m13:02:24.607442 [debug] [MainThread]: Flushing usage events
[0m13:02:25.279345 [debug] [MainThread]: An error was encountered while trying to flush usage events
